date,all,16-24,25-54,55-64,65+,less_than_hs,high_school,some_college,bachelor's_degree,advanced_degree,women,women_16-24,women_25-54,women_55-64,women_65+,women_less_than_hs,women_high_school,women_some_college,women_bachelor's_degree,women_advanced_degree,men,men_16-24,men_25-54,men_55-64,men_65+,men_less_than_hs,men_high_school,men_some_college,men_bachelor's_degree,men_advanced_degree,black,black_16-24,black_25-54,black_55-64,black_65+,black_less_than_hs,black_high_school,black_some_college,black_bachelor's_degree,black_advanced_degree,black_women,black_women_16-24,black_women_25-54,black_women_55-64,black_women_65+,black_women_less_than_hs,black_women_high_school,black_women_some_college,black_women_bachelor's_degree,black_women_advanced_degree,black_men,black_men_16-24,black_men_25-54,black_men_55-64,black_men_65+,black_men_less_than_hs,black_men_high_school,black_men_some_college,black_men_bachelor's_degree,black_men_advanced_degree,hispanic,hispanic_16-24,hispanic_25-54,hispanic_55-64,hispanic_65+,hispanic_less_than_hs,hispanic_high_school,hispanic_some_college,hispanic_bachelor's_degree,hispanic_advanced_degree,hispanic_women,hispanic_women_16-24,hispanic_women_25-54,hispanic_women_55-64,hispanic_women_65+,hispanic_women_less_than_hs,hispanic_women_high_school,hispanic_women_some_college,hispanic_women_bachelor's_degree,hispanic_women_advanced_degree,hispanic_men,hispanic_men_16-24,hispanic_men_25-54,hispanic_men_55-64,hispanic_men_65+,hispanic_men_less_than_hs,hispanic_men_high_school,hispanic_men_some_college,hispanic_men_bachelor's_degree,hispanic_men_advanced_degree,white,white_16-24,white_25-54,white_55-64,white_65+,white_less_than_hs,white_high_school,white_some_college,white_bachelor's_degree,white_advanced_degree,white_women,white_women_16-24,white_women_25-54,white_women_55-64,white_women_65+,white_women_less_than_hs,white_women_high_school,white_women_some_college,white_women_bachelor's_degree,white_women_advanced_degree,white_men,white_men_16-24,white_men_25-54,white_men_55-64,white_men_65+,white_men_less_than_hs,white_men_high_school,white_men_some_college,white_men_bachelor's_degree,white_men_advanced_degree,population_over_16
7/1/2023,3.6,7.8,3.1,2.4,2.7,7,4.8,3.4,2.4,1.7,3.5,7.1,3.1,2.3,2.7,7.5,4.9,3.5,2.4,1.7,3.6,8.5,3.1,2.5,2.7,6.7,4.7,3.4,2.4,1.7,5.8,12.5,5,3.3,3.9,12.6,7.9,5.2,3.4,2.1,5.8,12.4,5.1,3.1,3.9,13.9,8.3,5.1,3.8,2,5.8,12.6,5,3.5,3.9,11.5,7.5,5.4,2.9,2.3,4.4,8.5,3.6,3.4,3.9,5.9,5.2,3.8,2.9,1.7,4.3,7.6,3.6,3.6,3.3,6.4,5.1,4,2.9,1.9,4.4,9.3,3.6,3.2,4.2,5.6,5.2,3.6,2.9,1.5,2.8,6.3,2.5,2,2.5,6.9,3.8,2.9,2.1,1.6,2.7,5.6,2.4,2,2.5,6.8,3.7,2.9,2.1,1.5,2.9,7,2.5,2.1,2.4,7,3.8,2.8,2.1,1.6,267002000
6/1/2023,3.6,7.8,3.1,2.4,2.8,7.1,4.8,3.4,2.4,1.7,3.5,7.1,3.1,2.3,2.8,7.5,4.9,3.4,2.4,1.7,3.6,8.5,3,2.5,2.8,6.8,4.7,3.4,2.4,1.7,5.8,12.3,5.1,3.2,3.9,12.8,7.9,5.2,3.4,2.1,5.8,12.1,5.2,2.9,4.1,14.4,8.3,5.1,3.7,2,5.8,12.4,5,3.4,3.7,11.4,7.5,5.3,3,2.2,4.4,8.5,3.6,3.4,4,6,5.1,3.8,2.7,1.8,4.3,7.7,3.6,3.5,3.3,6.3,5.1,4,2.8,2.2,4.4,9.2,3.5,3.3,4.4,5.8,5.1,3.6,2.7,1.5,2.8,6.3,2.4,2.1,2.5,6.9,3.8,2.8,2.1,1.6,2.7,5.6,2.4,2,2.6,6.7,3.7,2.8,2.2,1.6,2.9,7,2.5,2.1,2.5,7,3.8,2.9,2.1,1.6,266801000
5/1/2023,3.6,7.9,3,2.4,2.8,7.1,4.8,3.4,2.4,1.7,3.5,7.2,3.1,2.4,2.8,7.6,4.9,3.4,2.5,1.7,3.6,8.5,3,2.5,2.8,6.7,4.7,3.4,2.4,1.7,5.8,12.2,5.1,3.1,3.9,12.3,7.7,5.3,3.4,2,5.8,11.7,5.2,2.9,4.1,13.6,8,5.3,3.8,2,5.8,12.8,4.9,3.2,3.7,11.2,7.5,5.4,3,2.1,4.4,8.5,3.6,3.4,3.8,6,5.1,3.7,2.8,1.9,4.4,7.9,3.6,3.7,3.1,6.4,5.1,3.9,2.9,2.2,4.4,9.1,3.5,3.3,4.4,5.8,5.1,3.5,2.7,1.4,2.9,6.4,2.4,2.1,2.5,7,3.8,2.8,2.1,1.6,2.8,5.8,2.4,2.1,2.6,7.1,3.8,2.8,2.2,1.6,2.9,7,2.5,2.1,2.5,6.9,3.8,2.9,2.1,1.6,266618000
4/1/2023,3.6,7.9,3,2.4,2.8,7.1,4.8,3.4,2.4,1.7,3.5,7.2,3.1,2.4,2.8,7.6,4.9,3.4,2.5,1.7,3.6,8.5,3,2.5,2.8,6.8,4.7,3.4,2.3,1.7,5.8,12.3,5.1,3.1,3.8,12.1,7.6,5.4,3.5,1.9,5.8,11.9,5.2,2.9,4.1,13.3,8,5.4,3.9,1.9,5.8,12.7,4.9,3.2,3.6,11.2,7.3,5.5,3.1,2,4.4,8.7,3.6,3.4,4,6.1,5,3.8,2.9,1.9,4.5,8.1,3.7,3.7,3.3,6.6,5.2,4.1,3,2.3,4.4,9.2,3.5,3.1,4.6,5.8,4.9,3.4,2.7,1.5,2.9,6.4,2.4,2.1,2.5,7,3.8,2.8,2.1,1.6,2.7,5.8,2.4,2.1,2.6,7,3.8,2.8,2.2,1.5,2.9,7,2.5,2.2,2.5,6.9,3.8,2.9,2.1,1.6,266443000
3/1/2023,3.6,8,3,2.5,2.8,7.1,4.8,3.5,2.4,1.7,3.5,7.3,3.1,2.4,2.8,7.5,5,3.5,2.5,1.7,3.6,8.7,3,2.5,2.8,6.8,4.7,3.5,2.4,1.7,5.9,12.7,5.1,3.2,4,12,7.7,5.6,3.6,1.9,5.8,12.2,5.2,3.2,4.3,13,8,5.5,4,1.9,5.9,13.1,5,3.3,3.6,11.1,7.4,5.7,3.3,2,4.4,8.7,3.5,3.4,4.1,6.1,5,3.8,2.8,1.9,4.4,8,3.7,3.6,3.4,6.5,5.2,4.1,2.9,2.5,4.3,9.3,3.4,3.2,4.7,6,4.8,3.4,2.7,1.3,2.9,6.5,2.4,2.2,2.5,6.9,3.9,2.9,2.1,1.6,2.8,5.9,2.4,2.1,2.6,7.1,3.9,2.8,2.2,1.5,3,7.1,2.5,2.2,2.5,6.8,3.9,2.9,2.1,1.7,266272000
2/1/2023,3.6,8.1,3,2.4,2.9,7.2,4.8,3.5,2.4,1.7,3.5,7.4,3.1,2.4,2.9,7.7,5,3.5,2.4,1.7,3.6,8.8,3,2.5,2.9,6.8,4.7,3.4,2.4,1.7,5.9,13,5.1,3.3,4.1,12.4,7.7,5.7,3.6,2,6,12.8,5.2,3.3,4.4,13.7,8.1,5.8,3.9,1.9,5.9,13.2,5,3.3,3.8,11.3,7.5,5.6,3.2,2.1,4.3,8.6,3.5,3.2,4,6.2,4.9,3.8,2.7,1.9,4.4,7.8,3.7,3.4,3.5,6.5,5.1,4.1,2.7,2.4,4.3,9.4,3.4,3.1,4.3,6,4.7,3.5,2.6,1.3,2.9,6.6,2.4,2.2,2.6,7,3.9,2.8,2.1,1.6,2.8,5.9,2.4,2.1,2.6,7.4,4,2.8,2.1,1.5,3,7.2,2.5,2.2,2.6,6.8,3.9,2.9,2.1,1.7,266112000
1/1/2023,3.6,8.1,3.1,2.5,2.9,7.1,4.9,3.5,2.4,1.7,3.6,7.4,3.1,2.4,2.8,7.7,5.1,3.6,2.4,1.7,3.6,8.7,3,2.5,3,6.7,4.7,3.4,2.4,1.7,6,12.9,5.3,3.4,4.2,12.3,8.1,5.6,3.6,2.1,6.1,12.9,5.3,3.4,4.6,13,8.4,5.8,4,2,6,12.9,5.2,3.4,3.9,11.8,7.7,5.5,3.1,2.2,4.3,8.4,3.4,3.3,4,6.1,4.7,3.8,2.6,1.8,4.4,7.8,3.7,3.2,3.3,6.7,5.1,4.1,2.6,2.3,4.2,9,3.2,3.4,4.5,5.8,4.5,3.4,2.7,1.3,2.9,6.7,2.5,2.2,2.6,7,4,2.9,2.1,1.6,2.8,6,2.4,2.1,2.5,7.5,4,2.9,2.1,1.5,3,7.4,2.5,2.2,2.7,6.7,4,3,2.1,1.7,265962000
12/1/2022,3.6,8.1,3.1,2.5,3,7.2,4.9,3.6,2.4,1.7,3.6,7.5,3.2,2.5,2.8,7.9,5.1,3.6,2.5,1.7,3.7,8.8,3.1,2.6,3.1,6.8,4.8,3.5,2.4,1.7,6.2,13.2,5.4,3.5,4.4,13.1,8.3,5.6,3.7,2,6.2,13.3,5.4,3.5,4.6,13.2,8.6,5.9,4.2,1.9,6.1,13,5.3,3.5,4.1,12.9,8,5.3,3.1,2.3,4.3,8.3,3.4,3.4,3.8,6.1,4.6,3.8,2.6,1.8,4.4,7.7,3.8,3.3,3.2,7,5.2,4.1,2.6,2.2,4.1,8.8,3.2,3.5,4.2,5.7,4.3,3.6,2.7,1.5,3,6.6,2.5,2.2,2.7,7.1,4,3,2.1,1.6,2.8,5.9,2.4,2.2,2.5,7.4,4,2.9,2.1,1.5,3.1,7.4,2.6,2.2,2.8,6.8,4.1,3,2.2,1.7,264844000
11/1/2022,3.7,8.1,3.2,2.6,2.9,7.3,5,3.6,2.5,1.7,3.6,7.4,3.2,2.6,2.8,8,5.1,3.7,2.5,1.6,3.7,8.8,3.1,2.6,3,6.9,4.9,3.5,2.4,1.7,6.3,13.3,5.5,3.5,4.5,13.1,8.5,5.7,3.6,2.1,6.2,13.6,5.4,3.6,4.5,13.1,8.7,6.1,4.1,2,6.3,12.9,5.5,3.5,4.6,13,8.3,5.3,3.1,2.3,4.3,8.3,3.5,3.5,3.8,6.2,4.7,3.9,2.6,1.8,4.5,7.7,4,3.5,3.2,7.5,5.2,4.1,2.7,2.2,4.1,8.8,3.1,3.5,4.1,5.6,4.3,3.6,2.6,1.4,3,6.6,2.6,2.3,2.7,7.1,4.1,3,2.2,1.6,2.8,5.7,2.5,2.3,2.5,7.4,4,3,2.1,1.5,3.1,7.5,2.6,2.2,2.8,6.9,4.1,3,2.2,1.7,264708000
10/1/2022,3.7,8.1,3.2,2.7,3,7.4,5.1,3.6,2.5,1.7,3.7,7.5,3.2,2.7,2.8,8.1,5.2,3.7,2.5,1.6,3.8,8.8,3.2,2.6,3,6.9,4.9,3.5,2.5,1.7,6.3,13.5,5.5,3.6,4.5,13.4,8.7,5.7,3.6,2,6.3,13.9,5.4,3.8,4.4,13.1,8.9,6.1,4.1,1.9,6.4,13.2,5.7,3.4,4.6,13.5,8.5,5.4,3,2.1,4.4,8.3,3.6,3.6,4,6.3,4.8,3.9,2.8,1.8,4.7,7.9,4.1,3.8,3.4,7.7,5.5,4.1,2.8,2.2,4.1,8.6,3.2,3.4,4.4,5.6,4.3,3.6,2.8,1.4,3,6.6,2.6,2.3,2.6,7.1,4.1,3,2.2,1.5,2.9,5.7,2.5,2.4,2.5,7.3,4,3,2.2,1.5,3.1,7.4,2.7,2.3,2.7,7,4.2,3,2.2,1.7,264535000
9/1/2022,3.8,8.2,3.3,2.7,3.1,7.5,5.1,3.7,2.6,1.7,3.8,7.5,3.3,2.8,3,8.3,5.4,3.8,2.6,1.6,3.8,8.8,3.2,2.7,3.1,7,5,3.7,2.5,1.7,6.5,13.4,5.7,3.6,4.6,13.7,8.8,5.9,3.7,2,6.3,13.6,5.5,3.7,4.6,12.9,8.9,6.2,4.1,2,6.6,13.2,6,3.6,4.7,14.3,8.8,5.5,3.3,2.1,4.5,8.5,3.7,3.6,4.1,6.4,4.9,4,2.9,1.9,4.9,8.2,4.3,3.9,3.5,8,5.8,4.2,2.9,2.2,4.2,8.7,3.3,3.4,4.5,5.6,4.3,3.9,3,1.5,3,6.6,2.6,2.4,2.7,7.3,4.2,3.1,2.2,1.5,2.9,5.6,2.5,2.4,2.6,7.5,4.1,3.1,2.2,1.5,3.2,7.5,2.7,2.4,2.8,7,4.2,3.1,2.2,1.6,264356000
8/1/2022,3.9,8.2,3.4,2.8,3.2,7.5,5.3,3.9,2.6,1.7,3.9,7.5,3.4,2.9,3.1,8.4,5.5,3.9,2.6,1.7,3.9,8.9,3.4,2.8,3.2,7,5.1,3.8,2.6,1.7,6.6,13.4,5.9,3.8,4.6,14,9,6,3.7,2.1,6.4,13.4,5.7,3.9,4.5,12.9,9.1,6.3,4,2.1,6.8,13.5,6.1,3.6,4.7,15,9,5.6,3.4,2,4.7,8.7,3.9,3.7,4.3,6.5,5.2,4.2,3.1,2,5.1,8.4,4.4,4,3.8,8.2,6.1,4.3,3,2.3,4.4,8.9,3.5,3.4,4.7,5.6,4.6,4.2,3.2,1.6,3.1,6.5,2.7,2.5,2.8,7.3,4.2,3.2,2.3,1.6,3,5.6,2.6,2.5,2.7,7.6,4.2,3.2,2.2,1.5,3.2,7.5,2.8,2.5,2.8,7,4.3,3.2,2.3,1.6,264184000
7/1/2022,4,8.4,3.5,2.9,3.3,7.7,5.4,4,2.7,1.7,4,7.7,3.5,2.9,3.2,8.6,5.6,4.1,2.7,1.7,4.1,9,3.5,2.9,3.3,7.1,5.3,4,2.8,1.8,6.8,13.8,6.1,4,4.6,14.4,9.3,6.3,3.9,2.1,6.6,13.8,5.8,4.1,4.2,13.1,9.3,6.5,4.2,2.1,7.1,13.8,6.4,4,4.9,15.5,9.3,6.1,3.5,2,4.8,8.7,4.1,3.7,4.7,6.4,5.3,4.4,3.3,2,5.2,8.6,4.6,4,4.3,8.4,6.2,4.5,3.2,2.2,4.5,8.9,3.7,3.4,4.9,5.4,4.8,4.4,3.3,1.7,3.2,6.7,2.8,2.6,2.9,7.4,4.3,3.3,2.3,1.6,3.1,5.8,2.7,2.5,2.9,7.8,4.3,3.3,2.3,1.5,3.3,7.5,2.9,2.6,2.9,7.1,4.3,3.3,2.4,1.7,264012000
6/1/2022,4.2,8.5,3.7,3.1,3.4,7.9,5.6,4.2,2.9,1.8,4.1,7.8,3.7,3.1,3.4,8.9,5.8,4.2,2.8,1.7,4.2,9.2,3.7,3.1,3.4,7.2,5.5,4.2,2.9,1.8,7.1,13.9,6.3,4.4,4.8,14.6,9.5,6.6,3.9,2.2,6.8,13.8,6,4.5,4.5,13.1,9.6,6.8,4.2,2.2,7.4,13.9,6.7,4.4,5.1,15.9,9.5,6.5,3.5,2.2,5,8.9,4.3,3.8,4.9,6.6,5.6,4.6,3.5,1.9,5.4,8.7,4.8,4.3,4.5,8.9,6.4,4.6,3.6,2,4.7,9,3.9,3.4,5.1,5.5,5.1,4.5,3.5,1.8,3.3,6.8,2.9,2.7,3,7.6,4.5,3.5,2.4,1.7,3.2,5.8,2.8,2.6,3,7.9,4.5,3.5,2.4,1.6,3.5,7.8,3,2.7,3,7.4,4.5,3.5,2.5,1.8,263835000
5/1/2022,4.4,8.6,3.9,3.3,3.6,8.1,5.9,4.4,3,1.9,4.3,7.9,3.9,3.3,3.6,9,6.1,4.5,3,1.8,4.4,9.4,3.9,3.3,3.6,7.5,5.8,4.4,3,1.9,7.4,14.1,6.6,4.7,5,15.3,9.9,7,4.1,2.4,7,14.2,6.1,4.9,4.5,13.6,9.9,7,4.3,2.4,7.8,13.9,7.2,4.6,5.6,16.8,9.8,6.9,3.8,2.6,5.3,9,4.6,3.9,5.3,6.9,5.9,4.8,3.8,2,5.7,8.8,5.2,4.4,5,9.1,6.7,5,3.9,2.1,4.9,9.2,4.1,3.6,5.5,5.7,5.4,4.7,3.7,1.9,3.5,6.9,3.1,2.8,3.2,7.7,4.7,3.7,2.5,1.7,3.3,5.9,3,2.8,3.2,7.9,4.7,3.6,2.5,1.6,3.6,7.9,3.1,2.9,3.1,7.5,4.7,3.7,2.6,1.8,263679000
4/1/2022,4.5,8.8,4.1,3.4,3.8,8.3,6.1,4.7,3.1,1.9,4.4,8,4,3.5,3.8,9.1,6.2,4.7,3.1,1.9,4.6,9.6,4.1,3.4,3.8,7.7,6,4.6,3.2,2,7.6,14.5,6.9,4.8,5.4,15.7,10.2,7.3,4.2,2.6,7.2,14.4,6.3,4.9,4.6,14,9.9,7.3,4.4,2.6,8.1,14.6,7.6,4.7,6.2,17.2,10.4,7.2,3.9,2.7,5.5,9.3,4.8,4.3,5.4,7,6.2,5.1,3.9,2.1,5.9,9.1,5.4,4.8,5.3,9.2,7,5.2,4.1,2.1,5.2,9.4,4.4,3.8,5.5,5.9,5.7,5,3.8,2,3.6,7,3.2,3,3.3,7.9,4.8,3.8,2.7,1.8,3.4,5.9,3.1,2.9,3.5,7.9,4.7,3.8,2.6,1.7,3.7,8,3.3,3,3.3,7.9,4.9,3.8,2.7,1.8,263559000
3/1/2022,4.7,9,4.3,3.6,4,8.6,6.4,4.9,3.3,2,4.6,8.2,4.2,3.6,4,9.5,6.4,4.9,3.3,2,4.8,9.8,4.3,3.6,3.9,8,6.3,4.9,3.3,2,7.9,14.7,7.3,4.9,5.6,16.7,10.5,7.5,4.4,2.9,7.4,14.8,6.7,4.8,4.9,15,10.3,7.5,4.6,2.8,8.4,14.7,7.9,4.9,6.5,18.3,10.6,7.5,4.2,2.9,5.8,9.7,5,4.8,5.6,7.4,6.5,5.4,4.2,2.2,6.2,9.5,5.6,5.3,5.5,9.7,7.2,5.5,4.4,2.1,5.5,9.9,4.7,4.3,5.6,6.2,6.1,5.3,3.9,2.2,3.7,7.1,3.3,3.1,3.5,8,5,4,2.8,1.8,3.6,6,3.2,3.1,3.7,8,4.9,4,2.8,1.7,3.9,8.2,3.5,3.1,3.3,8,5.1,4.1,2.8,1.9,263444000
2/1/2022,5,9.3,4.5,3.8,4.1,8.8,6.6,5.1,3.4,2.1,4.8,8.4,4.4,3.8,4.2,9.7,6.7,5.1,3.5,2.1,5.1,10.1,4.5,3.8,4.1,8.3,6.5,5.2,3.4,2.1,8.2,14.8,7.6,4.9,6,16.9,10.9,7.8,4.6,3,7.7,14.7,6.9,4.9,5.4,14.5,10.9,7.6,4.8,3,8.8,15,8.4,4.9,6.8,19.1,10.9,8,4.5,2.9,6.1,10.2,5.3,5.1,5.7,7.6,6.9,5.8,4.4,2.4,6.5,9.9,5.9,5.5,5.6,10.1,7.5,5.8,4.6,2.3,5.8,10.4,5,4.8,5.7,6.4,6.5,5.8,4.2,2.4,3.9,7.3,3.5,3.2,3.6,8.2,5.1,4.2,2.9,1.9,3.7,6.2,3.4,3.2,3.8,8,5,4.1,3,1.9,4.1,8.3,3.6,3.2,3.5,8.4,5.2,4.3,2.9,1.9,263324000
1/1/2022,5.2,9.5,4.7,4,4.3,9.2,6.8,5.3,3.6,2.3,5,8.6,4.6,4,4.4,10,6.9,5.3,3.6,2.3,5.3,10.3,4.7,4,4.2,8.8,6.8,5.4,3.6,2.2,8.4,15.1,7.9,5.2,6.2,17.3,11.1,8.1,4.8,3.3,7.8,14.5,7.2,5.1,5.8,15,10.9,7.9,4.8,3.4,9.1,15.6,8.6,5.3,6.7,19.3,11.3,8.3,4.9,3.1,6.5,10.6,5.7,5.5,6,8.2,7.2,6.1,4.7,2.6,6.8,10.2,6.2,5.8,6,10.6,7.8,6,4.9,2.7,6.2,10.9,5.3,5.2,5.9,6.9,6.9,6.1,4.4,2.6,4,7.4,3.6,3.4,3.8,8.5,5.3,4.3,3.1,2,3.9,6.3,3.5,3.4,4,8,5.2,4.2,3.1,2,4.2,8.5,3.8,3.4,3.6,8.9,5.4,4.4,3.1,2,263202000
12/1/2021,5.3,9.7,4.9,4.2,4.4,9.5,7.1,5.5,3.8,2.4,5.2,8.9,4.8,4.2,4.6,10.3,7.2,5.5,3.8,2.5,5.5,10.5,4.9,4.2,4.3,9,7.1,5.6,3.7,2.3,8.6,14.9,8.2,5.4,6.5,17.1,11.3,8.3,5.2,3.6,8,14.4,7.4,5.2,6.1,15.1,11,8,5,3.8,9.3,15.5,9,5.6,6.9,18.9,11.6,8.6,5.4,3.4,6.8,11,5.9,5.8,6.2,8.5,7.6,6.5,4.8,3,7.2,10.8,6.5,6.1,6.3,10.9,8.2,6.4,5.1,3.1,6.5,11.3,5.6,5.6,6.1,7.2,7.2,6.5,4.5,2.8,4.2,7.7,3.8,3.5,3.9,8.8,5.5,4.5,3.2,2.1,4,6.6,3.6,3.5,4.1,8.4,5.4,4.4,3.3,2.1,4.4,8.7,3.9,3.6,3.7,9.1,5.6,4.6,3.2,2.1,262136000
11/1/2021,5.6,10.1,5.1,4.5,4.7,9.8,7.4,5.8,3.9,2.6,5.4,9.3,5,4.4,4.9,10.6,7.5,5.7,4,2.6,5.7,10.9,5.1,4.5,4.6,9.3,7.3,5.9,3.9,2.5,8.9,15.2,8.3,5.7,7.1,17.5,11.6,8.5,5.3,3.9,8.2,14.4,7.5,5.5,6.9,15.7,11.2,8.1,5,4.2,9.6,16.2,9.2,5.8,7.2,19.1,11.9,9.1,5.6,3.4,7.2,11.5,6.3,6.2,6.5,8.8,8.1,6.9,5.1,3.2,7.6,11.3,6.8,6.4,6.7,11.1,8.8,6.8,5.3,3.2,6.9,11.7,6,6.1,6.4,7.6,7.6,7,4.8,3.1,4.4,8,3.9,3.7,4.1,9.1,5.8,4.7,3.4,2.3,4.2,7,3.8,3.7,4.4,8.7,5.7,4.6,3.4,2.2,4.6,9,4.1,3.8,4,9.3,5.8,4.8,3.3,2.3,262029000
10/1/2021,5.8,10.3,5.3,4.7,4.9,10.1,7.6,6,4.1,2.7,5.6,9.4,5.2,4.6,5.1,11,7.6,5.9,4.1,2.8,5.9,11.2,5.3,4.8,4.8,9.5,7.6,6.2,4.1,2.6,9.2,15.4,8.6,6.1,7.5,17.5,11.9,8.9,5.5,4.1,8.4,14.5,7.8,5.9,7,16.3,11.3,8.5,5.1,4.3,10,16.5,9.5,6.4,8.1,18.6,12.3,9.5,6,3.8,7.5,11.9,6.6,6.6,6.6,9.1,8.3,7.2,5.3,3.5,7.8,11.5,7.1,6.7,6.9,11.5,8.9,7.1,5.6,3.4,7.2,12.2,6.3,6.5,6.5,7.9,8,7.3,5,3.5,4.6,8.2,4.1,3.9,4.3,9.3,5.9,4.9,3.5,2.4,4.4,7.2,3.9,3.8,4.6,9,5.8,4.8,3.6,2.3,4.8,9.2,4.3,4,4.1,9.5,6,5.1,3.5,2.4,261908000
9/1/2021,6,10.6,5.5,4.9,5.1,10.2,7.8,6.3,4.3,2.8,5.8,9.7,5.3,4.7,5.3,11.1,7.8,6.2,4.3,2.9,6.1,11.5,5.6,5,4.9,9.7,7.9,6.4,4.2,2.8,9.4,16,8.8,6.3,7.8,17.9,12.2,9.2,5.6,4.4,8.6,14.9,7.9,6.1,7.3,16.9,11.6,8.7,5.1,4.4,10.2,17.2,9.7,6.5,8.3,18.8,12.6,9.7,6.1,4.2,7.7,12.1,6.9,7,6.8,9.4,8.7,7.4,5.6,3.6,8,11.5,7.3,7.2,7,11.7,9,7.4,5.9,3.5,7.5,12.5,6.5,6.8,6.7,8.2,8.5,7.5,5.2,3.8,4.7,8.5,4.3,4,4.5,9.3,6.1,5.1,3.7,2.5,4.5,7.4,4,3.9,4.8,9,5.9,5,3.7,2.4,4.9,9.5,4.4,4.1,4.2,9.5,6.3,5.3,3.6,2.5,261766000
8/1/2021,6.2,11,5.7,5.1,5.4,10.6,8.1,6.6,4.5,3,6.1,10.1,5.6,5,5.7,11.5,8.1,6.6,4.6,2.9,6.4,11.8,5.8,5.2,5.1,10,8.2,6.6,4.4,3,9.7,16.6,9.1,6.6,8.2,18.1,12.5,9.6,5.8,4.6,9,15.6,8.2,6.3,7.9,17.5,11.9,9.2,5.3,4.5,10.6,17.7,10,6.9,8.5,18.7,13,10,6.5,4.7,8.1,12.5,7.1,7.5,7.4,9.7,9,7.8,6,3.7,8.5,12.1,7.7,7.7,7.8,12.1,9.5,8,6.4,3.6,7.8,12.8,6.7,7.3,7.1,8.4,8.7,7.7,5.5,3.9,4.9,8.8,4.4,4.2,4.7,9.6,6.4,5.4,3.9,2.6,4.7,7.8,4.2,4.2,5.1,9.2,6.1,5.3,4,2.5,5.1,9.8,4.6,4.3,4.4,9.9,6.5,5.5,3.7,2.7,261611000
7/1/2021,6.5,11.4,5.9,5.4,5.7,11,8.5,6.9,4.7,3.1,6.4,10.5,5.9,5.4,6.1,11.9,8.5,6.9,4.9,3.1,6.6,12.2,6,5.4,5.4,10.3,8.5,6.9,4.6,3.1,10.1,17,9.3,7,8.7,18.7,12.9,9.9,6.1,4.7,9.3,15.7,8.6,6.7,8.4,17.9,12.3,9.7,5.4,4.6,10.9,18.3,10.2,7.2,9.1,19.5,13.4,10.2,6.9,4.8,8.4,12.9,7.5,8,8,10,9.4,8.2,6.4,4.1,8.9,12.6,8,8,8.9,12.5,9.9,8.4,6.7,3.9,8.1,13.1,7,8,7.4,8.8,9.1,8,6,4.3,5.1,9.2,4.6,4.5,5,10,6.6,5.6,4.1,2.7,5,8.1,4.4,4.5,5.3,9.6,6.4,5.5,4.3,2.7,5.3,10.2,4.8,4.4,4.7,10.2,6.7,5.7,3.9,2.8,261469000
6/1/2021,6.9,12.1,6.3,5.8,6.1,11.4,8.9,7.4,5.1,3.4,6.9,11.3,6.2,5.8,6.6,12.4,9,7.4,5.4,3.4,7,12.9,6.3,5.7,5.6,10.8,8.8,7.3,4.8,3.4,10.6,17.8,9.8,7.3,9.4,19.1,13.5,10.4,6.7,4.9,9.8,16.4,9,7.1,8.9,17.9,12.9,10.3,6,4.7,11.4,19.3,10.6,7.6,9.8,20.2,14,10.5,7.5,5.4,9,13.7,7.9,8.7,8.4,10.5,9.9,8.9,6.8,4.5,9.5,13.6,8.5,8.7,9.5,13,10.5,9.3,7.2,4.3,8.6,13.8,7.4,8.7,7.7,9.2,9.6,8.5,6.4,4.6,5.5,9.8,4.9,4.8,5.2,10.4,6.9,6,4.4,2.9,5.4,8.8,4.8,4.9,5.8,10.1,6.8,6,4.7,2.8,5.6,10.7,5,4.6,4.8,10.6,7,6.1,4.1,3,261338000
5/1/2021,7.4,13,6.6,6.2,6.5,12.1,9.4,7.9,5.5,3.6,7.4,12.4,6.6,6.3,7.1,13.1,9.5,8,5.8,3.6,7.3,13.7,6.6,6.1,6,11.4,9.3,7.7,5.1,3.6,11,18.9,10.2,7.7,9.8,19.5,14.1,10.9,7.1,5,10.2,17.4,9.4,7.3,9.5,17.9,13.5,10.9,6.5,4.7,11.9,20.6,11,8.1,10.1,21.1,14.7,11,7.8,5.6,9.6,14.8,8.4,9.2,8.9,11.1,10.5,9.7,7.4,4.7,10.1,14.8,9.1,9.3,9.7,13.7,11.1,10.1,7.8,4.4,9.1,14.9,7.9,9.2,8.4,9.8,10.1,9.3,7,5,5.8,10.5,5.2,5.1,5.6,11.1,7.2,6.5,4.8,3.1,5.8,9.8,5.1,5.4,6.3,11,7.2,6.5,5.2,3.1,5.8,11.3,5.3,4.9,5.1,11.1,7.3,6.4,4.3,3.2,261210000
4/1/2021,8,14.3,7.1,6.7,7.1,13.2,10.1,8.6,5.9,3.8,8.1,13.7,7.3,6.9,7.9,14.6,10.5,8.9,6.4,3.9,7.8,14.8,7,6.5,6.5,12.3,9.9,8.3,5.4,3.8,11.7,20.1,10.7,8.4,10.2,20.9,15,11.6,7.4,5.3,11,18.8,10.1,8.1,10.2,19.6,14.7,11.7,6.9,5,12.4,21.5,11.4,8.7,10.2,22.2,15.2,11.5,8.2,5.7,10.4,16.3,9.1,9.8,10,12.2,11.3,10.6,8.2,5,11.1,16.3,9.9,9.9,10.7,15.1,12,11.2,8.7,4.8,9.9,16.2,8.6,9.7,9.5,10.7,10.8,10.1,7.7,5.3,6.4,11.6,5.6,5.6,6.2,12.1,7.9,7.1,5.1,3.4,6.5,11,5.6,6,7.1,12.4,8.1,7.3,5.7,3.3,6.3,12.2,5.6,5.3,5.5,11.8,7.8,6.9,4.6,3.4,261103000
3/1/2021,8.7,15.5,7.8,7.3,8,14.3,11,9.5,6.4,4.1,9,15.3,8,7.7,8.9,16.1,11.6,9.9,7,4.2,8.4,15.8,7.6,7,7.3,13.2,10.6,9.1,5.8,4,12.3,21.1,11.2,9,10.9,21.5,15.9,12.3,7.9,5.3,11.7,20,10.7,8.9,10.8,20.7,15.7,12.5,7.2,5.1,12.9,22.4,11.9,9.2,11.1,22.3,16,12.1,8.7,5.6,11.3,17.5,10,10.4,11.3,13.1,12.3,11.6,8.9,5.4,12.2,17.9,10.8,10.7,12.6,16.4,13.3,12.3,9.4,5,10.7,17.1,9.4,10.2,10.3,11.4,11.7,10.9,8.3,5.8,7,12.9,6.2,6.2,7.1,13.4,8.8,8,5.6,3.7,7.3,12.7,6.3,6.8,8.1,14.1,9.2,8.3,6.3,3.8,6.8,13.2,6.1,5.8,6.3,12.9,8.5,7.6,4.9,3.7,261003000
2/1/2021,8.5,15.5,7.6,7.2,7.9,14.3,10.8,9.3,6.3,4.1,8.8,15.3,7.8,7.6,8.7,16.2,11.4,9.8,6.8,4.1,8.3,15.6,7.4,6.9,7.2,13.1,10.4,8.8,5.7,4,12.1,21.2,10.9,9.1,10.7,21.4,15.7,12,7.6,5.2,11.5,20.1,10.4,8.8,10.2,20.5,15.4,12.2,7,4.9,12.7,22.5,11.5,9.3,11.3,22.4,15.9,11.7,8.4,5.5,11.1,17.5,9.8,10.3,11.3,13.1,12.1,11.3,8.7,5.3,12,18.1,10.7,10.7,12.4,16.5,13.2,12.1,9.4,4.8,10.5,17,9.1,9.9,10.4,11.4,11.4,10.6,8,5.8,6.9,12.8,6.1,6.1,7,13.3,8.6,7.8,5.5,3.7,7.2,12.6,6.2,6.7,8,14.3,9,8.2,6.2,3.7,6.7,13,6,5.7,6.3,12.6,8.3,7.5,4.8,3.7,260918000
1/1/2021,8.3,15.2,7.4,7,7.7,13.9,10.5,9,6.1,3.9,8.6,15.1,7.6,7.4,8.6,15.8,11.1,9.5,6.7,4,8,15.3,7.2,6.6,7,12.7,10.1,8.6,5.5,3.9,11.7,21,10.6,8.6,10.4,21,15.3,11.6,7.3,4.8,11.1,20,10,8.5,9.7,19.9,15.1,11.8,6.8,4.6,12.4,22.2,11.2,8.7,11.3,22,15.5,11.5,8,5.2,10.8,17.2,9.4,9.9,10.9,12.7,11.7,10.9,8.4,5,11.7,18,10.3,10.3,12.3,16,12.8,11.8,9.2,4.6,10.1,16.4,8.8,9.6,9.9,11,11,10.2,7.6,5.4,6.7,12.5,5.9,6,6.9,12.9,8.3,7.6,5.4,3.6,7,12.3,6,6.5,7.8,14.1,8.7,8,6,3.6,6.5,12.7,5.8,5.5,6.1,12.2,8.1,7.3,4.7,3.6,260851000
12/1/2020,8.1,14.9,7.1,6.7,7.5,13.6,10.2,8.8,5.9,3.8,8.3,14.8,7.3,7.1,8.3,15.3,10.8,9.3,6.4,3.8,7.8,15,6.9,6.4,6.9,12.5,9.8,8.3,5.3,3.8,11.5,21,10.2,8.3,9.9,20.8,15,11.4,6.8,4.6,10.9,20,9.7,8.3,9,19.5,14.8,11.6,6.4,4.4,12.1,22.1,10.8,8.3,11,22.1,15.2,11.1,7.4,4.9,10.4,16.7,9.1,9.5,10.8,12.5,11.3,10.5,8.2,4.7,11.4,17.5,9.9,9.8,12.1,15.4,12.4,11.4,9,4.3,9.7,16,8.4,9.2,9.8,10.9,10.6,9.6,7.4,5.2,6.5,12.3,5.7,5.8,6.6,12.5,8.1,7.4,5.2,3.5,6.8,12.1,5.8,6.3,7.6,13.5,8.5,7.8,5.8,3.5,6.3,12.4,5.6,5.3,5.9,11.8,7.8,7,4.6,3.5,261230000
11/1/2020,7.8,14.6,6.9,6.4,7.2,13.3,9.8,8.4,5.7,3.7,8.1,14.5,7.1,6.9,7.9,14.8,10.4,8.9,6.2,3.7,7.5,14.7,6.7,6,6.6,12.3,9.4,7.9,5.2,3.6,11.1,20.5,9.9,7.9,9.3,20.2,14.7,10.9,6.6,4.5,10.6,19.4,9.5,7.9,8.5,18.5,14.5,11.2,6.3,4.2,11.7,21.6,10.4,8,10.4,22,14.8,10.6,7,4.9,10,16.3,8.6,9,10.4,12.1,10.6,10.1,7.9,4.6,11,17.2,9.5,9.6,11.7,15,11.8,11.1,8.7,4.1,9.2,15.5,8,8.6,9.4,10.5,9.9,9.2,7,5.1,6.3,12,5.5,5.5,6.4,12.3,7.9,7.1,5,3.4,6.6,11.7,5.6,6.1,7.3,13.3,8.2,7.5,5.6,3.4,6.1,12.2,5.4,5,5.7,11.6,7.6,6.7,4.5,3.3,261085000
10/1/2020,7.5,14.3,6.6,6.1,7,13,9.5,8.1,5.5,3.6,7.8,14.2,6.9,6.6,7.7,14.4,10.1,8.7,6,3.6,7.2,14.4,6.4,5.7,6.4,12,9.1,7.5,4.9,3.6,10.7,20.1,9.5,7.5,9,20.2,14.1,10.5,6.3,4.3,10.3,18.9,9.2,7.6,8.4,18.1,14.1,10.8,6.1,4,11.2,21.3,10,7.4,9.8,22.3,14.1,10,6.4,4.9,9.6,16,8.3,8.7,10.1,11.7,10.2,9.8,7.4,4.4,10.6,17,9.2,9.1,11.4,14.5,11.5,10.9,8.3,3.8,8.8,15.1,7.6,8.3,9.1,10.2,9.4,8.8,6.5,5,6.1,11.7,5.3,5.3,6.2,12.1,7.6,6.8,4.9,3.3,6.4,11.5,5.4,5.8,7.1,13,8,7.3,5.4,3.3,5.9,12,5.2,4.9,5.5,11.5,7.4,6.4,4.3,3.3,260925000
9/1/2020,7.2,13.9,6.3,5.9,6.7,12.7,9.1,7.8,5.2,3.5,7.6,13.8,6.6,6.3,7.4,14.1,9.8,8.3,5.8,3.5,7,14.1,6.1,5.5,6.2,11.8,8.7,7.2,4.7,3.4,10.3,19.5,9.1,7.3,8.7,19.7,13.6,9.9,6.1,4.2,9.9,18.3,8.8,7.5,8,17.6,13.6,10.3,6,3.9,10.7,20.7,9.5,7,9.5,22,13.6,9.4,6.2,4.6,9.2,15.8,7.8,8.2,9.7,11.3,9.8,9.4,7.1,4.2,10.2,16.8,8.8,8.5,11,14,11,10.4,8,3.7,8.4,14.8,7.1,8,8.8,9.8,9,8.5,6.1,4.8,5.9,11.5,5.1,5.1,6,12,7.4,6.6,4.7,3.2,6.2,11.2,5.3,5.6,6.8,12.9,7.7,7,5.2,3.2,5.7,11.7,5,4.7,5.4,11.5,7.1,6.2,4.2,3.2,260742000
8/1/2020,6.9,13.5,6,5.5,6.4,12.2,8.7,7.3,5,3.3,7.2,13.3,6.2,6,6.9,13.5,9.3,7.8,5.5,3.4,6.6,13.6,5.8,5.1,5.9,11.4,8.3,6.8,4.5,3.3,9.8,18.7,8.6,6.8,8.4,19.1,12.9,9.3,5.8,3.9,9.4,17.7,8.2,7.1,7.8,16.9,12.8,9.6,5.9,3.7,10.2,19.9,9,6.5,9.1,21.5,12.9,8.9,5.7,4.2,8.7,15,7.4,7.7,9.1,10.7,9.1,8.9,6.6,4.1,9.6,16,8.3,7.8,10.2,13.4,10.2,9.8,7.6,3.5,8,14.2,6.7,7.5,8.2,9.3,8.4,8,5.6,4.7,5.7,11.2,4.9,4.8,5.7,11.6,7.1,6.2,4.5,3.1,5.9,10.8,5,5.4,6.4,12.5,7.5,6.6,5,3.1,5.5,11.5,4.8,4.4,5.2,11.1,6.8,5.8,4,3.1,260558000
7/1/2020,6.5,12.9,5.6,5.1,5.9,11.6,8.1,6.9,4.6,3.1,6.7,12.7,5.8,5.6,6.4,12.9,8.7,7.3,5.1,3.2,6.2,13.1,5.4,4.7,5.5,10.8,7.8,6.4,4.2,3.1,9.1,17.8,8,6.1,7.7,18.2,12,8.6,5.5,3.8,8.7,16.6,7.6,6.4,7.2,16.1,11.9,8.7,5.6,3.6,9.6,19.1,8.5,5.9,8.3,20.3,12.2,8.4,5.3,4,8.2,14.5,6.9,7.1,8.1,10.2,8.5,8.4,6.2,3.9,9.1,15.3,7.8,7.4,8.7,12.7,9.6,9.3,7.1,3.3,7.4,13.7,6.1,6.8,7.7,8.8,7.7,7.5,5.2,4.5,5.4,10.8,4.6,4.5,5.4,11.2,6.7,5.9,4.2,2.9,5.6,10.5,4.7,5,6.1,12.1,7.1,6.2,4.6,2.9,5.2,11.1,4.5,4.1,4.9,10.7,6.5,5.5,3.8,2.9,260373000
6/1/2020,5.9,12.1,5.1,4.7,5.4,10.9,7.5,6.2,4.1,2.9,6.2,11.9,5.3,5.1,5.7,12.2,8,6.6,4.5,2.9,5.7,12.3,4.9,4.3,5.1,10,7.2,5.8,3.8,2.8,8.4,16.8,7.3,5.5,7,17.2,11.1,7.7,4.9,3.5,8,15.9,6.9,5.8,6.5,15.9,10.9,7.8,5,3.6,8.8,17.8,7.7,5.1,7.5,18.4,11.3,7.7,4.7,3.2,7.5,13.6,6.2,6.2,7.5,9.4,7.7,7.6,5.7,3.4,8.3,14.1,7.1,6.5,7.9,11.8,8.8,8.2,6.5,3,6.8,13.1,5.6,6,7.2,8,7,7,4.7,3.9,4.9,10.1,4.2,4.2,4.9,10.8,6.3,5.3,3.7,2.6,5.1,9.8,4.3,4.6,5.4,11.6,6.6,5.7,4.1,2.7,4.8,10.4,4.2,3.8,4.5,10.2,6.1,5,3.4,2.6,260204000
5/1/2020,5.3,11,4.6,4.1,4.8,10,6.8,5.5,3.6,2.6,5.5,10.7,4.7,4.5,5,11.2,7.2,5.8,3.9,2.7,5.2,11.4,4.4,3.8,4.5,9.2,6.5,5.1,3.3,2.6,7.7,15.7,6.5,5,6.4,16.5,10.4,6.7,4.2,3.1,7.3,14.7,6.2,5.6,5.9,15.8,10.2,6.7,4.3,3.5,8,16.8,6.9,4.4,7,17.2,10.6,6.7,4.2,2.5,6.6,12.3,5.5,5.5,6.7,8.5,6.9,6.6,4.8,3.1,7.4,12.8,6.3,5.7,7.4,10.8,7.9,7.1,5.6,2.6,6,11.9,4.9,5.3,6.1,7.2,6.2,6.1,4,3.7,4.5,9.3,3.8,3.7,4.4,10,5.8,4.7,3.3,2.4,4.6,8.7,3.9,4.1,4.7,10.5,5.9,5.1,3.5,2.4,4.4,9.8,3.8,3.4,4.1,9.6,5.6,4.4,3,2.4,260047000
4/1/2020,4.5,9.7,3.9,3.4,3.9,8.8,5.9,4.5,3.1,2.3,4.6,9.2,4,3.7,4,9.9,6.1,4.7,3.2,2.3,4.5,10.3,3.8,3.2,3.9,8.1,5.7,4.3,2.9,2.3,6.8,14.5,5.7,4.3,5.6,15.1,9.4,5.7,3.8,2.8,6.4,13.1,5.3,4.9,5,14.3,8.9,5.6,3.8,3.1,7.2,16,6.1,3.6,6.4,15.8,9.9,5.7,3.8,2.1,5.5,10.6,4.5,4.6,5.6,7.3,5.8,5.4,3.9,2.6,6.2,10.9,5.2,4.6,6.3,9.4,6.7,5.7,4.6,2,5.1,10.3,4,4.7,5,6.2,5.2,5.1,3.2,3.2,3.8,8.2,3.2,3.1,3.6,9,5,3.9,2.8,2.1,3.8,7.5,3.2,3.3,3.7,9.3,4.9,4.2,2.9,2.1,3.8,8.9,3.3,2.8,3.5,8.8,5,3.7,2.7,2.1,259896000
3/1/2020,3.7,8.3,3.1,2.6,2.9,7.6,4.8,3.4,2.4,1.9,3.6,7.5,3.1,2.7,2.9,8.4,4.8,3.5,2.4,1.9,3.7,9.2,3.1,2.5,3,7.1,4.7,3.3,2.4,1.9,6,13.4,5,3.5,4.8,14.4,8.4,4.8,3.1,2.4,5.5,11.7,4.6,4,4.1,13.3,7.8,4.6,3.1,2.7,6.5,15.2,5.4,3,5.5,15.4,8.9,4.9,3.1,1.9,4.4,9,3.4,3.5,4.2,6.1,4.4,4.1,3,2.1,4.9,8.8,4.1,3.3,4.4,8,5.1,4.3,3.5,1.7,4,9.1,2.9,3.6,4.1,5.1,4,3.9,2.5,2.6,3,6.9,2.6,2.3,2.6,7.8,4,2.9,2.2,1.7,2.9,5.8,2.4,2.4,2.6,7.8,3.7,3,2.1,1.7,3.1,7.8,2.6,2.2,2.6,7.8,4.1,2.8,2.2,1.7,259758000
2/1/2020,3.6,8.2,3,2.5,2.9,7.5,4.7,3.4,2.4,1.8,3.6,7.3,3.1,2.6,2.9,8.2,4.7,3.5,2.4,1.9,3.7,9.1,3,2.4,2.9,7,4.7,3.3,2.4,1.8,6,13.2,5,3.4,4.7,14.2,8.3,4.8,3.2,2.4,5.5,11.4,4.5,3.9,4.4,13.5,7.6,4.5,3.2,2.6,6.5,15.2,5.4,2.8,5.2,14.9,8.8,5,3.2,1.9,4.3,8.7,3.4,3.4,4.3,5.9,4.3,4,3,2.1,4.7,8.4,4,3.2,4.4,7.5,5,4.2,3.3,1.8,3.9,9,2.9,3.4,4.2,5,3.9,3.8,2.6,2.4,3,6.8,2.5,2.3,2.6,7.8,3.9,2.9,2.2,1.7,2.8,5.7,2.4,2.3,2.6,7.7,3.7,3,2.1,1.7,3.1,7.8,2.6,2.2,2.5,7.9,4,2.8,2.2,1.7,259628000
1/1/2020,3.6,8.3,3.1,2.5,2.9,7.6,4.7,3.4,2.4,1.9,3.6,7.3,3.1,2.7,2.9,8.3,4.7,3.6,2.4,1.9,3.7,9.3,3,2.4,2.8,7.1,4.7,3.3,2.4,1.8,6,13.4,5,3.6,4.6,14.4,8.3,4.8,3.3,2.4,5.6,11.5,4.7,4,4.2,14.1,7.6,4.7,3.2,2.6,6.6,15.5,5.4,3.1,5.1,14.8,9,5,3.4,2,4.3,8.8,3.3,3.2,4.2,5.8,4.3,4,3,2,4.6,8.4,3.9,3.2,4.2,7.4,5,4.1,3.3,1.6,4,9.2,2.9,3.3,4.1,5,3.9,3.8,2.7,2.5,3,6.9,2.5,2.3,2.6,8,3.9,2.9,2.2,1.7,2.9,5.8,2.5,2.4,2.6,7.9,3.7,3,2.1,1.7,3.1,7.9,2.6,2.2,2.5,8.1,4,2.8,2.2,1.7,259502000
12/1/2019,3.7,8.4,3.1,2.6,3,7.7,4.7,3.5,2.5,1.9,3.6,7.3,3.1,2.7,3.1,8.4,4.7,3.6,2.4,1.9,3.7,9.4,3,2.5,2.9,7.2,4.7,3.4,2.5,1.8,6.1,13.5,5,3.7,4.7,14.7,8.3,4.9,3.4,2.3,5.6,11.4,4.7,3.9,4.4,14.6,7.4,4.8,3.2,2.4,6.7,15.8,5.4,3.5,5.2,14.7,9,5.1,3.7,2,4.3,9,3.4,3.1,4.1,5.8,4.4,4,3.1,2.1,4.7,8.6,3.9,3.2,4.2,7.4,5,4.2,3.3,1.7,4,9.4,3,3.1,4,5,3.9,3.9,2.8,2.6,3,6.9,2.6,2.3,2.7,8.3,3.9,2.9,2.2,1.7,2.9,5.8,2.5,2.4,2.8,8,3.7,3,2.2,1.8,3.1,8,2.6,2.2,2.6,8.5,4,2.8,2.2,1.7,260181000
11/1/2019,3.7,8.4,3.1,2.6,3,7.8,4.7,3.5,2.5,1.9,3.6,7.4,3.1,2.7,3.1,8.5,4.6,3.6,2.4,1.9,3.8,9.5,3.1,2.6,2.9,7.3,4.7,3.4,2.5,1.9,6.1,13.6,5.1,3.8,4.5,15.3,8.1,5.1,3.4,2.1,5.6,11.5,4.7,4,4.1,15.4,7.3,4.9,3.1,2.3,6.7,16,5.4,3.6,5.1,15.3,8.9,5.2,3.8,1.9,4.3,9.1,3.4,3.1,4.3,5.9,4.4,4,3.1,2.1,4.6,8.5,3.9,3,4.2,7.4,5,4.1,3.2,1.7,4.1,9.6,3,3.1,4.4,5.1,4.1,3.8,2.9,2.6,3.1,6.9,2.6,2.4,2.7,8.3,3.9,3,2.2,1.8,2.9,5.9,2.5,2.4,2.9,8,3.7,3.1,2.2,1.8,3.2,7.9,2.6,2.3,2.5,8.5,4,2.9,2.2,1.8,260020000
10/1/2019,3.7,8.5,3.1,2.7,3,7.8,4.6,3.5,2.5,1.9,3.6,7.4,3.1,2.7,3.1,8.7,4.6,3.7,2.5,2,3.8,9.4,3.1,2.6,2.9,7.3,4.7,3.4,2.6,1.9,6.2,13.6,5.1,3.9,4.4,15.6,8.1,5.1,3.5,2.1,5.6,11.6,4.8,4,4.1,15.6,7.2,5,3.2,2.2,6.8,15.9,5.5,3.8,4.8,15.5,8.9,5.3,3.9,1.7,4.3,9,3.4,3.1,4.5,5.9,4.4,4,3.1,2.2,4.7,8.4,4,3,4.2,7.4,4.9,4.1,3.3,1.9,4.1,9.6,3,3.1,4.8,5.1,4.1,3.8,3,2.5,3.1,6.9,2.6,2.4,2.7,8.4,3.9,3,2.2,1.8,3,6,2.5,2.5,2.9,8.2,3.7,3.1,2.2,1.8,3.2,7.8,2.6,2.4,2.5,8.5,4,2.9,2.2,1.8,259845000
9/1/2019,3.7,8.5,3.1,2.7,3,7.8,4.6,3.6,2.5,1.9,3.7,7.5,3.1,2.7,3.2,8.7,4.6,3.7,2.5,1.9,3.8,9.4,3.1,2.6,2.9,7.3,4.7,3.5,2.6,1.8,6.3,13.7,5.2,4,4.6,15.6,8.1,5.3,3.6,2,5.7,11.6,4.8,3.8,4.4,15.5,7.1,5.1,3.4,2.2,6.9,16.1,5.6,4.2,4.8,15.6,9,5.6,3.9,1.7,4.4,9,3.5,3.1,4.5,6,4.5,3.9,3.1,2.1,4.7,8.4,4,3,4.2,7.5,5,4.1,3.3,1.8,4.1,9.6,3.1,3.1,4.8,5.2,4.1,3.8,2.9,2.5,3.1,7,2.6,2.4,2.7,8.3,3.9,3,2.2,1.8,3,6.1,2.5,2.5,3,8.1,3.8,3.1,2.2,1.8,3.1,7.8,2.6,2.3,2.6,8.4,3.9,2.9,2.3,1.8,259638000
8/1/2019,3.7,8.5,3.1,2.7,3.1,7.9,4.7,3.6,2.5,1.9,3.7,7.6,3.2,2.7,3.3,8.7,4.6,3.7,2.4,2,3.8,9.4,3.1,2.7,3,7.4,4.7,3.5,2.6,1.8,6.3,13.7,5.2,4.1,4.7,15.7,8.2,5.3,3.7,2,5.7,11.6,4.9,3.8,4.6,15.2,7.2,5.2,3.4,2.2,7,16.1,5.6,4.4,5,16.2,9.2,5.4,3.9,1.7,4.4,9.1,3.5,3.2,4.9,6,4.5,4,3.1,2.1,4.7,8.4,4,3.2,4.6,7.4,5.1,4.1,3.3,2,4.2,9.7,3.1,3.2,5.1,5.3,4.2,3.9,2.9,2.4,3.1,7,2.6,2.4,2.8,8.4,3.8,3,2.2,1.8,3,6.2,2.5,2.4,3,8.3,3.7,3.1,2.2,1.8,3.1,7.7,2.6,2.3,2.6,8.4,3.9,2.9,2.3,1.8,259432000
7/1/2019,3.8,8.5,3.1,2.7,3.2,7.9,4.7,3.6,2.5,1.9,3.7,7.6,3.2,2.7,3.4,8.7,4.6,3.8,2.4,2,3.8,9.4,3.1,2.7,3,7.5,4.7,3.5,2.5,1.8,6.4,13.8,5.3,4.2,4.8,15.9,8.3,5.4,3.6,2.1,5.8,11.9,5,3.9,4.8,14.9,7.3,5.4,3.5,2.2,7,16,5.7,4.5,4.9,16.8,9.2,5.4,3.8,1.7,4.5,9,3.6,3.3,5.1,6.1,4.6,4,3.2,2.1,4.8,8.3,4.1,3.3,4.6,7.6,5.1,4.1,3.5,1.9,4.2,9.7,3.2,3.3,5.4,5.3,4.3,3.9,2.9,2.3,3.1,6.9,2.6,2.4,2.8,8.4,3.8,3,2.2,1.9,3,6.1,2.5,2.4,3.1,8.2,3.7,3.1,2.1,1.9,3.1,7.7,2.6,2.4,2.6,8.5,3.9,2.9,2.2,1.8,259225000
6/1/2019,3.8,8.5,3.1,2.7,3.2,8,4.7,3.6,2.5,2,3.7,7.6,3.2,2.7,3.4,8.7,4.7,3.8,2.4,2.1,3.8,9.5,3.1,2.8,3.1,7.5,4.7,3.5,2.6,1.8,6.5,14.1,5.3,4.3,5,15.9,8.4,5.6,3.5,2,5.9,11.9,5,4,4.7,14.7,7.3,5.7,3.4,2.1,7.1,16.6,5.7,4.5,5.3,17.2,9.4,5.5,3.7,1.8,4.5,9,3.5,3.4,5.2,6.1,4.6,4,3.1,2.1,4.8,8.3,4.2,3.4,5,7.7,5.2,4.2,3.4,1.9,4.2,9.5,3.1,3.4,5.4,5.2,4.3,3.7,2.8,2.4,3.1,6.9,2.6,2.4,2.9,8.4,3.8,3,2.2,1.9,3,6.1,2.5,2.4,3.1,8.1,3.7,3.1,2.1,1.9,3.2,7.7,2.6,2.4,2.7,8.5,3.9,2.9,2.3,1.8,259037000
5/1/2019,3.8,8.6,3.2,2.7,3.3,8,4.7,3.7,2.5,2,3.7,7.7,3.2,2.7,3.4,8.7,4.7,3.8,2.4,2.1,3.9,9.6,3.1,2.8,3.2,7.6,4.7,3.5,2.6,1.9,6.5,14.2,5.4,4.2,4.9,15.9,8.4,5.7,3.5,2.1,5.9,11.8,5.1,3.9,4.8,14.1,7.2,5.9,3.4,2.1,7.2,16.9,5.7,4.7,5,17.7,9.4,5.5,3.6,2,4.5,9,3.6,3.4,5.3,6.1,4.7,4,3.1,2.1,4.9,8.3,4.2,3.5,5,7.6,5.2,4.3,3.3,2,4.2,9.6,3.1,3.3,5.6,5.3,4.3,3.7,2.8,2.2,3.1,7,2.6,2.4,2.9,8.5,3.8,3,2.2,1.9,3,6.2,2.5,2.4,3,8.3,3.8,3.1,2.1,2,3.2,7.7,2.6,2.5,2.8,8.6,3.9,3,2.3,1.8,258861000
4/1/2019,3.8,8.6,3.2,2.7,3.3,8.1,4.7,3.7,2.5,2,3.7,7.7,3.3,2.6,3.3,8.6,4.7,3.8,2.4,2,3.9,9.6,3.1,2.8,3.3,7.8,4.7,3.5,2.6,1.9,6.5,14,5.4,4.1,5,15.8,8.3,5.8,3.4,2.1,5.8,11.5,5.1,3.7,4.9,13.6,7.2,5.9,3.4,2,7.2,16.8,5.7,4.7,5.1,18.1,9.3,5.7,3.4,2.2,4.5,9.1,3.6,3.5,5.4,6.2,4.8,4,3.1,2.2,5,8.4,4.3,3.7,4.9,7.6,5.4,4.3,3.4,2.2,4.2,9.7,3.1,3.3,5.8,5.4,4.4,3.7,2.8,2.2,3.1,6.9,2.6,2.4,3,8.5,3.8,3.1,2.2,1.9,3,6.2,2.5,2.3,3,8.2,3.8,3.1,2.1,1.9,3.2,7.7,2.7,2.5,2.9,8.6,3.9,3,2.3,1.9,258693000
3/1/2019,3.8,8.6,3.2,2.8,3.3,8.1,4.8,3.7,2.5,2,3.8,7.7,3.3,2.7,3.3,8.5,4.8,3.9,2.4,2,3.9,9.6,3.2,2.9,3.2,7.8,4.8,3.6,2.5,1.9,6.5,13.9,5.4,4.1,4.9,15.5,8.3,5.8,3.5,2.2,5.8,11.5,5.1,3.6,4.9,13.3,7.2,5.8,3.5,2.1,7.2,16.7,5.7,4.7,5,17.7,9.2,5.7,3.4,2.3,4.6,9.2,3.6,3.6,5.3,6.2,4.9,4,3.1,2.1,5,8.5,4.3,3.9,4.6,7.6,5.6,4.4,3.5,2.2,4.2,9.7,3.1,3.5,5.8,5.4,4.4,3.7,2.7,2.1,3.1,6.9,2.6,2.5,2.9,8.5,3.9,3.1,2.2,1.9,3,6.2,2.6,2.4,3,8.2,3.9,3.2,2.1,1.9,3.2,7.7,2.7,2.5,2.9,8.8,4,3,2.3,1.9,258537000
2/1/2019,3.9,8.6,3.2,2.8,3.3,8.1,4.9,3.7,2.5,2,3.8,7.7,3.3,2.7,3.4,8.5,4.8,3.9,2.4,2,3.9,9.5,3.2,2.9,3.2,7.8,4.9,3.5,2.5,1.9,6.5,13.7,5.4,4.3,5.1,15.5,8.3,5.7,3.5,2.3,5.9,11.4,5.2,3.7,5.2,13.4,7.3,5.8,3.5,2.2,7.1,16.3,5.7,4.9,4.9,17.7,9.1,5.6,3.3,2.6,4.6,9.2,3.6,3.8,5.3,6.2,5,4,3.3,2.2,5.1,8.5,4.4,4.1,4.7,7.5,5.7,4.3,3.7,2.3,4.3,9.7,3.1,3.6,5.7,5.4,4.5,3.7,2.8,2.1,3.2,6.9,2.7,2.5,2.9,8.6,4,3.1,2.2,1.9,3,6.2,2.6,2.4,3,8.2,3.9,3.2,2.1,1.9,3.3,7.6,2.7,2.6,2.8,8.9,4,3,2.3,1.9,258392000
1/1/2019,3.9,8.6,3.3,2.9,3.3,8.1,4.9,3.7,2.5,2,3.8,7.7,3.3,2.7,3.4,8.5,4.9,3.9,2.5,2.1,3.9,9.5,3.2,3,3.2,7.9,4.9,3.5,2.5,1.9,6.5,13.4,5.4,4.2,5.4,15.6,8.2,5.7,3.3,2.4,5.9,11,5.3,3.7,5.6,13.2,7.5,5.8,3.6,2.2,7,16.1,5.6,4.9,5.2,18.1,8.9,5.7,3,2.7,4.7,9.1,3.7,4,5.2,6.1,5,4.1,3.4,2.4,5.2,8.5,4.4,4.3,4.8,7.5,5.7,4.4,3.9,2.5,4.3,9.7,3.1,3.8,5.5,5.4,4.5,3.7,2.9,2.3,3.2,7,2.7,2.5,2.9,8.8,4.1,3.1,2.2,1.9,3,6.3,2.6,2.4,3,8.4,3.9,3.2,2.1,1.9,3.3,7.7,2.8,2.6,2.9,9,4.1,3,2.3,1.8,258239000
12/1/2018,3.9,8.6,3.3,2.9,3.3,8.1,5,3.7,2.5,2,3.8,7.7,3.4,2.7,3.3,8.5,5,3.9,2.4,2.1,3.9,9.5,3.2,3,3.2,7.8,5,3.6,2.5,1.9,6.5,13.5,5.5,4.2,5.3,15.6,8.4,5.8,3.3,2.6,6,11.2,5.4,3.7,5.5,13,7.7,5.8,3.7,2.3,7.1,16.1,5.7,4.7,5.1,18.3,9,5.7,2.8,3,4.7,9.1,3.7,4.2,5.1,6.1,5,4,3.4,2.4,5.1,8.4,4.4,4.3,4.5,7.5,5.6,4.3,4,2.7,4.3,9.7,3.1,4,5.5,5.4,4.6,3.7,2.8,2.1,3.2,7,2.7,2.5,2.9,8.7,4.1,3.1,2.2,1.8,3,6.3,2.6,2.4,2.9,8.6,4,3.2,2,1.8,3.3,7.7,2.8,2.6,2.9,8.8,4.2,3,2.3,1.8,258888000
11/1/2018,3.9,8.6,3.3,2.9,3.3,8.1,5,3.7,2.5,2,3.9,7.7,3.4,2.8,3.3,8.5,5,3.8,2.5,2.1,4,9.5,3.2,3,3.3,7.8,5,3.6,2.4,1.9,6.6,13.7,5.5,4.3,5.4,15.5,8.5,5.8,3.3,2.7,6,11.4,5.3,3.7,5.6,12.9,7.7,5.7,3.7,2.4,7.2,16.2,5.7,4.9,5.1,18.2,9.1,5.8,2.8,3.1,4.7,9.1,3.7,4.3,5,6.1,5.1,4,3.5,2.4,5.2,8.5,4.5,4.5,4.4,7.5,5.8,4.3,4.1,2.7,4.3,9.6,3.2,4.1,5.4,5.4,4.6,3.8,2.9,2,3.2,7,2.7,2.5,3,8.7,4.2,3.1,2.1,1.8,3,6.2,2.6,2.4,3,8.7,4,3.2,2,1.8,3.3,7.8,2.8,2.6,3,8.7,4.3,3,2.3,1.8,258708000
10/1/2018,4,8.7,3.3,2.9,3.3,8.1,5.1,3.8,2.4,2,3.9,7.7,3.4,2.8,3.3,8.5,5.2,3.8,2.4,2.1,4,9.7,3.2,3.1,3.3,7.9,5.1,3.7,2.4,1.9,6.7,14,5.6,4.4,5.3,15.7,8.6,5.9,3.3,2.7,6.1,11.6,5.4,3.7,5.6,13,8,5.8,3.8,2.3,7.3,16.5,5.8,5.3,5,18.6,9.2,6.1,2.8,3.2,4.7,9.2,3.8,4.3,5,6,5.2,4.1,3.4,2.4,5.3,8.6,4.5,4.5,4.5,7.3,6.1,4.3,4,2.6,4.4,9.7,3.2,4.1,5.4,5.3,4.7,3.9,2.8,2.1,3.2,7.2,2.7,2.5,3,8.9,4.2,3.1,2.1,1.8,3,6.2,2.6,2.4,3,8.7,4.1,3.1,2,1.8,3.4,8.1,2.8,2.6,3,9,4.3,3.1,2.3,1.8,258514000
9/1/2018,4,8.8,3.3,2.9,3.4,8.2,5.1,3.8,2.4,2,3.9,7.7,3.4,2.8,3.3,8.5,5.2,3.9,2.5,2.1,4,9.8,3.2,3.1,3.4,8,5.1,3.8,2.4,1.9,6.8,14.1,5.7,4.5,5.3,15.7,8.8,6,3.4,2.7,6.2,11.8,5.6,3.7,5.2,12.6,8.3,5.8,3.8,2.4,7.4,16.6,5.9,5.4,5.3,19.1,9.2,6.2,2.9,3.2,4.8,9.3,3.8,4.3,5.3,6.1,5.3,4.2,3.4,2.3,5.3,8.6,4.6,4.6,4.8,7.5,6,4.4,4.1,2.6,4.4,9.9,3.2,4,5.7,5.3,4.8,4,2.6,2,3.2,7.2,2.7,2.5,3,8.9,4.2,3.1,2.1,1.8,3,6.1,2.6,2.4,3,8.8,4,3.2,2,1.8,3.4,8.2,2.8,2.7,3,9.1,4.3,3.1,2.3,1.8,258290000
8/1/2018,4,8.8,3.4,3,3.3,8.3,5.2,3.9,2.5,2,4,7.7,3.5,2.8,3.3,8.6,5.2,3.9,2.5,2.1,4.1,9.9,3.3,3.2,3.4,8,5.2,3.8,2.5,1.9,6.9,14.5,5.8,4.5,5.1,16,8.9,6.1,3.4,2.7,6.3,12,5.7,3.7,5.1,13.1,8.4,5.8,3.8,2.5,7.6,17.2,5.9,5.4,5.1,19,9.4,6.4,2.9,3.1,4.8,9.4,3.8,4.2,5.2,6.1,5.3,4.3,3.4,2.2,5.4,8.6,4.7,4.7,4.8,7.6,6.2,4.5,4.1,2.4,4.4,10,3.2,3.8,5.5,5.3,4.8,4,2.8,2.1,3.3,7.2,2.7,2.6,3,9,4.2,3.2,2.2,1.8,3.1,6.1,2.7,2.4,3,8.7,4.1,3.2,2,1.8,3.4,8.2,2.8,2.7,3,9.1,4.4,3.2,2.3,1.8,258066000
7/1/2018,4.1,8.9,3.4,3,3.3,8.3,5.3,3.9,2.5,2,4,7.8,3.6,2.8,3.3,8.8,5.3,3.9,2.5,2.1,4.1,10,3.3,3.2,3.4,8.1,5.3,3.8,2.5,1.9,7,14.6,5.9,4.5,5,16.1,9.1,6.1,3.4,2.7,6.4,12,5.8,3.7,4.8,13.6,8.6,5.8,3.7,2.5,7.7,17.4,6.1,5.5,5.1,18.6,9.6,6.5,3,3.1,4.9,9.5,3.9,4.2,5.1,6.1,5.4,4.3,3.5,2.3,5.3,8.7,4.6,4.6,4.7,7.4,6.2,4.5,4,2.4,4.5,10.2,3.3,3.9,5.4,5.4,4.9,4,3,2.2,3.3,7.2,2.8,2.6,2.9,9.1,4.3,3.2,2.2,1.8,3.1,6.2,2.7,2.4,2.9,8.9,4.1,3.2,2.1,1.8,3.4,8.2,2.8,2.8,2.9,9.2,4.4,3.2,2.3,1.8,257843000
6/1/2018,4.1,8.9,3.5,3,3.3,8.5,5.3,3.9,2.5,2,4,7.8,3.6,2.9,3.3,8.9,5.3,3.9,2.6,2,4.2,10,3.4,3.2,3.3,8.2,5.3,3.9,2.5,2,7.1,14.6,6,4.6,4.8,16.6,9.2,6,3.5,2.7,6.4,12,5.9,3.5,5,14.1,8.6,5.7,3.8,2.5,7.8,17.4,6.2,5.7,4.6,19.3,9.7,6.5,3.2,3,4.9,9.4,4,4.2,4.9,6.2,5.4,4.3,3.6,2.4,5.4,8.8,4.7,4.6,4.4,7.4,6.2,4.5,4.1,2.6,4.6,10,3.5,3.8,5.2,5.5,4.9,4.1,3.2,2.2,3.3,7.3,2.8,2.6,2.9,9.2,4.4,3.3,2.2,1.7,3.2,6.2,2.8,2.5,2.9,9.1,4.1,3.3,2.1,1.7,3.5,8.3,2.9,2.8,2.9,9.2,4.5,3.2,2.3,1.8,257642000
5/1/2018,4.1,9,3.5,3,3.3,8.6,5.4,3.9,2.5,2,4.1,7.9,3.6,2.9,3.4,9,5.4,4,2.6,2,4.2,10,3.4,3.2,3.2,8.3,5.3,3.9,2.5,2,7.1,14.6,6.1,4.5,4.8,16.6,9.2,6.1,3.6,2.7,6.5,12.2,5.9,3.5,5,14.3,8.7,5.8,3.8,2.5,7.8,17.3,6.2,5.6,4.6,19.1,9.7,6.4,3.4,3,5,9.4,4,4.2,4.8,6.2,5.5,4.3,3.6,2.5,5.4,8.9,4.7,4.6,4.5,7.5,6.3,4.6,4.1,2.5,4.6,9.9,3.5,3.8,5,5.6,4.9,4.1,3.1,2.4,3.3,7.3,2.8,2.6,2.9,9.4,4.4,3.3,2.2,1.7,3.2,6.2,2.8,2.5,3,9.2,4.2,3.3,2.1,1.7,3.5,8.4,2.9,2.8,2.8,9.5,4.5,3.3,2.3,1.7,257454000
4/1/2018,4.2,9,3.6,3.1,3.3,8.7,5.4,4,2.6,2,4.1,7.9,3.7,2.9,3.5,9.2,5.5,4.1,2.6,2.1,4.2,10,3.5,3.2,3.2,8.3,5.4,3.9,2.5,2,7.3,14.8,6.2,4.7,4.7,17,9.4,6.2,3.7,2.8,6.7,12.5,6.1,3.7,5,14.8,8.9,6.1,3.9,2.5,7.9,17.3,6.3,5.8,4.3,19.2,9.8,6.4,3.4,3.3,5,9.4,4.1,4.1,4.5,6.2,5.5,4.4,3.6,2.4,5.5,9,4.8,4.6,4.2,7.6,6.3,4.7,4.1,2.4,4.6,9.7,3.6,3.8,4.8,5.4,5,4.1,3.1,2.5,3.4,7.3,2.9,2.6,3,9.5,4.4,3.3,2.2,1.7,3.2,6.2,2.8,2.5,3.2,9.3,4.3,3.4,2.1,1.7,3.5,8.4,2.9,2.7,2.8,9.6,4.5,3.3,2.2,1.7,257272000
3/1/2018,4.2,9,3.6,3.1,3.4,8.8,5.4,4,2.6,2,4.2,8,3.8,2.9,3.6,9.4,5.5,4.1,2.7,2.1,4.3,10,3.5,3.2,3.2,8.4,5.4,3.9,2.5,2,7.4,14.8,6.3,4.8,4.7,17.4,9.4,6.3,3.7,2.9,6.8,12.4,6.3,3.8,5.3,14.7,9.1,6.2,3.9,2.6,7.9,17.5,6.3,5.9,3.9,20.1,9.7,6.3,3.5,3.3,5,9.4,4.1,4.2,4.6,6.2,5.6,4.3,3.7,2.5,5.5,9.2,4.8,4.6,4.5,7.8,6.3,4.6,4.2,2.5,4.6,9.6,3.6,3.9,4.7,5.4,5.1,4.1,3.2,2.5,3.4,7.4,2.9,2.6,3,9.7,4.4,3.4,2.2,1.7,3.3,6.3,2.9,2.5,3.3,9.6,4.3,3.4,2.2,1.7,3.5,8.5,2.9,2.7,2.9,9.7,4.5,3.4,2.2,1.7,257097000
2/1/2018,4.3,9.1,3.6,3.1,3.5,8.9,5.5,4,2.6,2,4.2,8,3.8,2.9,3.7,9.5,5.6,4.1,2.7,2.1,4.3,10.1,3.5,3.2,3.3,8.5,5.4,4,2.6,2,7.5,15,6.4,4.9,4.4,17.5,9.5,6.4,3.8,2.9,6.9,12.3,6.4,3.9,4.9,14.7,9.1,6.3,4,2.7,8.1,17.9,6.5,5.9,3.7,20.4,9.9,6.5,3.7,3.2,5,9.4,4.1,4,4.6,6.3,5.6,4.3,3.6,2.3,5.5,9.4,4.8,4.3,4.4,7.9,6.4,4.7,4,2.2,4.6,9.4,3.6,3.8,4.8,5.4,5,4,3.2,2.3,3.4,7.5,2.9,2.6,3.2,9.8,4.5,3.4,2.3,1.7,3.3,6.3,2.9,2.5,3.4,9.6,4.4,3.4,2.3,1.7,3.6,8.6,2.9,2.7,3,9.9,4.5,3.4,2.2,1.8,256934000
1/1/2018,4.3,9.2,3.7,3.1,3.6,9,5.5,4.1,2.7,2,4.2,8.1,3.8,3,3.8,9.6,5.6,4.1,2.7,2.1,4.3,10.2,3.6,3.1,3.4,8.6,5.4,4.1,2.6,2,7.6,15.1,6.5,5,4.1,17.8,9.6,6.5,3.9,2.9,7,12.4,6.4,4.1,4.6,15.2,9,6.3,4,2.7,8.3,18.1,6.7,6,3.4,20.4,10,6.7,3.9,3.2,5.1,9.5,4.2,3.9,4.8,6.4,5.7,4.4,3.6,2.1,5.6,9.4,4.9,4.2,4.3,8,6.5,4.7,4,2.1,4.7,9.5,3.7,3.6,5.1,5.6,5.1,4,3.2,2.1,3.5,7.5,3,2.6,3.3,9.8,4.5,3.4,2.3,1.7,3.3,6.3,2.9,2.6,3.5,9.7,4.5,3.4,2.3,1.7,3.6,8.6,3,2.7,3.1,9.9,4.5,3.5,2.2,1.8,256780000
12/1/2017,4.4,9.2,3.7,3.1,3.6,9.2,5.6,4.1,2.7,2,4.3,8.1,3.9,3.1,3.8,9.8,5.7,4.2,2.8,2.1,4.4,10.3,3.6,3.1,3.4,8.7,5.5,4.1,2.6,2,7.6,15,6.6,5,4.1,18.1,9.5,6.4,4,3,6.9,12.2,6.4,4.3,4.7,15.5,8.9,6.2,4.1,2.8,8.3,18,6.7,5.8,3.3,20.7,10,6.6,3.9,3.3,5.1,9.6,4.3,3.9,4.8,6.6,5.7,4.4,3.7,2.1,5.7,9.6,5,4.4,4.6,8.3,6.7,4.8,4,1.9,4.7,9.6,3.8,3.5,5,5.7,5,4.1,3.4,2.2,3.5,7.6,3,2.7,3.3,9.9,4.6,3.5,2.3,1.8,3.4,6.4,3,2.7,3.6,9.7,4.6,3.5,2.4,1.8,3.6,8.8,3,2.7,3.1,10,4.6,3.5,2.2,1.8,256109000
11/1/2017,4.4,9.3,3.8,3.1,3.6,9.3,5.6,4.2,2.7,2.1,4.3,8.1,3.9,3.1,3.9,9.9,5.7,4.2,2.8,2.1,4.5,10.4,3.7,3.1,3.4,8.9,5.6,4.2,2.6,2,7.6,15,6.7,4.9,4.1,18.4,9.5,6.4,4.1,3,7.1,12.1,6.6,4.4,4.8,16.1,9,6.3,4.3,2.7,8.3,18,6.8,5.5,3.4,20.8,10,6.6,3.9,3.3,5.2,9.8,4.3,3.9,5,6.7,5.8,4.5,3.7,2,5.8,9.7,5,4.4,4.7,8.3,6.8,4.8,3.9,1.8,4.8,9.9,3.8,3.5,5.2,5.8,5.1,4.1,3.4,2.2,3.6,7.6,3.1,2.7,3.3,10,4.7,3.5,2.3,1.8,3.4,6.4,3,2.7,3.6,9.7,4.6,3.5,2.4,1.9,3.7,8.8,3.1,2.7,3.1,10.1,4.7,3.6,2.3,1.8,255949000
10/1/2017,4.4,9.3,3.8,3.1,3.7,9.4,5.7,4.2,2.8,2.1,4.4,8.1,4,3.1,4,10.1,5.8,4.2,2.9,2.2,4.5,10.5,3.8,3.2,3.5,9,5.6,4.2,2.7,2,7.7,15.1,6.7,4.9,4.4,18.7,9.6,6.4,4.1,2.9,7.1,12.3,6.6,4.6,5.3,16.4,9.1,6.4,4.3,2.7,8.3,18.1,6.8,5.2,3.3,20.9,10,6.5,3.9,3.2,5.3,9.9,4.4,4,4.9,6.9,5.8,4.5,3.7,2.1,5.8,9.7,5,4.4,4.8,8.5,6.7,4.8,3.9,1.9,4.9,10.1,3.9,3.7,5,6.1,5.2,4.2,3.5,2.2,3.6,7.6,3.1,2.7,3.4,10,4.7,3.6,2.4,1.8,3.5,6.3,3.1,2.7,3.7,9.9,4.6,3.5,2.4,1.9,3.7,8.8,3.2,2.7,3.2,10.1,4.7,3.7,2.3,1.7,255766000
9/1/2017,4.5,9.4,3.9,3.2,3.7,9.6,5.8,4.2,2.8,2.1,4.4,8.2,4,3.2,4,10.4,5.9,4.2,2.9,2.2,4.6,10.6,3.8,3.2,3.5,9.1,5.7,4.2,2.8,2,7.7,15.3,6.7,4.9,4.4,19.1,9.6,6.4,4.1,2.9,7.2,12.7,6.6,4.8,5.4,17.4,9,6.5,4.3,2.8,8.3,18.2,6.8,5.1,3.3,20.7,10.2,6.4,3.9,3.1,5.4,10,4.4,4.1,4.9,6.9,6,4.5,3.8,2.2,5.8,9.7,5.1,4.5,4.6,8.5,6.8,4.8,3.9,2.2,5,10.3,4,3.8,5.1,6.1,5.4,4.2,3.7,2.3,3.7,7.7,3.2,2.8,3.4,10.4,4.8,3.6,2.4,1.8,3.5,6.4,3.2,2.8,3.7,10.3,4.7,3.5,2.5,1.9,3.8,8.9,3.2,2.8,3.2,10.4,4.8,3.7,2.4,1.8,255562000
8/1/2017,4.6,9.5,4,3.2,3.8,9.8,5.9,4.3,2.8,2.1,4.5,8.3,4.1,3.2,4,10.6,5.9,4.3,2.9,2.2,4.6,10.7,3.9,3.2,3.6,9.3,5.8,4.2,2.8,2,7.8,15.5,6.8,4.9,4.4,19.5,9.7,6.5,4.1,3,7.3,12.8,6.7,4.8,5.3,17.9,9.1,6.6,4.2,2.8,8.4,18.3,6.9,5.1,3.4,21.1,10.2,6.4,3.9,3.3,5.5,10.2,4.5,4.3,4.9,7.1,6.1,4.7,3.7,2.4,5.9,10,5.2,4.5,4.2,8.6,7,4.9,3.8,2.4,5.1,10.4,4.1,4.2,5.4,6.3,5.6,4.4,3.6,2.3,3.7,7.8,3.2,2.8,3.5,10.5,4.9,3.6,2.5,1.8,3.6,6.5,3.2,2.8,3.7,10.5,4.8,3.5,2.5,1.9,3.9,8.9,3.3,2.8,3.3,10.5,4.9,3.7,2.5,1.7,255357000
7/1/2017,4.6,9.6,4,3.2,3.8,9.9,5.9,4.3,2.9,2.1,4.5,8.4,4.1,3.2,4.1,10.8,5.9,4.3,2.9,2.2,4.7,10.8,3.9,3.3,3.6,9.4,5.9,4.3,2.8,2,7.9,15.6,6.8,4.9,4.9,20,9.6,6.6,4.2,3,7.4,12.8,6.7,4.8,5.7,18.3,9,6.7,4.3,2.8,8.4,18.5,6.9,5,3.9,21.6,10.1,6.4,4,3.2,5.5,10.3,4.5,4.4,4.8,7.2,6.1,4.8,3.7,2.3,6,10.1,5.2,4.7,4.4,8.8,7,5,4,2.3,5.1,10.5,4,4.3,5.2,6.3,5.5,4.5,3.5,2.3,3.8,7.9,3.3,2.8,3.6,10.6,4.9,3.6,2.5,1.9,3.6,6.5,3.2,2.8,3.8,10.6,4.8,3.5,2.5,1.9,3.9,9.2,3.3,2.8,3.4,10.6,5,3.7,2.5,1.8,255151000
6/1/2017,4.7,9.8,4,3.3,3.9,10,6,4.4,2.9,2.1,4.6,8.5,4.1,3.2,4.2,11,6,4.3,2.9,2.3,4.7,11,3.9,3.4,3.7,9.3,5.9,4.4,2.8,2,7.9,15.9,6.8,4.9,5.1,19.9,9.7,6.7,4.1,3,7.5,13.2,6.8,4.9,5.8,18.2,9.3,6.8,4.2,2.9,8.5,18.8,6.9,5,4.3,21.6,10.1,6.5,4,3.2,5.5,10.4,4.5,4.6,4.9,7.2,6.1,4.9,3.7,2.4,6,10,5.2,4.8,4.4,8.9,6.9,5.1,4,2.4,5.2,10.8,4,4.5,5.4,6.2,5.6,4.7,3.4,2.4,3.8,8.1,3.3,2.8,3.7,10.8,5,3.7,2.5,1.9,3.6,6.7,3.2,2.7,4,11.1,4.8,3.5,2.5,2,4,9.3,3.4,2.9,3.4,10.6,5.1,3.8,2.6,1.8,254957000
5/1/2017,4.7,10,4.1,3.3,4,10.1,6,4.4,2.9,2.2,4.6,8.7,4.2,3.1,4.2,11.2,6,4.4,2.9,2.3,4.8,11.2,3.9,3.4,3.8,9.5,6,4.4,2.9,2,8.1,16.4,6.9,5,5.3,20.5,10,6.7,4.1,3,7.5,13.5,6.8,4.7,6.1,18.5,9.5,6.7,4.2,3,8.7,19.5,7,5.3,4.5,22.3,10.3,6.7,4.1,3,5.6,10.6,4.6,4.5,4.9,7.3,6.1,5,3.7,2.5,6.1,10,5.4,4.6,4.2,9,6.9,5.2,4,2.4,5.3,11,4.1,4.5,5.4,6.4,5.6,4.8,3.5,2.5,3.8,8.1,3.3,2.9,3.7,10.9,5,3.7,2.5,1.9,3.6,6.9,3.2,2.7,4,11.4,4.9,3.6,2.5,2,4,9.3,3.4,3,3.5,10.5,5.1,3.8,2.6,1.8,254767000
4/1/2017,4.7,10.1,4.1,3.3,3.9,10.3,6.1,4.4,2.9,2.2,4.7,8.9,4.2,3.1,4.2,11.4,6.1,4.4,2.9,2.3,4.8,11.3,4,3.5,3.8,9.5,6.1,4.5,2.9,2,8.1,16.7,6.9,5,5.3,20.5,10.1,6.7,4.2,2.9,7.6,14,6.8,4.7,6,19,9.7,6.6,4.2,3,8.7,19.6,7,5.4,4.5,21.9,10.5,6.8,4.2,2.7,5.7,10.7,4.6,4.5,5,7.4,6.1,5,3.7,2.5,6.1,10.2,5.4,4.5,4.3,9.2,6.9,5.3,3.9,2.6,5.3,11.2,4.1,4.5,5.5,6.5,5.6,4.8,3.5,2.4,3.9,8.3,3.3,2.9,3.7,11,5.1,3.7,2.6,1.9,3.7,7.1,3.2,2.7,4,11.6,4.9,3.6,2.5,2,4,9.4,3.4,3.1,3.4,10.6,5.2,3.8,2.6,1.9,254588000
3/1/2017,4.8,10.2,4.1,3.4,3.9,10.3,6.2,4.5,2.9,2.2,4.7,9.1,4.2,3.2,4.1,11.5,6.1,4.4,2.9,2.3,4.9,11.3,4,3.6,3.8,9.6,6.2,4.5,2.9,2,8.3,17.1,7,5,5.4,20.5,10.4,6.8,4.1,3,7.7,14.6,6.8,4.5,5.6,19.6,9.8,6.6,4.1,3.1,8.9,19.8,7.2,5.5,5.1,21.4,10.9,7,4.2,2.9,5.7,10.9,4.7,4.6,5,7.5,6.2,5.1,3.6,2.5,6.2,10.4,5.5,4.7,4.1,9.3,7,5.5,3.8,2.5,5.4,11.3,4.2,4.5,5.6,6.6,5.8,4.8,3.5,2.5,3.9,8.3,3.3,3,3.7,11,5.1,3.7,2.6,1.9,3.7,7.2,3.2,2.8,4,11.6,4.9,3.6,2.5,2,4.1,9.3,3.4,3.2,3.4,10.5,5.2,3.9,2.7,1.8,254414000
2/1/2017,4.8,10.4,4.1,3.5,3.9,10.4,6.2,4.5,2.9,2.2,4.8,9.2,4.2,3.3,4,11.6,6.2,4.5,2.9,2.4,4.9,11.4,4,3.6,3.8,9.6,6.3,4.5,2.9,2,8.4,17.5,7,5,5.5,20.7,10.4,6.9,4,3.2,7.8,15,6.9,4.6,5.5,19.6,9.7,6.8,4.1,3.3,9,20.2,7.2,5.4,5.4,21.8,11.1,6.9,4,3,5.8,11,4.7,4.8,5,7.6,6.4,5.1,3.6,2.5,6.3,10.4,5.5,4.9,4.1,9.4,7.1,5.5,3.8,2.5,5.4,11.4,4.1,4.6,5.6,6.6,5.9,4.7,3.3,2.6,3.9,8.4,3.4,3.1,3.6,10.9,5.2,3.8,2.6,2,3.7,7.3,3.3,2.8,3.9,11.6,5,3.6,2.5,2.1,4.1,9.4,3.5,3.3,3.4,10.5,5.3,4,2.7,1.8,254246000
1/1/2017,4.9,10.4,4.1,3.5,3.8,10.3,6.3,4.5,2.9,2.2,4.8,9.3,4.3,3.3,3.9,11.6,6.2,4.5,2.9,2.4,4.9,11.4,4,3.7,3.7,9.6,6.3,4.6,2.9,2.1,8.4,17.5,7.1,5.1,5.6,20.6,10.6,6.9,4.1,3.3,7.9,15,6.9,4.7,5.5,19.4,9.8,6.8,4.2,3.4,9,20.1,7.2,5.6,5.8,21.9,11.2,6.9,3.9,3.2,5.8,11,4.7,4.9,4.8,7.5,6.4,5.1,3.5,2.6,6.3,10.4,5.5,5,3.9,9.4,7.2,5.4,3.8,2.4,5.4,11.5,4.1,4.8,5.5,6.5,5.9,4.9,3.2,2.9,4,8.5,3.4,3.1,3.5,10.9,5.2,3.8,2.6,2,3.8,7.5,3.3,2.8,3.8,11.7,5,3.7,2.5,2.1,4.1,9.4,3.5,3.3,3.3,10.5,5.3,4,2.7,1.9,254082000
12/1/2016,4.9,10.4,4.2,3.6,3.8,10.3,6.3,4.6,2.9,2.2,4.8,9.3,4.3,3.3,3.9,11.6,6.2,4.6,2.9,2.4,4.9,11.4,4,3.8,3.8,9.5,6.3,4.6,2.9,2.1,8.5,17.4,7.2,5.3,5.7,20.6,10.7,7,4.1,3.5,8,14.9,7.1,4.8,5.4,19.3,9.9,6.9,4.3,3.5,9.1,20.2,7.3,5.8,6.1,21.8,11.3,7,3.8,3.5,5.8,10.9,4.7,4.9,4.7,7.4,6.4,5.2,3.5,2.7,6.3,10.3,5.5,4.9,3.5,9.3,7,5.5,3.8,2.5,5.4,11.5,4.1,5,5.6,6.4,6,4.9,3.2,2.9,4,8.5,3.4,3.1,3.6,11,5.2,3.9,2.6,1.9,3.8,7.6,3.3,2.8,3.9,11.7,5,3.7,2.5,2,4.1,9.4,3.5,3.3,3.3,10.5,5.2,4,2.7,1.8,254742000
11/1/2016,4.9,10.5,4.2,3.5,3.8,10.3,6.3,4.6,2.9,2.2,4.8,9.5,4.3,3.2,3.9,11.5,6.3,4.6,2.9,2.3,5,11.5,4.1,3.8,3.7,9.5,6.4,4.6,2.9,2.1,8.6,17.5,7.3,5.3,5.7,20.2,10.8,7.1,4,3.6,8,15.1,7.2,4.7,5.4,18.7,10.1,7.1,4.2,3.6,9.2,20.1,7.4,5.9,6.2,21.7,11.4,7.1,3.8,3.6,5.8,10.9,4.7,5,4.6,7.3,6.4,5.2,3.6,2.8,6.3,10.3,5.6,4.7,3.5,9.3,6.9,5.6,4.1,2.5,5.4,11.5,4.1,5.2,5.4,6.3,6.1,4.9,3.2,3.1,4,8.7,3.4,3.1,3.5,11,5.2,3.8,2.6,1.9,3.8,7.8,3.3,2.8,3.9,11.8,5,3.7,2.5,2,4.1,9.5,3.5,3.3,3.3,10.5,5.3,4,2.7,1.9,254540000
10/1/2016,4.9,10.6,4.2,3.6,3.8,10.2,6.4,4.7,2.9,2.3,4.8,9.6,4.3,3.3,3.9,11.4,6.3,4.7,3,2.4,5,11.6,4.1,3.8,3.7,9.4,6.5,4.6,2.9,2.1,8.7,17.6,7.4,5.3,5.7,20,11.1,7.2,4.1,3.8,8.1,15.1,7.3,4.7,5,18.5,10.2,7.1,4.3,3.7,9.4,20.5,7.6,6,6.5,21.5,11.8,7.3,3.8,3.9,5.9,11,4.8,5,4.5,7.3,6.5,5.4,3.6,2.7,6.4,10.4,5.7,4.8,3.4,9.3,7.1,5.8,4.1,2.5,5.4,11.5,4.1,5.1,5.4,6.2,6.2,4.9,3.2,3,4,8.7,3.4,3.1,3.5,10.9,5.2,3.9,2.6,1.9,3.8,7.9,3.2,2.8,3.8,11.6,5.1,3.7,2.5,2,4.1,9.5,3.5,3.3,3.3,10.4,5.3,4,2.7,1.9,254321000
9/1/2016,4.9,10.7,4.2,3.6,3.7,10.2,6.4,4.7,2.9,2.3,4.9,9.7,4.3,3.3,3.8,11.4,6.4,4.7,3,2.4,5,11.6,4.1,3.8,3.6,9.5,6.4,4.7,2.8,2.2,8.8,17.7,7.5,5.3,5.5,19.9,11.2,7.3,4.2,3.9,8.2,15.2,7.4,4.5,4.9,18.1,10.4,7.2,4.5,3.7,9.5,20.5,7.7,6.1,6.3,21.6,11.9,7.4,3.8,4,5.9,11.2,4.8,5,4.4,7.4,6.5,5.4,3.7,2.6,6.5,10.8,5.8,4.9,3.3,9.4,7.1,6,4.3,2.3,5.4,11.5,4.1,5.1,5.3,6.3,6.1,4.8,3.1,3,4,8.7,3.4,3.1,3.4,10.8,5.2,3.9,2.6,1.9,3.8,7.9,3.2,2.9,3.8,11.5,5.1,3.7,2.5,2,4.1,9.5,3.5,3.3,3.2,10.3,5.3,4.1,2.6,1.9,254091000
8/1/2016,4.9,10.7,4.2,3.6,3.8,10.2,6.4,4.7,2.9,2.2,4.9,9.7,4.3,3.3,3.9,11.4,6.4,4.7,3.1,2.3,5,11.7,4.1,3.8,3.7,9.4,6.4,4.7,2.8,2.2,8.9,17.9,7.6,5.4,5.8,19.7,11.4,7.4,4.3,3.8,8.3,15.6,7.5,4.6,5.2,18.1,10.7,7.3,4.7,3.7,9.5,20.6,7.7,6.2,6.4,21.4,12,7.5,3.9,4,5.9,11.1,4.8,5,4.6,7.4,6.5,5.4,3.8,2.6,6.5,10.9,5.7,4.9,3.6,9.4,7.1,6,4.4,2.1,5.4,11.3,4.1,5,5.4,6.3,6.1,4.8,3.2,3,4,8.8,3.4,3.1,3.4,10.7,5.2,3.9,2.6,1.9,3.8,7.9,3.2,2.9,3.8,11.4,5.1,3.7,2.6,1.9,4.1,9.7,3.5,3.3,3.2,10.3,5.3,4.1,2.5,1.9,253854000
7/1/2016,5,10.8,4.2,3.6,3.7,10.3,6.5,4.7,2.9,2.2,4.9,9.8,4.3,3.4,3.8,11.5,6.5,4.7,3,2.3,5,11.7,4.1,3.8,3.7,9.5,6.5,4.7,2.8,2.1,9,18.2,7.7,5.6,5.6,20,11.6,7.5,4.4,3.9,8.4,16,7.5,4.8,5.1,18.3,11,7.2,4.8,3.6,9.7,20.7,7.9,6.5,6.3,21.8,12.1,7.8,3.9,4.3,6,11.3,4.8,5,4.7,7.5,6.6,5.4,3.7,2.5,6.7,11.1,5.8,5.1,3.6,9.6,7.3,6.1,4.4,2.2,5.4,11.4,4.2,5,5.5,6.4,6.2,4.8,3.1,2.9,4,8.8,3.3,3.1,3.4,10.7,5.2,3.9,2.5,1.9,3.8,7.8,3.2,2.9,3.7,11.4,5.1,3.7,2.6,1.9,4.1,9.6,3.4,3.3,3.2,10.3,5.3,4.1,2.5,1.9,253620000
6/1/2016,5,10.9,4.2,3.6,3.7,10.4,6.5,4.7,2.9,2.2,5,9.9,4.4,3.4,3.8,11.6,6.6,4.7,3.1,2.2,5,11.8,4.1,3.8,3.6,9.6,6.5,4.7,2.8,2.1,9.1,18.2,7.8,5.6,5.5,20.3,11.7,7.4,4.4,3.9,8.5,16.2,7.6,4.7,5.2,19.1,11.1,7.2,4.9,3.5,9.7,20.5,8,6.5,5.9,21.6,12.3,7.7,3.9,4.6,6.1,11.4,5,5.1,4.7,7.7,6.8,5.4,3.7,2.5,6.8,11.2,6,5.3,3.6,9.9,7.6,6.1,4.2,2.2,5.6,11.6,4.3,5,5.5,6.6,6.3,4.8,3.3,2.9,4,8.8,3.4,3.1,3.3,10.7,5.2,3.9,2.6,1.9,3.8,7.8,3.3,3,3.6,11.3,5.1,3.8,2.6,1.9,4.1,9.7,3.4,3.3,3.1,10.3,5.3,4.1,2.5,1.8,253397000
5/1/2016,5,11,4.3,3.7,3.7,10.4,6.6,4.8,2.9,2.2,5,10,4.4,3.4,3.8,11.6,6.6,4.8,3.1,2.3,5.1,11.9,4.1,3.8,3.5,9.6,6.6,4.8,2.7,2.1,9.1,18.3,7.8,5.6,5.7,20.3,11.8,7.6,4.4,4.1,8.6,16.6,7.6,4.8,5.3,19.5,11.2,7.4,4.8,3.5,9.8,20.2,8.1,6.5,6.1,21.1,12.3,7.9,3.8,5,6.2,11.7,5,5.3,4.7,7.8,6.9,5.4,3.8,2.5,6.8,11.4,5.9,5.2,3.6,9.9,7.7,6,4.2,2.2,5.7,11.9,4.4,5.3,5.6,6.7,6.5,4.9,3.3,2.9,4,8.9,3.4,3.1,3.3,10.7,5.2,4,2.5,1.9,3.8,7.8,3.3,3,3.6,11.1,5.1,3.8,2.6,1.9,4.1,9.9,3.4,3.3,3,10.4,5.3,4.1,2.5,1.8,253174000
4/1/2016,5.1,11.1,4.3,3.7,3.7,10.5,6.7,4.8,2.9,2.2,5,10.1,4.5,3.5,3.8,11.7,6.7,4.8,3.2,2.3,5.1,12.2,4.2,3.9,3.6,9.8,6.7,4.8,2.7,2.1,9.3,18.6,8,5.7,6,20.9,11.9,7.7,4.5,4.2,8.7,16.7,7.7,4.8,5.6,19.9,11.2,7.4,4.8,3.6,10,20.6,8.3,6.7,6.4,21.9,12.6,8.1,4,5.2,6.3,11.8,5.1,5.3,4.7,7.9,7.1,5.5,3.9,2.5,6.8,11.3,6,5.2,3.4,9.8,7.7,6,4.4,2,5.8,12.3,4.5,5.4,5.7,6.8,6.7,5,3.4,3,4,9,3.4,3.2,3.3,10.7,5.3,4,2.6,1.9,3.9,7.9,3.3,3.1,3.6,11,5.2,3.9,2.7,2,4.1,10.1,3.4,3.2,3.1,10.6,5.3,4.1,2.5,1.8,252969000
3/1/2016,5.1,11.2,4.3,3.7,3.7,10.6,6.7,4.9,3,2.2,5.1,10.1,4.5,3.5,3.8,11.7,6.7,4.9,3.2,2.3,5.2,12.3,4.2,3.9,3.7,9.9,6.7,4.9,2.7,2.2,9.3,18.4,8,5.8,6.4,21,11.9,7.8,4.4,4.3,8.8,16.7,7.8,5.1,6.2,20,11.4,7.5,4.9,3.6,10,20.3,8.3,6.8,6.7,22,12.4,8.2,3.8,5.3,6.3,11.9,5.2,5.3,4.8,7.9,7.1,5.5,4,2.6,6.9,11.2,6.1,5,3.3,9.8,7.8,6,4.5,2.1,5.9,12.5,4.5,5.5,6,7,6.7,5.1,3.5,3,4.1,9.1,3.4,3.2,3.3,10.8,5.3,4.1,2.6,1.9,3.9,7.9,3.4,3.1,3.6,11,5.2,4,2.7,2,4.2,10.3,3.4,3.2,3.1,10.7,5.4,4.2,2.5,1.8,252768000
2/1/2016,5.2,11.3,4.4,3.7,3.7,10.7,6.7,5,3,2.2,5.1,10.2,4.5,3.5,3.8,11.8,6.7,4.9,3.1,2.3,5.2,12.4,4.3,3.9,3.7,10,6.7,5,2.8,2.2,9.4,18.4,8.1,5.9,6.7,21.2,12,7.9,4.5,4.2,8.8,16.8,7.8,5,6.5,20.6,11.5,7.5,4.9,3.6,10.1,20.2,8.3,7,7,21.8,12.4,8.4,3.9,5.2,6.4,12.1,5.2,5.3,5,8,7.2,5.7,4,2.7,7,11.4,6.1,5.2,3.5,9.9,7.9,6.1,4.4,2.3,6,12.6,4.6,5.5,6.2,7.1,6.7,5.3,3.6,3.1,4.1,9.3,3.4,3.2,3.2,11,5.3,4.1,2.6,1.9,3.9,8,3.4,3.1,3.5,11.3,5.1,4,2.7,1.9,4.2,10.5,3.5,3.2,3,10.8,5.4,4.2,2.5,1.8,252577000
1/1/2016,5.2,11.5,4.4,3.7,3.8,10.8,6.7,5,3,2.2,5.1,10.3,4.5,3.5,3.9,11.9,6.7,5,3.1,2.3,5.3,12.6,4.3,3.9,3.8,10.1,6.8,5,2.8,2.2,9.5,18.9,8.1,5.8,7.1,21.5,12,8.1,4.4,4.3,8.9,17.2,7.9,4.8,7,21.1,11.5,7.7,4.8,3.6,10.2,20.7,8.4,7,7.2,22,12.5,8.6,3.8,5.3,6.5,12.2,5.4,5.3,5.3,8.2,7.3,5.7,4.1,2.8,7,11.5,6.2,5.1,3.8,9.9,8,6.2,4.5,2.5,6.2,12.7,4.7,5.6,6.5,7.3,6.9,5.3,3.7,3.2,4.1,9.3,3.4,3.2,3.3,11,5.3,4.1,2.6,1.9,3.9,8,3.4,3.2,3.5,11.4,5.1,4.1,2.7,2,4.3,10.6,3.5,3.2,3.1,10.9,5.5,4.2,2.5,1.9,252397000
12/1/2015,5.3,11.6,4.5,3.8,3.8,10.9,6.8,5.1,3,2.2,5.2,10.4,4.6,3.6,3.9,12.1,6.7,5.1,3.2,2.3,5.4,12.8,4.4,3.9,3.8,10.2,6.9,5.1,2.9,2.2,9.7,19.4,8.2,5.8,7.3,22.1,12.1,8.3,4.4,4.1,9,17.7,7.9,4.6,7.2,21.6,11.4,7.9,4.8,3.6,10.4,21.2,8.5,7.2,7.3,22.6,12.7,8.9,3.9,5,6.6,12.4,5.4,5.4,5.7,8.3,7.5,5.7,4,2.8,7.1,11.7,6.2,5.2,3.9,10.1,8.1,6.2,4.3,2.5,6.3,13,4.8,5.5,7,7.4,7.1,5.3,3.8,3.2,4.2,9.4,3.5,3.2,3.2,11.2,5.3,4.2,2.7,1.9,4,7.9,3.4,3.3,3.5,11.6,5.1,4.2,2.7,2,4.3,10.7,3.6,3.2,3,10.9,5.5,4.3,2.6,1.9,251936000
11/1/2015,5.3,11.7,4.5,3.8,3.9,11.2,6.8,5.2,3.1,2.3,5.2,10.5,4.6,3.7,3.9,12.4,6.6,5.2,3.2,2.3,5.4,12.9,4.4,4,3.9,10.4,6.9,5.2,2.9,2.3,9.8,20,8.3,6,7.3,23.1,12.1,8.5,4.7,4.1,9.1,18,8,4.7,7.4,22.5,11.3,8,5,3.6,10.7,22.1,8.7,7.5,7.1,23.6,12.8,9.1,4.2,5,6.6,12.5,5.4,5.4,5.7,8.4,7.5,5.7,3.9,2.8,7.1,11.8,6.2,5.6,3.7,10.5,8,6.1,4.1,2.4,6.3,13,4.8,5.3,7.3,7.4,7.1,5.3,3.7,3.2,4.2,9.3,3.5,3.3,3.3,11.2,5.3,4.3,2.7,2,4,7.9,3.5,3.3,3.5,11.7,5,4.3,2.8,2,4.3,10.7,3.6,3.3,3.1,11,5.5,4.3,2.6,2,251747000
10/1/2015,5.4,11.8,4.5,3.9,4,11.3,6.8,5.2,3.1,2.3,5.3,10.7,4.6,3.7,3.9,12.6,6.6,5.2,3.3,2.3,5.5,12.9,4.5,4,4,10.5,6.9,5.2,3,2.3,9.9,20.2,8.4,6.1,7.5,23.3,12.2,8.6,4.7,4.2,9.3,18.5,8,4.8,7.7,22.5,11.5,8.1,5.1,3.7,10.7,22.1,8.7,7.7,7.3,24.1,12.8,9.2,4.2,4.8,6.6,12.5,5.4,5.4,6,8.6,7.4,5.6,3.9,2.9,7.1,11.9,6.2,5.6,3.6,10.6,8,6,4.1,2.5,6.3,12.9,4.9,5.3,7.8,7.5,7,5.3,3.8,3.3,4.2,9.4,3.6,3.3,3.3,11.4,5.3,4.3,2.8,2,4.1,8,3.6,3.4,3.4,11.9,5,4.3,2.9,2,4.4,10.7,3.6,3.3,3.2,11,5.5,4.3,2.7,2,251541000
9/1/2015,5.4,11.9,4.6,3.9,4.1,11.4,6.8,5.3,3.2,2.3,5.4,10.9,4.7,3.7,4,12.9,6.7,5.3,3.3,2.3,5.5,12.9,4.5,4.1,4.1,10.5,6.9,5.2,3.1,2.3,10.1,20.6,8.4,6.2,7.8,23.7,12.2,8.8,4.8,4.2,9.4,19.1,8,4.9,8,23.1,11.6,8.3,5.1,3.8,10.9,22.2,8.9,7.8,7.5,24.3,12.8,9.4,4.5,4.8,6.7,12.5,5.4,5.5,6.2,8.6,7.5,5.7,3.9,3,7.2,11.9,6.3,5.4,4.1,10.9,8.1,6,3.9,2.5,6.3,13,4.9,5.5,7.7,7.4,7,5.4,3.9,3.6,4.3,9.5,3.6,3.4,3.4,11.5,5.4,4.3,2.8,2,4.2,8.2,3.6,3.4,3.6,12.1,5.1,4.4,3,2,4.4,10.7,3.6,3.4,3.3,11,5.6,4.3,2.7,2,251325000
8/1/2015,5.5,12.2,4.6,3.9,4.1,11.6,6.9,5.4,3.2,2.3,5.5,11.1,4.8,3.7,4.1,13.1,6.7,5.4,3.4,2.4,5.6,13.2,4.5,4.1,4,10.6,7,5.3,3.1,2.3,10.2,20.8,8.6,6.3,8,24,12.3,8.9,4.9,4.3,9.5,19.2,8.2,4.9,8.1,23.4,11.6,8.4,5.2,3.9,11.1,22.5,9,7.9,7.9,24.5,12.9,9.6,4.6,4.9,6.7,12.8,5.4,5.4,6,8.6,7.5,5.8,3.9,3.1,7.2,12.2,6.3,5.4,4.2,11,8.2,6,4,2.7,6.4,13.3,4.8,5.4,7.4,7.4,7.1,5.5,3.8,3.5,4.4,9.7,3.7,3.4,3.4,11.7,5.4,4.4,2.9,2,4.2,8.4,3.7,3.4,3.7,12.4,5.1,4.5,3,2.1,4.5,10.9,3.7,3.4,3.2,11.2,5.7,4.3,2.8,2,251096000
7/1/2015,5.6,12.3,4.7,4,4.2,11.7,7,5.5,3.3,2.4,5.5,11.2,4.8,3.7,4.3,13.3,6.8,5.5,3.5,2.4,5.7,13.4,4.6,4.2,4.1,10.7,7.1,5.4,3.2,2.4,10.4,21.2,8.7,6.5,8.2,23.9,12.5,9.2,5,4.4,9.7,19.6,8.4,5.2,8.3,23.2,11.9,8.8,5.2,4.1,11.2,23,9.1,8,8,24.6,13,9.7,4.8,4.9,6.8,12.9,5.5,5.4,6.3,8.7,7.6,5.8,4,3.2,7.3,12.3,6.3,5.4,4.4,11.2,8.2,6,4,2.6,6.4,13.4,4.9,5.4,7.8,7.5,7.2,5.6,3.9,3.7,4.4,9.9,3.7,3.4,3.5,11.8,5.5,4.5,2.9,2.1,4.3,8.6,3.7,3.4,3.9,12.6,5.1,4.6,3.1,2.1,4.5,11.1,3.8,3.4,3.3,11.4,5.8,4.4,2.8,2,250876000
6/1/2015,5.7,12.5,4.8,4,4.3,11.9,7,5.6,3.4,2.4,5.6,11.4,4.9,3.9,4.4,13.4,6.8,5.6,3.5,2.5,5.8,13.6,4.7,4.2,4.2,11,7.2,5.5,3.3,2.3,10.7,21.7,8.9,6.6,8.4,24.6,12.5,9.5,5.4,4.4,9.9,19.9,8.6,5.4,8.2,23.5,12,9,5.5,4.3,11.5,23.6,9.3,8,8.5,25.5,13,10,5.3,4.6,6.9,13.2,5.5,5.3,6.3,8.8,7.7,5.9,4.1,2.9,7.4,12.7,6.4,5.4,4.4,11.3,8.3,6.1,4.3,2.3,6.5,13.6,4.9,5.3,7.8,7.5,7.3,5.6,3.9,3.6,4.5,10,3.8,3.5,3.6,12.1,5.6,4.6,3,2.1,4.4,8.7,3.8,3.5,4,12.8,5.1,4.7,3.1,2.1,4.6,11.3,3.8,3.5,3.4,11.6,5.9,4.4,2.9,2,250663000
5/1/2015,5.8,12.7,4.8,4.1,4.4,12,7.1,5.6,3.5,2.4,5.7,11.5,5,3.9,4.4,13.5,6.8,5.7,3.6,2.5,5.8,13.7,4.7,4.3,4.4,11.1,7.3,5.5,3.4,2.4,10.8,21.7,9.1,6.8,8.5,24.8,12.6,9.6,5.5,4.4,10,19.9,8.8,5.5,8.1,23.4,12.1,9.2,5.7,4.2,11.6,23.7,9.4,8.3,8.9,26,13.1,10,5.3,4.6,7,13.4,5.6,5.5,6.4,8.8,7.7,6,4.2,3.1,7.5,13,6.5,5.5,4.3,11.4,8.2,6.4,4.4,2.4,6.5,13.7,5,5.4,8,7.5,7.4,5.7,4,3.8,4.6,10.1,3.9,3.5,3.7,12.4,5.6,4.6,3.1,2.1,4.4,8.8,3.8,3.5,4,12.9,5.1,4.7,3.2,2.2,4.7,11.4,3.9,3.5,3.5,12,6,4.5,3,2.1,250455000
4/1/2015,5.8,12.7,4.9,4.2,4.5,12.1,7.1,5.7,3.5,2.5,5.7,11.6,5,4,4.5,13.6,6.9,5.8,3.6,2.6,5.9,13.8,4.8,4.3,4.5,11.2,7.3,5.6,3.4,2.4,10.9,22,9.1,6.9,8.7,24.8,12.6,9.8,5.6,4.4,10.2,20.3,8.8,5.8,8,23.2,12.1,9.6,5.7,4.4,11.7,23.9,9.5,8.2,9.4,26.1,13.1,10.1,5.4,4.5,7,13.4,5.7,5.6,6.4,8.9,7.8,6.1,4.3,3.2,7.7,13.3,6.5,5.7,4.4,11.6,8.5,6.4,4.4,2.6,6.6,13.5,5,5.5,7.9,7.5,7.3,5.8,4.1,3.8,4.6,10.2,3.9,3.5,3.9,12.5,5.7,4.7,3.1,2.1,4.4,8.8,3.8,3.5,4.1,12.9,5.2,4.7,3.2,2.2,4.8,11.6,3.9,3.5,3.6,12.1,6,4.6,3,2.1,250266000
3/1/2015,5.9,12.8,5,4.2,4.6,12.2,7.2,5.8,3.5,2.5,5.8,11.7,5.1,4,4.6,13.6,7,5.9,3.7,2.6,6,13.9,4.9,4.3,4.6,11.3,7.4,5.7,3.4,2.4,11,22.5,9.3,7,8.3,24.9,12.8,10,5.7,4.4,10.3,20.5,8.9,6,7.5,23,12.2,9.8,5.8,4.5,11.9,24.7,9.7,8.1,9.2,26.6,13.4,10.2,5.6,4.2,7.1,13.5,5.7,5.7,6.3,8.9,7.7,6.3,4.3,3.2,7.7,13.4,6.5,5.9,4.6,11.7,8.4,6.5,4.5,2.6,6.6,13.6,5.1,5.5,7.7,7.5,7.3,6,4.1,3.9,4.7,10.2,4,3.6,4,12.5,5.8,4.7,3.1,2.2,4.5,8.9,3.9,3.5,4.2,13,5.3,4.8,3.2,2.2,4.8,11.6,4,3.6,3.8,12.2,6.2,4.6,3,2.1,250080000
2/1/2015,6,13,5.1,4.3,4.6,12.3,7.3,5.9,3.6,2.6,5.9,11.9,5.2,4.1,4.6,13.9,7,6,3.8,2.7,6.1,14.1,5,4.4,4.6,11.4,7.5,5.8,3.5,2.5,11.2,23,9.4,7.2,8,25.1,13.1,10.1,5.9,4.4,10.5,20.9,9,6.4,7.3,22.9,12.5,10,6,4.5,12.1,25.2,9.8,8.2,8.9,27,13.7,10.2,5.7,4.2,7.2,13.6,5.8,5.7,6.2,9,7.8,6.4,4.5,3.3,7.8,13.5,6.7,5.9,4.5,12.1,8.4,6.6,4.6,2.8,6.7,13.7,5.1,5.5,7.6,7.4,7.4,6.2,4.3,3.9,4.7,10.4,4,3.6,4.1,12.6,5.9,4.8,3.2,2.2,4.6,8.9,4,3.6,4.3,13.1,5.4,4.9,3.3,2.3,4.9,11.7,4.1,3.6,3.9,12.4,6.2,4.7,3.1,2.1,249899000
1/1/2015,6.1,13.2,5.2,4.3,4.6,12.5,7.5,6,3.7,2.6,6,12,5.3,4.2,4.6,14.1,7.1,6.1,3.8,2.8,6.2,14.4,5.1,4.4,4.6,11.5,7.7,5.9,3.6,2.5,11.4,23.1,9.6,7.3,7.7,24.9,13.4,10.2,6.1,4.4,10.5,20.9,9.1,6.6,7.2,22.7,12.6,10,6.1,4.6,12.3,25.6,10.1,8.2,8.3,26.8,14,10.5,6.2,4.1,7.3,13.9,5.9,5.8,5.8,9.2,7.8,6.5,4.4,3.3,8,13.8,6.9,6,4.3,12.6,8.4,6.9,4.7,2.8,6.7,13.9,5.2,5.6,7,7.5,7.4,6.2,4.2,3.7,4.8,10.5,4.1,3.6,4.1,12.8,6,4.9,3.2,2.2,4.6,9,4.1,3.6,4.3,13.1,5.4,4.9,3.3,2.4,5,12,4.2,3.7,3.9,12.6,6.4,4.8,3.1,2.1,249723000
12/1/2014,6.2,13.4,5.2,4.4,4.6,12.6,7.6,6.1,3.8,2.7,6.1,12.2,5.3,4.2,4.7,14.2,7.2,6.2,3.9,2.8,6.3,14.5,5.2,4.5,4.6,11.6,7.8,6,3.7,2.5,11.5,23.5,9.6,7.4,7.8,24.9,13.6,10.3,6.2,4.4,10.6,21.3,9.1,6.7,7.5,22.9,12.9,10,6.1,4.6,12.5,25.9,10.2,8.2,8.2,26.5,14.3,10.6,6.3,4.1,7.4,14,6,6,5.6,9.4,7.9,6.8,4.5,3.2,8.2,14.2,7.1,6.1,4.2,12.9,8.5,7.2,4.9,2.7,6.8,13.8,5.3,5.9,6.6,7.6,7.5,6.4,4.1,3.6,4.9,10.7,4.2,3.7,4.2,12.9,6.1,4.9,3.3,2.3,4.7,9.1,4.1,3.6,4.4,13.1,5.4,5,3.4,2.4,5.1,12.2,4.2,3.8,4,12.7,6.6,4.8,3.2,2.1,249027000
11/1/2014,6.3,13.5,5.3,4.5,4.7,12.7,7.7,6.1,3.8,2.7,6.2,12.3,5.4,4.3,4.8,14.3,7.4,6.2,3.9,2.8,6.4,14.6,5.2,4.6,4.6,11.7,8,6.1,3.7,2.5,11.6,23.3,9.8,7.5,8.2,24.4,13.9,10.4,6.3,4.3,10.8,21.3,9.3,6.9,7.7,22.6,13.3,10.1,6.3,4.6,12.5,25.5,10.4,8.2,8.8,25.9,14.5,10.8,6.3,3.8,7.6,14.2,6.2,6.1,5.8,9.6,8.1,7,4.6,3.2,8.4,14.4,7.3,6.1,4.6,13.1,8.6,7.4,5.1,2.8,6.9,14,5.4,6.1,6.8,7.8,7.7,6.6,4.1,3.5,5,10.8,4.2,3.8,4.2,13.1,6.2,5,3.3,2.3,4.7,9.2,4.1,3.7,4.5,13.3,5.5,5,3.4,2.4,5.2,12.3,4.3,3.8,4,12.9,6.7,4.9,3.2,2.2,248844000
10/1/2014,6.4,13.6,5.4,4.5,4.7,12.9,7.8,6.3,3.8,2.7,6.2,12.4,5.5,4.3,4.9,14.5,7.5,6.3,4,2.8,6.5,14.7,5.4,4.7,4.6,11.9,8.1,6.2,3.7,2.5,11.7,23.5,9.9,7.4,8.3,24.7,14,10.5,6.3,4.3,10.9,21.3,9.5,6.8,7.9,23.1,13.4,10.2,6.2,4.7,12.6,25.8,10.4,8.2,8.8,26,14.5,10.9,6.5,3.7,7.7,14.4,6.4,6.3,5.6,9.8,8.2,7.2,4.7,3.1,8.6,14.7,7.4,6.2,4.5,13.3,8.8,7.5,5.3,2.8,7.1,14.1,5.6,6.4,6.5,7.9,7.9,6.9,4.1,3.5,5,10.9,4.3,3.8,4.3,13.3,6.3,5.1,3.3,2.4,4.8,9.3,4.2,3.7,4.6,13.3,5.6,5.1,3.4,2.5,5.3,12.5,4.4,3.9,4.1,13.3,6.8,5,3.3,2.2,248657000
9/1/2014,6.5,13.8,5.5,4.6,4.8,13.1,8,6.4,3.9,2.7,6.3,12.4,5.6,4.4,4.9,14.6,7.5,6.4,4,2.9,6.6,15.1,5.5,4.8,4.7,12.2,8.3,6.4,3.8,2.6,11.8,23.6,10.1,7.7,8.3,25.1,14.1,10.6,6.5,4.4,11.1,21.1,9.7,7.2,7.8,23.3,13.5,10.3,6.6,4.8,12.7,26.4,10.5,8.2,8.8,26.5,14.7,11,6.4,3.9,7.9,14.6,6.5,6.7,5.5,10,8.5,7.4,4.8,3.1,8.7,14.9,7.5,6.5,4.4,13.4,9,7.5,5.5,2.9,7.4,14.3,5.8,6.8,6.4,8.2,8.1,7.2,4.2,3.3,5.1,11.1,4.4,3.9,4.4,13.6,6.4,5.2,3.4,2.4,4.8,9.3,4.3,3.8,4.7,13.5,5.7,5.2,3.4,2.5,5.4,12.8,4.6,4,4.2,13.6,7,5.2,3.3,2.3,248446000
8/1/2014,6.6,13.9,5.6,4.7,4.9,13.2,8.2,6.5,4,2.8,6.4,12.4,5.6,4.6,4.9,14.6,7.7,6.4,4.1,2.9,6.8,15.2,5.6,4.9,4.8,12.4,8.5,6.5,3.9,2.6,12,23.8,10.2,7.7,8.4,25.5,14.4,10.7,6.5,4.5,11.1,21.2,9.7,7.3,8.1,23.4,13.6,10.3,6.5,4.9,13,26.6,10.8,8.1,8.7,27.2,15,11.2,6.4,3.8,8.1,14.7,6.7,6.9,5.6,10.1,8.7,7.4,5,3.3,8.8,14.7,7.6,6.6,4.4,13.4,9,7.5,5.7,3,7.6,14.8,6,7.2,6.5,8.4,8.5,7.4,4.4,3.6,5.2,11.2,4.5,4,4.5,13.7,6.6,5.2,3.5,2.5,4.9,9.4,4.3,3.9,4.7,13.6,5.8,5.2,3.5,2.6,5.5,12.8,4.7,4.1,4.3,13.8,7.2,5.3,3.4,2.4,248229000
7/1/2014,6.7,14.1,5.7,4.8,4.8,13.4,8.3,6.5,4,2.8,6.4,12.6,5.7,4.6,4.7,14.7,7.7,6.5,4.1,2.9,6.9,15.5,5.7,5,4.8,12.6,8.7,6.6,3.9,2.6,12.1,24,10.3,7.7,8.2,26.1,14.5,10.7,6.4,4.3,11.2,21.4,9.7,7.3,7.9,24.1,13.5,10.3,6.5,4.9,13.2,26.9,11,8.3,8.6,27.9,15.4,11.3,6.3,3.5,8.2,15,6.8,7.1,5.4,10.3,8.9,7.6,5,3.3,8.8,14.8,7.7,6.6,4.3,13.4,9.1,7.6,5.7,3,7.8,15.2,6.2,7.4,6.3,8.6,8.8,7.6,4.4,3.6,5.3,11.3,4.6,4.1,4.4,13.8,6.7,5.3,3.5,2.5,5,9.6,4.4,4,4.5,13.6,5.9,5.3,3.5,2.6,5.6,13,4.7,4.2,4.4,14,7.3,5.4,3.5,2.4,248023000
6/1/2014,6.8,14.3,5.8,4.9,4.8,13.6,8.4,6.6,4,2.9,6.5,12.7,5.8,4.6,4.7,14.9,7.8,6.6,4.1,3,7,15.7,5.9,5.1,4.9,12.7,8.8,6.7,4,2.7,12.2,24.4,10.4,7.8,7.9,26.4,14.6,10.8,6.3,4.5,11.2,21.6,9.8,7.3,7.7,24.4,13.5,10.4,6.6,5,13.3,27.4,11.1,8.5,8.3,28.3,15.7,11.4,5.9,3.7,8.4,15.2,6.9,7.2,5.6,10.4,9,7.7,5.2,3.6,8.9,14.9,7.8,6.7,4.3,13.6,9.1,7.6,5.9,3.2,8,15.4,6.3,7.7,6.5,8.7,8.9,7.8,4.6,4.1,5.4,11.5,4.7,4.1,4.4,14,6.8,5.4,3.6,2.6,5,9.7,4.4,3.9,4.4,13.8,6,5.4,3.5,2.6,5.7,13.2,4.9,4.3,4.4,14.1,7.4,5.5,3.6,2.5,247814000
5/1/2014,6.9,14.6,5.9,4.9,4.8,13.8,8.6,6.8,4.1,2.9,6.6,12.9,5.9,4.7,4.8,15.2,8,6.7,4.1,3,7.1,16.1,6,5.2,4.9,12.8,9,6.9,4.1,2.8,12.5,25.2,10.6,7.9,7.7,27.2,14.9,11.1,6.3,4.7,11.5,22.1,10,7.5,7.6,25.1,13.7,10.7,6.6,5.2,13.6,28.6,11.2,8.3,7.7,29.1,16,11.6,5.8,3.8,8.5,15.2,7.1,7.3,5.7,10.5,9.2,7.9,5.2,3.5,9,14.8,7.9,7,4.9,13.6,9.3,7.9,5.8,3.1,8.1,15.6,6.4,7.6,6.3,8.9,9.1,7.8,4.7,4.1,5.5,11.7,4.8,4.2,4.5,14.1,7,5.5,3.6,2.6,5.1,9.9,4.5,4,4.5,14.3,6.2,5.4,3.6,2.7,5.8,13.4,4.9,4.4,4.6,13.9,7.5,5.6,3.7,2.6,247622000
4/1/2014,7,14.8,6,5,4.8,14,8.7,6.9,4.2,2.9,6.7,13.1,5.9,4.7,4.7,15.6,8,6.7,4.2,3.1,7.2,16.4,6,5.3,4.9,13,9.1,7,4.2,2.8,12.7,25.5,10.7,7.9,7.4,27.7,15,11.2,6.4,4.8,11.6,22.1,10.2,7.5,7.4,25.7,13.8,10.6,6.7,5.3,13.8,29.2,11.4,8.4,7.4,29.5,16.1,11.9,5.9,4.1,8.6,15.6,7.1,7.3,6,10.7,9.2,7.9,5.3,3.5,9.1,15,8,7,5,13.9,9.2,8.1,5.8,3,8.2,16,6.5,7.5,6.8,9.1,9.2,7.8,4.8,4,5.6,12,4.8,4.3,4.5,14.3,7.1,5.6,3.7,2.7,5.2,10.2,4.6,4.1,4.5,14.9,6.2,5.5,3.6,2.7,6,13.7,5,4.6,4.6,13.9,7.7,5.8,3.8,2.6,247439000
3/1/2014,7.1,15.1,6.1,5.1,4.9,14.3,8.8,6.9,4.2,2.9,6.8,13.4,6,4.8,4.8,16,8.1,6.8,4.2,3.1,7.4,16.6,6.1,5.4,5,13.3,9.3,7.1,4.2,2.8,12.8,25.7,10.9,7.9,7.7,28.2,15.2,11.2,6.5,4.9,11.7,22.4,10.3,7.5,7.7,26.3,13.9,10.6,6.8,5.3,14,29.3,11.6,8.4,7.6,29.9,16.3,11.9,6,4.3,8.8,16,7.2,7.3,6.2,11,9.4,8,5.4,3.5,9.2,15.5,8,6.8,5.3,14.1,9.4,8.1,5.9,3.1,8.4,16.4,6.6,7.6,6.9,9.4,9.4,7.9,4.9,3.9,5.7,12.2,4.9,4.4,4.6,14.6,7.2,5.7,3.8,2.7,5.3,10.5,4.7,4.1,4.5,15.3,6.3,5.6,3.7,2.7,6.1,13.9,5.1,4.7,4.7,14.2,7.8,5.9,3.9,2.7,247258000
2/1/2014,7.2,15.2,6.1,5.1,5,14.6,8.9,7,4.3,3,6.9,13.5,6.1,4.8,4.9,16.3,8.2,6.8,4.2,3.1,7.4,16.7,6.2,5.4,5.1,13.6,9.4,7.1,4.3,2.8,12.9,25.9,10.9,7.9,7.8,28.5,15.2,11.2,6.5,5,11.8,22.4,10.3,7.4,7.7,26.7,13.8,10.7,6.9,5.4,14.1,29.7,11.6,8.4,7.9,30.1,16.5,11.9,6,4.3,8.9,16.2,7.3,7.4,6.9,11.3,9.6,7.9,5.5,3.3,9.3,15.8,8.1,6.7,6,14.4,9.6,8,6,2.9,8.5,16.6,6.7,7.9,7.6,9.7,9.5,7.8,5,3.7,5.8,12.3,5,4.5,4.7,14.9,7.3,5.8,3.8,2.7,5.4,10.6,4.7,4.2,4.6,15.6,6.4,5.6,3.7,2.8,6.1,14,5.2,4.7,4.8,14.4,7.9,5.9,4,2.7,247085000
1/1/2014,7.3,15.3,6.2,5.2,5.2,14.8,9,7,4.3,3,7,13.8,6.1,4.9,5,16.5,8.3,6.9,4.3,3.2,7.5,16.8,6.3,5.5,5.3,13.8,9.5,7.2,4.3,2.9,13,26.4,11,8.1,8.1,29.2,15.3,11.3,6.5,5,12,23.1,10.5,7.7,7.7,27.7,13.9,11,6.9,5.4,14.1,29.9,11.5,8.6,8.6,30.7,16.6,11.7,6,4.4,9,16.4,7.4,7.4,7.3,11.3,9.7,8,5.6,3.4,9.5,16.1,8.2,6.7,6.3,14.5,9.7,8.1,6,3.2,8.7,16.7,6.8,8,8,9.7,9.7,7.9,5.2,3.7,5.9,12.4,5.1,4.5,4.8,15.2,7.4,5.8,3.9,2.8,5.5,10.8,4.8,4.2,4.7,15.7,6.6,5.6,3.7,2.9,6.2,14,5.3,4.8,4.9,14.8,8,6,4,2.8,246915000
12/1/2013,7.4,15.5,6.3,5.3,5.3,15.2,9.2,7.1,4.3,3.1,7.1,13.9,6.3,5,5.1,16.8,8.5,7,4.3,3.3,7.6,17.1,6.4,5.7,5.5,14.2,9.6,7.3,4.3,2.9,13.2,26.5,11.1,8.3,8.1,30,15.5,11.4,6.5,5,12.2,23.5,10.7,8,7.5,28.3,14.2,11.2,7,5.4,14.2,29.8,11.7,8.6,8.9,31.4,16.7,11.7,5.9,4.2,9.1,16.6,7.5,7.5,7.6,11.5,9.9,7.9,5.8,3.6,9.5,15.9,8.3,6.6,6.6,14.6,9.9,8,6,3.6,8.8,17,6.9,8.2,8.4,10,9.9,7.9,5.5,3.6,6,12.7,5.1,4.7,5,15.6,7.6,5.9,3.9,2.9,5.6,11,4.9,4.4,4.8,15.9,6.8,5.7,3.8,3,6.3,14.4,5.4,4.9,5.1,15.3,8.1,6.1,4,2.8,246745000
11/1/2013,7.5,15.8,6.4,5.4,5.4,15.4,9.3,7.2,4.4,3.2,7.2,14.2,6.3,5,5.2,16.9,8.7,7,4.4,3.5,7.7,17.3,6.4,5.7,5.6,14.5,9.7,7.3,4.4,2.9,13.4,27.1,11.3,8.3,7.7,30.6,15.6,11.6,6.7,5,12.4,24.2,10.8,8,7,29,14.3,11.4,7,5.5,14.4,30.3,11.8,8.6,8.6,32.1,16.8,11.9,6.2,4.2,9.2,16.7,7.6,7.7,7.8,11.7,10,7.9,5.9,3.8,9.6,16.1,8.4,6.6,7,14.7,10.2,7.9,6,4,8.9,17.1,7,8.5,8.3,10.1,9.9,7.9,5.8,3.5,6.1,12.9,5.2,4.7,5.1,15.8,7.7,6,3.9,2.9,5.6,11.1,4.9,4.4,5,16,6.9,5.8,3.8,3.1,6.4,14.6,5.4,5,5.2,15.6,8.2,6.2,4,2.8,246567000
10/1/2013,7.5,15.9,6.4,5.5,5.5,15.6,9.3,7.2,4.4,3.2,7.3,14.3,6.4,5.1,5.3,17.2,8.8,7.1,4.4,3.5,7.8,17.4,6.4,5.8,5.7,14.6,9.8,7.4,4.4,2.9,13.4,27.4,11.3,8.4,7.5,30.8,15.8,11.6,6.7,5,12.4,24.5,10.7,8.1,6.7,29.1,14.3,11.4,7.1,5.5,14.6,30.6,12,8.7,8.4,32.2,17.2,11.9,6.3,4.2,9.3,16.8,7.7,7.9,8,11.9,10.1,7.9,6,3.8,9.8,16.4,8.6,6.7,7.5,15.2,10.4,7.9,5.9,4.3,8.9,17.2,7,8.8,8.3,10.3,9.9,7.9,6,3.3,6.1,13,5.2,4.8,5.2,16,7.7,6.1,3.9,2.9,5.7,11.2,5,4.4,5,16.1,7,5.8,3.8,3.2,6.5,14.7,5.4,5,5.3,15.8,8.3,6.3,4,2.7,246381000
9/1/2013,7.6,16,6.5,5.5,5.5,15.7,9.4,7.3,4.4,3.2,7.3,14.5,6.5,5.1,5.3,17.3,8.9,7.1,4.4,3.6,7.8,17.5,6.5,5.8,5.7,14.8,9.8,7.4,4.4,2.8,13.5,27.6,11.4,8.4,7.4,30.6,16,11.7,6.6,4.9,12.5,24.7,10.7,8,6.5,29,14.6,11.4,6.8,5.3,14.7,30.8,12.1,8.8,8.5,32.1,17.3,12,6.4,4.3,9.4,17,7.7,8,8.1,12.1,10.1,7.9,5.9,3.9,9.9,16.6,8.7,6.8,7.7,15.5,10.5,8,5.8,4.7,9,17.2,7,8.9,8.5,10.4,9.9,7.8,6.1,3,6.2,13,5.3,4.8,5.3,16,7.8,6.1,3.9,2.9,5.8,11.3,5.1,4.5,5.1,16.2,7.1,5.9,3.8,3.2,6.5,14.7,5.5,5.1,5.4,15.9,8.3,6.3,4,2.7,246168000
8/1/2013,7.6,16,6.5,5.5,5.6,15.8,9.5,7.3,4.4,3.2,7.4,14.5,6.6,5.2,5.3,17.4,9,7.2,4.5,3.6,7.8,17.4,6.5,5.9,5.8,14.8,9.9,7.4,4.4,2.8,13.6,27.7,11.5,8.4,7.3,30.3,16.2,11.8,6.7,5.1,12.6,24.8,10.9,8.1,6.1,28.7,14.8,11.6,7,5.2,14.7,30.9,12.2,8.9,8.8,31.7,17.4,12,6.3,4.8,9.5,16.9,7.8,8.2,8.3,12.3,10.2,7.9,5.9,3.6,10.1,16.9,8.8,7.1,7.8,15.8,10.7,8.1,5.7,4.6,9,16.9,7.1,9,8.6,10.5,9.9,7.7,6.1,2.7,6.2,13.1,5.3,4.8,5.3,16.1,7.9,6.2,4,2.9,5.8,11.3,5.2,4.5,5.2,16.2,7.2,6,3.9,3.2,6.5,14.9,5.5,5.1,5.5,16.1,8.3,6.4,4,2.7,245959000
7/1/2013,7.7,16.1,6.6,5.6,5.7,15.9,9.6,7.3,4.5,3.2,7.5,14.6,6.7,5.2,5.5,17.4,9.2,7.2,4.5,3.6,7.9,17.6,6.5,5.9,5.9,15,9.9,7.4,4.4,2.9,13.7,27.8,11.6,8.6,7.6,30.1,16.3,11.9,6.8,5.2,12.7,24.8,11,8.1,6.4,28.2,15.1,11.8,7,5.1,14.8,31.2,12.2,9.1,9,31.8,17.5,12,6.4,5.3,9.5,17,7.9,8.2,8.4,12.4,10.3,8,6,3.7,10.2,17.1,8.9,7.2,7.9,15.8,10.9,8.1,5.8,4.9,9,16.9,7.2,9,8.7,10.6,9.8,7.8,6.1,2.5,6.3,13.2,5.4,4.9,5.5,16.4,7.9,6.2,4,3,5.9,11.4,5.2,4.5,5.4,16.5,7.3,6,3.9,3.2,6.6,15,5.5,5.2,5.5,16.3,8.4,6.4,4.1,2.7,245756000
6/1/2013,7.8,16.2,6.7,5.7,5.9,16,9.7,7.4,4.5,3.2,7.6,14.7,6.7,5.3,5.7,17.5,9.3,7.4,4.6,3.6,7.9,17.6,6.6,6,6.1,15.1,9.9,7.4,4.5,2.9,13.8,27.8,11.7,8.8,8.3,30.2,16.4,12,7,5.3,12.8,24.7,11.1,8.4,6.9,28.1,15.2,11.9,7.2,5,15,31.2,12.3,9.4,9.9,32.1,17.6,12.2,6.7,5.7,9.6,17,7.9,8.2,8.9,12.4,10.3,8.1,5.9,3.6,10.3,17.1,9,7.2,8.7,15.8,11,8.3,5.8,5.1,9.1,16.9,7.2,9,9.1,10.7,9.9,8,6,2.1,6.3,13.3,5.4,4.9,5.6,16.5,8.1,6.2,4.1,3,6,11.6,5.3,4.6,5.5,16.6,7.4,6.1,4,3.2,6.6,15,5.5,5.2,5.7,16.4,8.5,6.4,4.1,2.7,245552000
5/1/2013,7.8,16.2,6.7,5.7,6.1,16.2,9.7,7.4,4.6,3.2,7.6,14.8,6.8,5.3,5.8,17.5,9.4,7.4,4.7,3.6,8,17.6,6.6,6.1,6.3,15.3,10,7.5,4.5,2.8,13.8,27.6,11.7,8.8,8.8,30.2,16.4,12,7.1,5.2,12.8,24.9,11.1,8.3,6.9,28.2,15.2,11.8,7.3,4.9,15,30.5,12.5,9.4,10.9,32,17.4,12.3,6.9,5.7,9.8,17.3,8.1,8.3,9.1,12.6,10.5,8.3,6,3.6,10.5,17.4,9.1,7.3,8.8,15.8,11.2,8.3,6.1,5.2,9.2,17.1,7.3,9.1,9.4,11,9.9,8.3,5.9,2.1,6.4,13.3,5.5,5,5.7,16.7,8.1,6.3,4.1,2.9,6.1,11.5,5.4,4.7,5.6,16.6,7.5,6.2,4.1,3.2,6.7,15,5.6,5.2,5.7,16.8,8.5,6.4,4,2.6,245363000
4/1/2013,7.9,16.2,6.8,5.8,6.2,16.2,9.8,7.5,4.6,3.2,7.7,14.8,6.9,5.4,6.1,17.4,9.5,7.5,4.8,3.6,8,17.5,6.7,6.1,6.3,15.5,10,7.5,4.5,2.8,13.8,27.4,11.8,8.8,9.2,30.3,16.3,12.1,7.2,5.1,12.8,24.8,11.1,8.2,7.2,28.1,15.1,12,7.4,4.7,15.1,30.3,12.5,9.6,11.3,32.3,17.4,12.3,7,5.7,9.9,17.5,8.2,8.5,9.5,12.8,10.6,8.5,6,3.6,10.6,17.6,9.2,7.4,9.4,15.9,11.3,8.4,6.2,5.1,9.4,17.4,7.5,9.5,9.7,11.2,10.1,8.6,5.8,2.2,6.4,13.3,5.5,5,5.8,16.7,8.2,6.3,4.1,2.9,6.1,11.5,5.5,4.7,5.8,16.5,7.7,6.3,4.1,3.2,6.7,14.9,5.6,5.3,5.7,16.9,8.6,6.4,4.1,2.6,245175000
3/1/2013,7.9,16.2,6.8,5.9,6.2,16.3,9.9,7.6,4.6,3.2,7.8,14.8,6.9,5.5,6.2,17.4,9.5,7.6,4.8,3.6,8.1,17.6,6.7,6.2,6.3,15.5,10.1,7.6,4.4,2.8,13.9,27.4,11.8,9,9.2,30.2,16.3,12.2,7.2,5.1,12.7,24.6,11.1,8,7.3,27.7,15,12,7.3,4.6,15.2,30.4,12.6,10.2,11.3,32.5,17.5,12.5,7,5.8,10,17.5,8.3,8.7,9.5,12.9,10.7,8.7,5.9,3.6,10.7,17.5,9.4,7.7,9.3,16.1,11.4,8.7,6.2,5,9.5,17.6,7.6,9.5,9.6,11.2,10.3,8.8,5.6,2.2,6.5,13.3,5.6,5.1,5.8,16.7,8.2,6.4,4.1,2.9,6.2,11.5,5.5,4.8,6,16.5,7.7,6.3,4.1,3.2,6.7,15,5.6,5.3,5.7,16.9,8.6,6.4,4.1,2.6,244995000
2/1/2013,8,16.3,6.9,5.9,6.2,16.3,9.9,7.7,4.6,3.2,7.8,14.8,7,5.5,6.2,17.5,9.6,7.7,4.8,3.6,8.1,17.6,6.8,6.3,6.2,15.6,10.2,7.7,4.5,2.9,13.9,27.3,11.8,9.1,9.4,30.1,16.4,12.4,7.1,5.1,12.8,24.9,11.1,8,7.5,27.5,15.1,12.2,7.1,4.6,15.3,30.1,12.7,10.4,11.6,32.5,17.6,12.7,7.1,6,10.1,17.6,8.4,8.9,8.8,13.1,10.8,8.8,5.8,3.7,10.7,17.3,9.5,8.1,9,16.3,11.3,8.8,6.1,5,9.7,17.9,7.7,9.6,8.7,11.4,10.5,8.8,5.5,2.4,6.5,13.3,5.6,5.1,5.9,16.8,8.3,6.4,4.1,2.9,6.2,11.5,5.6,4.8,6,16.4,7.8,6.4,4.2,3.2,6.7,14.9,5.7,5.4,5.7,17,8.6,6.5,4.1,2.6,244828000
1/1/2013,8,16.3,7,5.9,6.3,16.5,10,7.7,4.7,3.2,7.9,14.7,7.1,5.6,6.3,17.5,9.6,7.7,4.8,3.5,8.2,17.7,6.9,6.3,6.2,15.8,10.2,7.7,4.6,2.9,14,27.1,12,8.9,9.4,30,16.5,12.3,7.1,5.2,12.7,24.3,11.1,7.7,7.6,27.1,15.2,12,7.1,4.6,15.4,30.1,13,10.3,11.5,32.8,17.7,12.8,7.2,6.1,10.2,17.7,8.6,8.9,8.9,13.4,10.9,8.7,6,3.5,10.8,17.2,9.6,8.2,8.9,16.6,11.4,8.7,6.1,4.7,9.8,18.1,7.8,9.5,8.9,11.7,10.6,8.7,5.8,2.3,6.6,13.3,5.7,5.2,5.9,16.8,8.3,6.5,4.2,2.9,6.3,11.4,5.7,4.9,6.2,16.5,7.8,6.5,4.2,3.2,6.8,15.1,5.7,5.4,5.7,17.1,8.7,6.5,4.2,2.6,244663000
12/1/2012,8.1,16.2,7,5.9,6.2,16.5,10,7.7,4.7,3.2,7.9,14.7,7.1,5.6,6.3,17.6,9.6,7.8,4.9,3.6,8.2,17.6,6.9,6.3,6.2,15.8,10.3,7.6,4.6,2.9,13.9,27,12,8.8,9.4,29.5,16.5,12.3,7.2,5.4,12.7,24.3,11.2,7.5,7.6,26.9,15.3,12,7,4.6,15.4,30,12.9,10.3,11.4,32,17.7,12.7,7.3,6.5,10.3,17.7,8.6,9.2,8.7,13.5,10.9,8.8,6,3.6,10.9,17.3,9.6,8.5,8.7,16.7,11.3,8.9,6.3,4.6,9.9,18,7.9,9.7,8.8,11.9,10.6,8.6,5.8,2.5,6.6,13.2,5.7,5.1,5.8,16.9,8.3,6.5,4.2,2.9,6.3,11.3,5.7,4.9,6.2,16.6,7.8,6.5,4.2,3.2,6.8,15,5.8,5.4,5.6,17.1,8.7,6.5,4.2,2.6,244350000
11/1/2012,8.1,16.2,7.1,6,6.3,16.6,10,7.8,4.7,3.2,7.9,14.6,7.2,5.6,6.4,17.7,9.6,7.9,4.8,3.6,8.3,17.8,7,6.3,6.2,15.9,10.4,7.7,4.7,3,14.1,27,12.1,8.9,9.6,29.6,16.6,12.4,7.1,5.7,12.8,24,11.4,7.7,7.9,26.8,15.5,12,6.9,4.9,15.5,30.2,13,10.4,11.6,32.2,17.7,12.9,7.4,6.9,10.4,17.9,8.8,9.2,8.2,13.6,10.9,9,6.1,3.5,11,17.2,9.8,8.5,8.2,16.7,11.2,9.1,6.4,4.4,10,18.4,8.1,9.7,8.2,12,10.8,8.9,5.9,2.6,6.6,13.2,5.8,5.2,5.9,16.9,8.4,6.5,4.3,2.9,6.4,11.4,5.7,4.9,6.2,16.6,7.9,6.6,4.2,3.2,6.8,15,5.8,5.4,5.7,17.2,8.8,6.4,4.3,2.7,244174000
10/1/2012,8.2,16.3,7.2,6,6.3,16.6,10.1,7.9,4.8,3.3,8,14.6,7.2,5.7,6.5,17.6,9.7,8,4.9,3.5,8.4,17.9,7.1,6.3,6.2,15.9,10.5,7.7,4.7,3.1,14.2,27.1,12.3,9.1,9.6,29.6,16.7,12.7,7.1,5.8,13,24,11.6,7.7,7.9,26.9,15.6,12.3,6.9,4.9,15.7,30.6,13.1,10.7,11.6,32.2,17.7,13.2,7.4,7.2,10.5,18,8.9,9,8.3,13.6,11,9.2,6.3,3.7,11,17.1,9.9,8.3,7.7,16.4,11.1,9.3,6.6,4.4,10.2,18.7,8.2,9.5,8.8,12.1,11,9.1,6,2.9,6.7,13.3,5.8,5.2,6,16.8,8.5,6.6,4.3,3,6.4,11.5,5.8,5,6.4,16.5,7.9,6.7,4.2,3.2,6.9,15.1,5.9,5.4,5.7,17.1,8.9,6.4,4.3,2.8,243983000
9/1/2012,8.3,16.4,7.2,6.1,6.4,16.6,10.2,8,4.8,3.3,8,14.6,7.3,5.7,6.7,17.7,9.6,8.1,4.9,3.5,8.5,18,7.2,6.4,6.3,15.9,10.6,7.8,4.8,3.1,14.3,27.1,12.4,9.2,9.6,29.5,16.7,12.9,7.1,5.7,13,24.1,11.7,7.7,8.1,26.9,15.5,12.4,6.8,5,15.8,30.4,13.3,11,11.4,31.9,17.8,13.4,7.5,6.9,10.6,18.2,9,9,8.5,13.6,11.2,9.4,6.5,3.8,11,17.2,9.9,8.5,7.7,16.4,11.1,9.5,6.7,4.2,10.3,18.9,8.4,9.3,9.2,12.1,11.2,9.2,6.2,3.4,6.7,13.4,5.9,5.3,6.1,16.9,8.6,6.6,4.3,3,6.5,11.5,5.8,5,6.6,16.7,7.9,6.8,4.3,3.2,7,15.2,5.9,5.5,5.7,17.1,9,6.5,4.4,2.8,243772000
8/1/2012,8.4,16.5,7.3,6.1,6.5,16.8,10.3,8.1,4.9,3.3,8.1,14.8,7.4,5.8,6.8,17.9,9.7,8.3,4.9,3.6,8.6,18.1,7.3,6.5,6.3,16,10.7,8,4.8,3.1,14.5,27.4,12.6,9.3,9.6,30.1,16.8,13.1,7.1,5.8,13.3,24.7,11.9,7.7,8.3,27.8,15.7,12.7,6.6,5.2,15.9,30.4,13.4,11.2,11,32.2,17.8,13.6,7.8,6.7,10.8,18.3,9.1,9.1,8.6,13.5,11.2,9.7,6.5,4,11.1,17.2,10,8.5,7.6,16.2,11.2,9.9,6.8,4.5,10.5,19.1,8.5,9.5,9.4,12.2,11.3,9.5,6.3,3.6,6.8,13.5,6,5.3,6.2,17.1,8.6,6.7,4.3,3,6.5,11.7,5.9,5.1,6.7,17.1,8,6.9,4.3,3.2,7,15.2,6.1,5.5,5.7,17.2,9.1,6.6,4.4,2.8,243566000
7/1/2012,8.4,16.6,7.4,6.2,6.5,16.9,10.3,8.2,4.9,3.3,8.2,14.9,7.4,5.9,6.8,18.2,9.7,8.4,5,3.5,8.7,18.1,7.4,6.5,6.3,16.1,10.8,8.1,4.8,3.1,14.7,27.7,12.8,9.3,9.4,30.7,17,13.3,7.1,5.8,13.4,25.1,12,7.6,8.3,29.1,15.8,12.7,6.5,5.3,16.1,30.5,13.8,11.3,10.5,32.4,18,14.1,7.9,6.7,10.8,18.4,9.2,9.1,8.7,13.6,11.4,9.7,6.7,4,11.3,17.3,10.2,8.5,7.6,16.5,11.2,10,6.9,4.4,10.5,19.2,8.6,9.6,9.6,12.1,11.5,9.5,6.5,3.6,6.9,13.5,6,5.4,6.2,17.2,8.6,6.9,4.4,2.9,6.6,11.7,5.9,5.1,6.8,17,7.9,7,4.3,3.1,7.1,15.2,6.1,5.6,5.7,17.3,9.2,6.7,4.4,2.8,243354000
6/1/2012,8.5,16.7,7.5,6.3,6.5,17.1,10.4,8.3,4.9,3.3,8.2,15.1,7.4,5.9,6.8,18.4,9.7,8.4,5,3.5,8.7,18.2,7.5,6.6,6.3,16.2,10.9,8.2,4.9,3.1,14.8,27.9,13.1,9.3,8.8,30.7,17.1,13.5,7.1,5.8,13.6,25.7,12.2,7.5,8.2,29.3,16,12.9,6.4,5.4,16.3,30.3,14.1,11.5,9.6,32,18.2,14.3,8,6.4,10.9,18.6,9.3,9.4,8.4,13.8,11.4,9.7,6.8,3.8,11.3,17.6,10.2,8.8,7,16.6,11.2,10,7,4.2,10.6,19.3,8.7,9.8,9.5,12.3,11.6,9.5,6.5,3.5,6.9,13.6,6,5.5,6.2,17.4,8.7,6.9,4.4,2.9,6.6,11.9,5.9,5.2,6.8,17.1,7.9,7,4.4,3,7.2,15.2,6.2,5.7,5.7,17.5,9.2,6.8,4.4,2.8,243155000
5/1/2012,8.6,16.7,7.6,6.4,6.4,17.2,10.5,8.4,5,3.3,8.3,15.2,7.5,6,6.7,18.6,9.8,8.5,5,3.5,8.8,18.2,7.6,6.8,6.2,16.3,11,8.3,5,3.1,15,28,13.3,9.4,8.7,30.8,17.4,13.7,7.1,5.9,13.6,25.7,12.3,7.4,8.2,29.5,16.1,13,6.3,5.5,16.5,30.5,14.3,11.8,9.2,32.1,18.6,14.5,8.1,6.5,11,18.6,9.4,9.5,8.5,13.8,11.5,9.7,6.9,3.7,11.4,17.9,10.3,8.8,7,16.9,11.3,10.1,7,4.1,10.7,19,8.7,10.1,9.7,12.3,11.7,9.4,6.8,3.2,7,13.7,6.1,5.6,6.1,17.6,8.7,7,4.4,2.9,6.6,12,5.9,5.3,6.7,17.2,8,7.1,4.4,3,7.3,15.3,6.3,5.8,5.7,17.8,9.3,6.9,4.5,2.8,242966000
4/1/2012,8.7,16.8,7.6,6.4,6.4,17.3,10.6,8.4,5,3.3,8.3,15.3,7.5,6.1,6.6,18.7,9.8,8.5,5,3.5,8.9,18.3,7.7,6.8,6.3,16.4,11.2,8.4,5,3.2,15.2,28.3,13.5,9.4,8.6,31.1,17.7,13.8,7.2,6,13.8,25.9,12.5,7.5,8.3,29.8,16.2,13.1,6.5,5.8,16.8,30.9,14.7,11.8,9.1,32.3,19,14.8,8.1,6.4,11,18.6,9.5,9.6,8.2,13.9,11.6,9.8,6.9,3.6,11.6,18.1,10.4,9.1,6.7,16.9,11.4,10.2,6.9,4.3,10.7,18.9,8.8,10,9.4,12.3,11.7,9.3,6.9,3,7,13.8,6.2,5.6,6.1,17.7,8.8,7,4.5,3,6.7,12.1,5.9,5.4,6.6,17.3,8,7.1,4.4,3,7.3,15.4,6.4,5.8,5.8,17.9,9.4,7,4.5,2.9,242784000
3/1/2012,8.7,16.9,7.7,6.5,6.4,17.5,10.7,8.4,5.1,3.3,8.4,15.3,7.6,6.1,6.5,18.9,9.9,8.5,5.1,3.5,9,18.4,7.9,6.8,6.3,16.7,11.3,8.4,5.1,3.2,15.4,28.6,13.8,9.4,8.6,31.4,17.9,14,7.5,6,14,26.4,12.7,7.4,8.2,30.4,16.4,13.1,6.8,5.9,17,31.1,15,11.7,9,32.3,19.3,15.1,8.4,6.2,11.2,18.6,9.6,9.6,8.3,14,11.8,9.8,7,3.9,11.7,18.2,10.6,9.2,6.7,16.8,11.7,10.4,6.9,4.6,10.8,19,9,10,9.5,12.5,11.8,9.3,7,3.1,7.1,13.9,6.2,5.6,6.1,17.9,8.9,7,4.5,3,6.7,12,5.9,5.4,6.5,17.4,8,7.1,4.4,3,7.4,15.6,6.5,5.8,5.9,18.2,9.5,7,4.5,3,242604000
2/1/2012,8.8,17,7.8,6.5,6.5,17.6,10.8,8.5,5.1,3.3,8.4,15.4,7.6,6.1,6.5,18.9,10,8.4,5.1,3.5,9.1,18.6,8,6.9,6.4,16.9,11.5,8.5,5.1,3.2,15.6,28.6,14,9.3,8.4,31.7,18.1,13.9,7.7,5.9,14,26.3,12.8,7.2,8.3,30.6,16.4,13,7,6,17.3,31.2,15.4,11.8,8.5,32.7,19.6,15.2,8.7,5.9,11.3,18.8,9.7,9.7,8.8,14,11.9,10,7,3.8,11.8,18.5,10.6,9.1,6.9,16.7,12,10.5,7,4.5,10.9,19,9.1,10.1,10.2,12.7,11.9,9.5,7,3.1,7.1,14,6.2,5.6,6.1,18,9,7,4.5,3,6.7,12.1,5.9,5.4,6.4,17.4,8.1,7,4.5,3,7.5,15.8,6.5,5.8,5.9,18.3,9.7,7,4.5,3,242435000
1/1/2012,8.9,17.1,7.9,6.6,6.5,17.7,11,8.5,5.2,3.3,8.4,15.6,7.6,6.1,6.5,18.9,10.1,8.4,5.2,3.5,9.2,18.6,8.1,7,6.5,16.9,11.6,8.6,5.2,3.2,15.7,28.7,14.1,9.6,8.4,31.7,18.2,14.2,7.8,5.8,14.1,26.6,12.9,7.3,8.4,30.6,16.4,13.1,7.2,5.8,17.5,31,15.5,12.4,8.4,32.7,19.7,15.6,8.7,5.8,11.3,19,9.8,9.8,8.8,14,12.1,10.1,6.9,3.8,11.8,18.8,10.6,8.9,7.3,16.6,12.2,10.4,7.1,4.3,11,19.1,9.2,10.4,9.9,12.7,12.1,9.8,6.8,3.4,7.2,14.1,6.3,5.7,6.1,18.1,9.1,7.1,4.5,3,6.7,12.3,5.9,5.4,6.3,17.6,8.2,7,4.5,3,7.6,15.9,6.6,6,6,18.4,9.9,7.1,4.6,3,242269000
12/1/2011,8.9,17.3,7.9,6.6,6.5,17.8,11.1,8.6,5.2,3.3,8.5,15.7,7.6,6.1,6.5,19,10.1,8.5,5.1,3.4,9.4,18.7,8.2,7.2,6.5,17.1,11.8,8.8,5.2,3.2,15.8,29,14.3,9.7,8.6,31.8,18.3,14.3,8,5.9,14.1,26.6,12.9,7.2,8.6,30.5,16.3,13.2,7.3,5.9,17.8,31.6,15.9,12.6,8.6,33,20,15.9,9,6,11.5,19.4,9.9,9.7,8.8,14.1,12.3,10.2,6.9,3.8,11.8,19.3,10.5,8.8,7.7,16.7,12.3,10.5,7,4.1,11.2,19.5,9.4,10.4,9.6,12.9,12.3,10,6.8,3.6,7.2,14.2,6.3,5.8,6.2,18.1,9.2,7.2,4.5,3,6.7,12.4,5.9,5.5,6.3,17.7,8.3,7.1,4.4,2.9,7.7,15.9,6.7,6.1,6.1,18.3,10,7.3,4.6,3,240584000
11/1/2011,9,17.4,8,6.7,6.6,17.9,11.2,8.6,5.3,3.3,8.5,15.8,7.6,6.1,6.5,19,10.2,8.4,5.2,3.4,9.5,18.9,8.3,7.3,6.7,17.3,11.9,8.9,5.3,3.2,15.8,28.9,14.3,9.7,8.5,31.7,18.3,14.2,8.3,5.8,14.1,26.8,12.7,7.2,8.5,30.8,16.1,13.1,7.5,5.7,17.8,31.1,16,12.7,8.6,32.5,20.2,15.7,9.3,6,11.6,19.6,10,9.8,9.5,14.4,12.5,10.2,7,4,11.9,19.4,10.5,9.1,8.4,16.7,12.3,10.5,7.4,4.1,11.5,19.7,9.7,10.4,10.3,13.3,12.6,9.9,6.7,4,7.3,14.4,6.4,5.9,6.2,18.1,9.3,7.2,4.6,3,6.8,12.5,6,5.5,6.2,17.6,8.4,7,4.5,2.9,7.8,16.2,6.8,6.3,6.1,18.5,10.1,7.5,4.7,3,240441000
10/1/2011,9.1,17.5,8.1,6.8,6.6,18.2,11.2,8.7,5.4,3.3,8.5,15.9,7.7,6.2,6.5,19.1,10.2,8.4,5.3,3.4,9.6,19,8.4,7.4,6.7,17.6,12,9,5.4,3.2,15.9,28.9,14.3,9.6,8.7,32,18.2,14.2,8.5,5.9,14.1,26.9,12.7,7.4,8.6,30.9,16,13.1,7.6,5.8,17.9,31,16.2,12.5,8.7,32.9,20.2,15.6,9.7,6,11.8,19.9,10.2,9.9,9.4,14.6,12.6,10.3,7.1,4.1,12,19.6,10.6,9.4,9.1,16.8,12.5,10.7,7.4,4.1,11.6,20,9.9,10.3,9.6,13.5,12.7,9.9,6.8,4.1,7.4,14.5,6.5,6,6.2,18.3,9.5,7.3,4.7,2.9,6.8,12.5,6,5.6,6.1,17.7,8.5,7,4.6,2.9,8,16.3,6.9,6.4,6.2,18.7,10.2,7.7,4.8,3,240269000
9/1/2011,9.2,17.7,8.1,6.8,6.5,18.3,11.3,8.7,5.4,3.3,8.6,16,7.7,6.2,6.2,19.2,10.3,8.4,5.3,3.5,9.7,19.2,8.5,7.4,6.8,17.8,12,9.1,5.5,3.2,15.9,29.2,14.4,9.6,8.6,32.4,18.3,14.1,8.6,5.9,14.1,27.1,12.8,7.2,8.3,31.6,16,13.1,7.6,5.7,18,31.4,16.2,12.4,9,33.3,20.3,15.4,10,6.3,11.9,20,10.3,9.9,9.3,14.8,12.7,10.3,7.1,4,12.1,19.9,10.7,9.3,9,17.1,12.6,10.6,7.7,4.1,11.7,20.1,9.9,10.4,9.4,13.7,12.8,9.9,6.6,4,7.5,14.6,6.5,6.1,6.1,18.5,9.5,7.4,4.7,3,6.8,12.6,6,5.6,5.8,17.6,8.6,6.9,4.6,3,8,16.5,7,6.5,6.3,19,10.2,7.8,4.9,2.9,240071000
8/1/2011,9.2,17.7,8.2,6.9,6.5,18.5,11.3,8.8,5.4,3.4,8.6,16,7.7,6.2,6.1,19.3,10.3,8.4,5.3,3.5,9.7,19.3,8.6,7.5,6.8,18,12,9.2,5.5,3.2,15.9,29.4,14.4,9.6,8.3,32.5,18.3,14.1,8.7,5.9,14.1,27.2,12.7,7.2,7.6,31.3,15.9,13,7.7,5.8,18,31.8,16.2,12.4,9.1,33.6,20.4,15.5,10,6.1,12,20.2,10.4,9.8,9.3,15.1,12.7,10.3,7.1,4.2,12.2,20,10.8,9.1,9.1,17.4,12.4,10.6,7.8,4.1,11.8,20.4,10.1,10.3,9.4,13.9,12.9,10.1,6.5,4.3,7.5,14.7,6.6,6.2,6,18.5,9.5,7.4,4.7,3,6.8,12.6,6,5.7,5.8,17.6,8.6,6.9,4.6,3.1,8.1,16.7,7,6.7,6.2,19.1,10.2,7.9,4.9,3,239871000
7/1/2011,9.2,17.8,8.2,7,6.5,18.5,11.3,8.8,5.4,3.4,8.6,16,7.7,6.2,6.1,19.2,10.3,8.4,5.3,3.6,9.8,19.4,8.6,7.7,6.9,18,12.1,9.3,5.6,3.3,15.9,29.2,14.3,9.6,8.3,31.9,18.2,14,8.9,5.9,14,26.8,12.7,7.3,7.1,30.3,15.7,13.1,8,5.9,17.9,31.8,16.1,12.5,9.6,33.4,20.4,15.2,10,6,12,20.3,10.4,10,9.5,15.2,12.7,10.5,7.1,4.3,12.2,20.1,10.7,9.3,9.4,17.5,12.5,10.6,7.6,4.1,11.9,20.6,10.2,10.6,9.6,14,12.9,10.3,6.6,4.6,7.6,14.7,6.6,6.2,6,18.5,9.6,7.5,4.8,3.1,6.8,12.7,6,5.7,5.7,17.6,8.6,6.9,4.6,3.1,8.2,16.7,7.1,6.8,6.3,19.2,10.4,8,4.9,3.1,239671000
6/1/2011,9.3,17.9,8.2,6.9,6.6,18.4,11.4,8.8,5.4,3.5,8.6,16,7.7,6.2,6,19,10.4,8.3,5.3,3.6,9.9,19.6,8.7,7.7,7,18,12.2,9.3,5.6,3.4,15.8,29.4,14.2,9.5,8.5,31.6,18.2,13.9,9.1,5.8,14,26.6,12.7,7.2,7.2,29.7,15.7,13,8.1,5.8,18,32.4,15.9,12.4,10.1,33.4,20.4,15.2,10.4,6,12.1,20.5,10.5,10,9.7,15.1,12.9,10.6,7,4.5,12.3,20.2,10.8,9.4,9.7,17.4,12.8,10.7,7.5,4.1,12,20.8,10.2,10.5,9.7,14,13,10.5,6.6,4.9,7.6,14.8,6.7,6.2,6,18.6,9.7,7.5,4.7,3.2,6.8,12.5,6.1,5.6,5.6,17.5,8.7,6.9,4.5,3.2,8.3,16.9,7.2,6.8,6.3,19.3,10.5,8.1,5,3.1,239489000
5/1/2011,9.3,17.9,8.2,6.9,6.5,18.4,11.5,8.8,5.4,3.5,8.5,15.9,7.7,6.2,6,19,10.4,8.3,5.3,3.6,9.9,19.8,8.7,7.7,6.9,18.1,12.3,9.4,5.6,3.3,15.8,29.3,14.1,9.5,8.5,31,18.1,13.7,9.3,5.8,13.8,26.3,12.5,7.1,7.2,28.9,15.4,12.8,8.2,5.8,18,32.7,15.9,12.4,9.9,33,20.6,15,10.8,5.9,12.2,20.7,10.5,10.1,9.4,15.1,13.1,10.7,6.9,4.4,12.2,20,10.8,9.6,9.4,17.3,12.9,10.6,7.4,3.9,12.1,21.2,10.4,10.5,9.4,14,13.2,10.7,6.5,5,7.6,14.9,6.7,6.3,6,18.6,9.8,7.5,4.7,3.2,6.9,12.6,6.1,5.6,5.6,17.6,8.7,6.9,4.5,3.2,8.3,17,7.2,6.8,6.2,19.3,10.6,8.2,4.9,3.1,239313000
4/1/2011,9.3,18,8.3,7,6.5,18.4,11.6,8.8,5.5,3.5,8.6,16,7.7,6.2,6,18.9,10.4,8.3,5.3,3.7,10,19.9,8.8,7.7,6.8,18.1,12.5,9.4,5.7,3.3,15.7,29,14.1,9.5,8.7,30.6,18.2,13.6,9.4,5.7,13.7,26.4,12.4,7.1,7.4,28.5,15.5,12.7,8.2,5.8,17.9,32,15.9,12.6,10.2,32.6,20.6,14.7,10.9,5.7,12.2,20.7,10.6,10.2,9.3,15,13.2,10.7,7,4.5,12.2,19.9,10.7,9.6,9.3,17.3,12.8,10.4,7.6,3.8,12.2,21.3,10.5,10.7,9.2,13.9,13.5,10.9,6.5,5.1,7.7,15.1,6.8,6.3,5.9,18.8,9.9,7.6,4.8,3.2,6.9,12.8,6.1,5.6,5.6,17.7,8.7,6.9,4.5,3.3,8.4,17.2,7.3,6.9,6.1,19.5,10.7,8.2,5,3,239146000
3/1/2011,9.4,18.2,8.4,7,6.5,18.4,11.7,8.9,5.5,3.5,8.6,16.1,7.7,6.2,6.1,18.8,10.4,8.4,5.3,3.7,10.1,20.1,8.9,7.8,6.8,18.1,12.7,9.5,5.7,3.2,15.7,29.1,14,9.6,8.9,30.5,18.2,13.5,9.4,5.7,13.7,26.4,12.4,7.3,7.6,28.3,15.6,12.7,8.1,5.8,17.9,32.2,15.9,12.5,10.3,32.5,20.6,14.6,11.1,5.6,12.3,20.9,10.6,10.3,9,15.1,13.3,10.7,7,4.4,12.2,20,10.7,9.6,9.3,17.4,12.7,10.4,7.6,3.9,12.3,21.6,10.5,10.9,8.8,14,13.6,11,6.5,4.9,7.8,15.2,6.9,6.3,5.9,18.8,10,7.7,4.8,3.2,6.9,12.8,6.2,5.6,5.6,17.5,8.8,7,4.5,3.4,8.5,17.4,7.4,7,6.2,19.6,10.9,8.4,5,3,239000000
2/1/2011,9.5,18.3,8.4,7.1,6.5,18.5,11.8,9,5.5,3.5,8.6,16.1,7.8,6.2,6.1,18.8,10.5,8.4,5.3,3.7,10.3,20.3,9,7.9,6.9,18.3,12.8,9.6,5.8,3.3,15.8,29.4,14.1,9.6,9.3,30.4,18.3,13.6,9.5,5.7,13.7,26.4,12.3,7.4,7.8,28.2,15.5,12.7,8.1,5.7,18.1,32.8,16,12.3,11.1,32.4,20.9,14.8,11.3,5.7,12.4,21.1,10.7,10.2,9,15.2,13.4,10.8,7.2,4.4,12.2,20,10.8,9.5,9.4,17.3,12.7,10.6,7.6,4.2,12.4,21.9,10.7,10.8,8.8,14.2,13.8,11,6.7,4.7,7.9,15.2,7,6.4,5.9,18.9,10.1,7.8,4.8,3.2,7,12.8,6.2,5.6,5.6,17.5,8.8,7,4.5,3.4,8.7,17.5,7.6,7.1,6.2,19.9,11.1,8.5,5.1,3,238851000
1/1/2011,9.6,18.4,8.5,7.1,6.7,18.7,11.9,9,5.6,3.5,8.6,16,7.8,6.3,6.2,18.8,10.4,8.4,5.3,3.8,10.4,20.5,9.2,7.9,7,18.6,13,9.7,5.9,3.3,15.8,29.6,14.1,9.5,9.5,30.4,18.4,13.6,9.6,5.7,13.7,26.6,12.2,7.5,7.8,28.3,15.5,12.6,8.2,5.6,18.2,32.8,16.2,12,11.4,32.4,21.1,14.8,11.5,5.8,12.4,21.1,10.8,10.2,9.2,15.4,13.4,10.8,7.2,4.4,12.2,19.9,10.8,9.7,9.6,17.3,12.7,10.7,7.6,4.4,12.6,22,10.8,10.6,8.9,14.5,13.9,10.9,6.8,4.4,8,15.3,7,6.5,6,19.1,10.3,7.8,4.9,3.2,7,12.7,6.3,5.7,5.7,17.5,8.9,7,4.6,3.4,8.8,17.7,7.7,7.2,6.3,20.2,11.3,8.6,5.1,3.1,238704000
12/1/2010,9.6,18.4,8.6,7.1,6.7,18.8,12,9.1,5.7,3.5,8.6,15.8,7.8,6.2,6.2,18.6,10.4,8.3,5.4,3.8,10.5,20.8,9.3,8,7.1,18.8,13.2,9.9,5.9,3.3,15.9,29.7,14.2,9.7,9.4,30.7,18.5,13.6,9.6,5.6,13.7,26.4,12.3,7.6,8.1,28.2,15.6,12.6,8.2,5.6,18.4,33.3,16.3,12.2,10.9,32.9,21.2,15,11.5,5.7,12.5,21.3,10.8,10.3,9.5,15.5,13.5,10.8,7.1,4.3,12.3,19.8,10.8,9.9,9.6,17.2,12.8,10.6,7.6,4.4,12.7,22.4,10.9,10.6,9.4,14.7,14,11,6.7,4.2,8,15.3,7.1,6.4,6.1,19.2,10.3,7.9,4.9,3.2,7,12.5,6.3,5.6,5.7,17.3,8.8,7,4.6,3.4,8.9,18,7.9,7.2,6.4,20.4,11.5,8.8,5.2,3.1,238889000
11/1/2010,9.7,18.5,8.6,7.2,6.7,18.8,12,9.1,5.6,3.6,8.6,15.8,7.8,6.2,6.2,18.6,10.4,8.3,5.4,3.8,10.6,21,9.4,8,7.1,19,13.3,9.9,5.9,3.3,16,30,14.1,9.7,9.9,30.7,18.6,13.8,9.5,5.5,13.7,26.5,12.3,7.5,8.5,27.9,15.6,12.7,8.2,5.4,18.5,34,16.2,12.5,11.5,33.3,21.3,15.2,11.2,5.5,12.5,21.5,10.8,10,9.1,15.5,13.6,10.8,6.9,4.2,12.2,20,10.8,9.6,9.2,17.1,12.8,10.7,7.3,4.3,12.7,22.6,10.9,10.4,9,14.7,14.1,11,6.6,4,8.1,15.3,7.2,6.5,6.1,19.3,10.4,7.9,4.9,3.3,7,12.4,6.3,5.6,5.7,17.4,8.8,7,4.6,3.4,9,18,8,7.2,6.4,20.5,11.6,8.9,5.2,3.1,238715000
10/1/2010,9.7,18.6,8.6,7.2,6.6,18.8,12.1,9.1,5.6,3.6,8.6,15.8,7.8,6.2,6.2,18.6,10.3,8.3,5.4,3.8,10.6,21.1,9.4,8,7,19,13.4,10,5.8,3.4,16,30.3,14.1,9.7,9.7,30.8,18.7,13.7,9.2,5.3,13.6,26.6,12.1,7.3,8.4,27.7,15.6,12.6,8.1,5.2,18.6,34.4,16.3,12.6,11.2,33.5,21.5,15.3,10.7,5.5,12.4,21.5,10.8,10,9,15.5,13.5,10.8,6.8,4.1,12.1,20,10.6,9.5,8.7,17,12.7,10.4,7.2,4,12.7,22.6,10.9,10.4,9.3,14.7,14,11.1,6.4,4.1,8.1,15.3,7.2,6.5,6,19.3,10.4,8,4.9,3.3,7,12.5,6.3,5.7,5.7,17.5,8.7,7.1,4.6,3.4,9,18.1,8,7.2,6.2,20.4,11.7,8.9,5.1,3.2,238530000
9/1/2010,9.7,18.6,8.7,7.1,6.7,18.8,12.2,9.2,5.6,3.6,8.6,15.7,7.8,6.2,6.3,18.5,10.3,8.3,5.4,3.8,10.7,21.3,9.5,8,7,19,13.5,10.1,5.8,3.4,16,30.4,14.1,9.8,9.7,30.5,18.8,13.8,9.1,5.3,13.6,26.4,12.1,7.5,8.6,27.2,15.7,12.5,8.2,5.2,18.6,34.6,16.3,12.6,11,33.3,21.6,15.6,10.4,5.5,12.5,21.6,10.8,9.9,8.9,15.6,13.6,10.8,6.7,4,12,19.8,10.6,9.3,8.6,16.9,12.6,10.3,7,3.6,12.8,23,11,10.3,9.2,14.9,14.1,11.2,6.4,4.2,8.1,15.3,7.3,6.5,6,19.3,10.5,8,4.9,3.3,7,12.5,6.4,5.7,5.8,17.5,8.7,7.1,4.7,3.3,9.1,18.1,8.2,7.2,6.2,20.4,11.9,8.9,5.2,3.2,238322000
8/1/2010,9.7,18.6,8.7,7.1,6.7,18.8,12.2,9.1,5.7,3.5,8.6,15.7,7.8,6.2,6.4,18.4,10.3,8.3,5.5,3.7,10.8,21.3,9.6,7.9,6.9,19,13.6,10,5.9,3.4,15.9,30.2,14,9.7,10.3,30.1,18.7,13.8,9.2,5.2,13.5,26.2,12,7.4,9.2,26.9,15.5,12.6,8.2,5.1,18.6,34.4,16.2,12.3,11.6,32.8,21.6,15.5,10.4,5.5,12.5,21.7,10.8,9.9,8.6,15.6,13.6,10.7,6.9,3.7,12,19.9,10.5,9.1,8.2,16.8,12.7,10.3,7,3.4,12.9,23,11,10.5,8.9,15,14.2,11.1,6.9,4,8.2,15.4,7.4,6.4,6.1,19.2,10.6,8,5,3.3,7,12.5,6.4,5.7,5.8,17.5,8.8,7,4.8,3.2,9.2,18.2,8.2,7.1,6.2,20.4,12,8.9,5.2,3.3,238099000
7/1/2010,9.7,18.7,8.7,7,6.6,18.8,12.2,9.1,5.7,3.5,8.6,15.8,7.7,6.2,6.4,18.2,10.3,8.2,5.5,3.7,10.8,21.3,9.6,7.8,6.9,19.2,13.6,10.1,5.9,3.4,15.8,29.9,13.9,9.3,10.5,29.9,18.5,13.8,9.2,5.2,13.4,26,11.9,7.2,9.3,26.6,15.3,12.4,8.2,4.8,18.5,34.2,16.3,11.9,11.9,32.8,21.3,15.6,10.5,5.7,12.6,21.7,10.9,10,8.3,15.8,13.7,10.7,7,3.7,11.9,19.9,10.5,8.9,8,16.6,12.7,10.3,7,3.3,13,23.1,11.2,10.9,8.5,15.3,14.3,11.2,7,4,8.2,15.5,7.4,6.4,6,19.2,10.7,8,5,3.2,7,12.5,6.3,5.7,5.8,17.3,8.8,7,4.8,3.3,9.2,18.3,8.3,7,6.2,20.4,12,8.9,5.2,3.2,237890000
6/1/2010,9.7,18.6,8.7,7,6.6,18.9,12.2,9.1,5.7,3.6,8.5,15.8,7.7,6.2,6.4,18.2,10.3,8.2,5.5,3.7,10.8,21.3,9.7,7.8,6.8,19.3,13.6,10,5.9,3.5,15.7,29.7,13.9,9.2,10.3,29.9,18.3,13.7,9.1,5.3,13.3,26,11.7,7.2,9,26.7,15.3,12.2,8.2,4.8,18.4,33.7,16.3,11.4,11.9,32.7,21.1,15.6,10.2,5.9,12.6,21.7,11,10.1,8.2,16,13.5,10.7,7,3.8,11.9,19.7,10.5,8.7,8.3,16.8,12.4,10.2,6.9,3.4,13.1,23.1,11.3,11.3,8.1,15.6,14.2,11.2,7,4.1,8.2,15.5,7.4,6.4,6.1,19.1,10.7,7.9,5,3.3,7,12.6,6.3,5.7,5.9,17.2,8.8,7,4.8,3.3,9.2,18.3,8.3,7,6.2,20.4,12.1,8.9,5.3,3.3,237690000
5/1/2010,9.7,18.6,8.7,7,6.7,19,12.1,9.1,5.7,3.6,8.5,15.8,7.7,6.2,6.5,18.3,10.2,8.2,5.5,3.6,10.8,21.2,9.7,7.8,6.9,19.3,13.6,10,5.9,3.6,15.7,29.8,13.9,9.1,10.2,30.1,18.1,13.7,9.1,5.2,13.3,26.4,11.7,7.3,8.8,26.8,15.2,12.1,8.4,4.8,18.4,33.6,16.3,11.3,11.9,33,20.8,15.8,10.1,5.8,12.6,21.5,11,10.1,8.5,16.2,13.3,10.5,7,4.1,11.9,19.7,10.6,8.6,8.6,17,12.3,10.2,7,3.8,13.1,22.8,11.3,11.3,8.4,15.8,13.9,10.9,7,4.3,8.2,15.5,7.4,6.4,6.2,19.1,10.6,7.9,5.1,3.3,7,12.7,6.3,5.7,6,17.2,8.7,7,4.8,3.2,9.2,18.3,8.3,7,6.3,20.4,12.1,8.9,5.3,3.4,237499000
4/1/2010,9.7,18.6,8.7,7,6.7,18.9,12,9.1,5.7,3.6,8.5,15.6,7.6,6.1,6.5,18.2,10.1,8.1,5.5,3.6,10.8,21.3,9.7,7.7,6.9,19.4,13.5,10.1,6,3.7,15.7,30.1,13.8,9,9.6,30,18,13.8,9.1,5.2,13.2,26.4,11.6,7.3,7.9,26.6,15.2,12,8.4,4.8,18.4,34.1,16.3,11,11.5,33,20.6,16.3,10.1,5.7,12.6,21.6,11,10.2,8.9,16.4,13.3,10.5,6.9,4.3,11.9,19.7,10.5,8.6,9.2,17.2,12.3,10.1,6.8,4,13.1,23,11.3,11.4,8.6,16,13.9,10.8,7.1,4.6,8.2,15.4,7.4,6.3,6.2,19,10.6,7.9,5.1,3.3,7,12.4,6.2,5.7,6.1,17,8.6,7,4.8,3.2,9.3,18.3,8.3,6.9,6.3,20.3,12.1,8.9,5.3,3.5,237329000
3/1/2010,9.7,18.3,8.7,6.9,6.7,18.9,11.9,9,5.7,3.6,8.4,15.4,7.5,6.1,6.5,18.1,10,8,5.5,3.5,10.8,21,9.6,7.7,6.9,19.3,13.4,10,5.9,3.7,15.6,30,13.8,8.8,9.3,29.8,17.8,13.8,9.2,5.2,13.1,26.1,11.5,7.1,7.5,26.2,15,11.8,8.4,4.9,18.4,34.1,16.3,10.8,11.4,33.1,20.4,16.4,10.2,5.6,12.5,21.3,10.9,10.1,9,16.3,13.1,10.3,6.9,4.4,11.8,19.5,10.4,8.6,9.2,17.2,12.1,10,6.8,3.7,13,22.6,11.3,11.2,8.9,15.9,13.7,10.7,7,5,8.1,15.2,7.3,6.3,6.2,18.8,10.5,7.8,5,3.3,6.9,12.2,6.1,5.7,6.1,16.8,8.5,6.9,4.8,3.1,9.2,18.1,8.3,6.9,6.3,20.2,12,8.8,5.3,3.5,237159000
2/1/2010,9.6,18.1,8.6,6.9,6.7,18.7,11.7,8.9,5.7,3.6,8.3,15.3,7.4,6.1,6.4,18,9.8,7.9,5.4,3.5,10.7,20.8,9.5,7.6,6.9,19.2,13.2,9.9,5.9,3.8,15.3,29.6,13.5,8.7,8.8,29.4,17.6,13.4,9.2,5.2,12.9,25.8,11.3,7.1,7.3,25.7,14.9,11.4,8.5,5,18.1,33.7,16,10.6,10.6,32.9,20.1,16,10.1,5.5,12.5,21,10.9,10.2,8.7,16.3,12.8,10.3,6.8,4.3,11.7,19.3,10.3,8.8,9.1,17.2,11.8,9.8,6.7,3.4,13,22.3,11.2,11.4,8.3,15.9,13.4,10.8,7,5.1,8,15.1,7.2,6.2,6.2,18.7,10.4,7.8,5,3.3,6.8,12.1,6.1,5.7,6,16.8,8.4,6.8,4.7,3.1,9.1,18,8.2,6.7,6.4,19.9,11.9,8.8,5.2,3.5,236998000
1/1/2010,9.4,17.9,8.4,6.7,6.6,18.5,11.5,8.8,5.6,3.6,8.2,15.1,7.3,6,6.3,17.7,9.7,7.8,5.4,3.4,10.5,20.6,9.4,7.4,6.8,18.9,13,9.8,5.8,3.7,15.1,29.4,13.3,8.5,8.6,29.1,17.3,13.2,9,5.3,12.7,25.5,11.2,7,6.9,25.2,14.8,11.2,8.3,5.3,17.8,33.7,15.7,10.2,10.6,32.7,19.6,15.9,10,5.3,12.3,20.7,10.8,10.2,8.4,16.2,12.6,10.3,6.9,4.3,11.6,19.1,10.2,8.7,8.5,17.1,11.6,9.8,6.8,3.1,12.8,21.9,11.2,11.3,8.4,15.7,13.1,10.9,7,5.3,7.9,14.9,7.1,6.1,6.2,18.4,10.2,7.7,4.9,3.3,6.7,11.9,6,5.6,6,16.5,8.2,6.8,4.7,3.1,9,17.8,8.1,6.6,6.3,19.6,11.7,8.6,5.1,3.5,236832000
12/1/2009,9.3,17.6,8.3,6.6,6.4,18.2,11.3,8.6,5.5,3.5,8.1,14.9,7.2,6,6.1,17.6,9.5,7.7,5.3,3.4,10.3,20.1,9.2,7.2,6.7,18.6,12.7,9.6,5.6,3.7,14.8,28.8,13,8.3,8.5,28.6,16.9,12.8,8.8,5.2,12.4,25.1,10.8,7.1,6.4,24.5,14.4,10.8,8.2,5.2,17.5,32.8,15.5,9.8,10.8,32.5,19.1,15.6,9.7,5.1,12.1,20.2,10.6,10,8,15.9,12.2,10.2,6.7,4.3,11.5,18.8,10.1,8.5,8.3,17,11.3,9.7,6.6,3.1,12.5,21.3,10.9,11.2,7.8,15.4,12.8,10.7,6.9,5.2,7.8,14.7,7,6,6.1,18.1,10,7.5,4.8,3.3,6.7,11.8,5.9,5.6,5.9,16.4,8.1,6.7,4.7,3,8.8,17.5,7.9,6.4,6.2,19.3,11.5,8.4,5,3.5,236924000
11/1/2009,9,17.3,8.1,6.4,6.3,17.9,11.1,8.4,5.3,3.5,7.9,14.7,7,5.9,5.9,17.4,9.3,7.5,5.2,3.3,10,19.7,9,6.9,6.5,18.2,12.4,9.3,5.5,3.7,14.5,28,12.8,8.1,8.1,27.9,16.4,12.5,8.6,5.2,12.1,24.4,10.5,7,6,23.7,14,10.4,8,5.2,17.2,31.9,15.3,9.4,10.5,31.9,18.7,15.4,9.5,5.1,11.8,19.7,10.3,10,8,15.6,11.9,9.9,6.6,4.3,11.2,18.3,9.9,8.5,8.5,16.9,11,9.3,6.4,3.2,12.2,20.7,10.6,11.2,7.7,15,12.5,10.4,6.8,5.1,7.6,14.6,6.8,5.8,5.9,17.9,9.8,7.3,4.7,3.2,6.6,11.8,5.8,5.5,5.7,16.4,8,6.5,4.6,3,8.6,17.3,7.7,6.1,6.1,18.9,11.2,8.1,4.8,3.5,236743000
10/1/2009,8.8,16.9,7.8,6.2,6.2,17.5,10.7,8.1,5.2,3.4,7.7,14.3,6.8,5.8,5.7,17.1,9.1,7.2,5,3.3,9.8,19.3,8.7,6.7,6.5,17.8,12,9,5.3,3.6,14.1,27.1,12.5,7.9,8.3,27.2,15.9,12.3,8.5,5.1,11.8,23.6,10.3,7,5.9,23.3,13.6,10.1,7.9,5.3,16.7,30.8,15,9.1,11.1,31,18.1,15.2,9.3,4.9,11.5,19.2,10,9.8,8.4,15.2,11.6,9.6,6.3,4.1,11,18,9.6,8.3,8.8,16.6,10.6,9.2,6.2,3.3,11.9,20.1,10.3,11,8.1,14.6,12.2,10,6.5,4.8,7.4,14.3,6.6,5.6,5.8,17.6,9.5,7,4.6,3.2,6.4,11.5,5.6,5.3,5.4,16.1,7.8,6.3,4.4,3,8.3,17,7.4,5.9,6,18.6,10.9,7.8,4.7,3.4,236550000
9/1/2009,8.5,16.5,7.6,6,6,17.1,10.3,7.8,5,3.4,7.5,13.9,6.6,5.6,5.6,16.7,8.8,7,4.9,3.2,9.4,18.8,8.4,6.4,6.3,17.4,11.6,8.7,5.1,3.5,13.8,26.4,12.1,7.7,8.5,26.7,15.4,11.8,8.3,5.2,11.5,23,10,6.8,6,22.8,13.1,9.7,7.8,5.4,16.3,30,14.6,8.9,11.4,30.6,17.6,14.7,9.1,5,11.2,18.7,9.7,9.6,8.4,14.9,11.1,9.3,6.2,4,10.7,17.6,9.3,8.3,9.4,16.2,10.3,9,6,3.5,11.5,19.6,9.9,10.6,7.7,14.3,11.6,9.5,6.3,4.5,7.2,13.9,6.3,5.5,5.5,17.2,9.2,6.8,4.4,3.2,6.2,11.2,5.4,5.2,5.3,15.8,7.5,6,4.3,2.9,8,16.6,7.1,5.7,5.8,18.1,10.4,7.5,4.5,3.4,236322000
8/1/2009,8.2,16.1,7.3,5.8,5.8,16.7,10,7.5,4.8,3.3,7.2,13.6,6.4,5.4,5.4,16.3,8.5,6.7,4.6,3.2,9.1,18.3,8,6.2,6.2,16.9,11.1,8.3,4.9,3.4,13.4,25.8,11.8,7.7,8.2,26.5,15.1,11.5,7.9,5.1,11.2,22.7,9.7,6.7,6,22.6,12.9,9.3,7.6,5.3,15.9,29.2,14.2,8.8,11,30.3,17.2,14.3,8.4,4.9,10.8,18.3,9.3,9,8.8,14.5,10.7,8.9,5.7,4,10.4,17.2,9,7.9,9.7,15.8,9.9,8.7,5.5,3.5,11.1,19.1,9.6,9.9,8.1,13.9,11.2,9.1,5.9,4.5,6.9,13.6,6,5.3,5.4,16.6,8.8,6.5,4.2,3.1,6,10.9,5.2,5,5,15.3,7.3,5.8,4.1,2.9,7.7,16.2,6.8,5.5,5.6,17.5,10,7.2,4.3,3.2,236087000
7/1/2009,7.9,15.6,7,5.6,5.6,16.3,9.6,7.2,4.5,3.2,7,13.2,6.2,5.2,5.3,16.1,8.2,6.5,4.4,3,8.7,17.8,7.7,5.9,6,16.4,10.7,8,4.7,3.3,13.1,25.4,11.4,7.6,8.1,26.1,14.7,11.1,7.4,4.9,11,22.6,9.4,6.5,6,22.7,12.5,9.1,7.1,5.1,15.4,28.3,13.7,8.8,10.6,29.5,16.8,13.8,7.9,4.6,10.4,17.8,8.9,8.5,8.9,14,10.3,8.6,5.4,4,10,16.6,8.7,7.6,9.5,15.5,9.4,8.5,5.4,3.5,10.6,18.6,9.1,9.1,8.5,13.3,10.8,8.6,5.4,4.3,6.6,13.2,5.8,5,5.2,16.2,8.5,6.2,4,2.9,5.8,10.6,5.1,4.8,4.9,15,7.1,5.6,3.9,2.8,7.4,15.7,6.5,5.3,5.4,16.9,9.6,6.9,4.2,3.1,235870000
6/1/2009,7.6,15.2,6.7,5.3,5.4,15.8,9.3,6.9,4.3,3,6.7,12.8,5.9,5,5,15.7,7.9,6.2,4.2,2.9,8.4,17.4,7.3,5.6,5.7,15.8,10.3,7.6,4.4,3,12.7,24.8,10.9,7.5,8,25.5,14.4,10.7,6.9,4.9,10.6,21.9,9,6.3,5.9,22.1,12.1,8.7,6.6,5.1,15,27.9,13.1,8.9,10.5,28.9,16.5,13.3,7.3,4.5,10,17.3,8.6,7.6,8.8,13.5,9.8,8.2,5.2,3.7,9.7,16.2,8.4,7,9.2,15.1,8.9,8.2,5.2,3.4,10.2,18,8.7,8.1,8.4,12.7,10.4,8.1,5.2,3.9,6.4,12.8,5.5,4.8,5,15.8,8.1,6,3.8,2.8,5.6,10.2,4.9,4.6,4.7,14.7,6.8,5.3,3.7,2.7,7.1,15.3,6.1,5,5.2,16.4,9.2,6.6,3.9,2.9,235655000
5/1/2009,7.3,14.7,6.4,5,5.2,15.3,8.9,6.6,4,2.9,6.5,12.4,5.7,4.7,4.8,15.2,7.6,5.9,4,2.9,8,16.9,6.9,5.3,5.5,15.3,9.9,7.2,4.1,2.9,12.2,24.2,10.5,7.2,7.8,24.8,13.9,10.3,6.4,4.8,10.2,21.1,8.7,6.2,5.9,21.5,11.7,8.5,6,4.9,14.5,27.4,12.5,8.5,9.9,28.2,15.9,12.6,6.9,4.5,9.6,16.8,8.2,7.1,8.6,13,9.5,7.8,5,3.4,9.3,15.9,8.1,6.4,8.8,14.7,8.6,7.8,5,3,9.7,17.5,8.3,7.5,8.5,12.2,10,7.7,5,3.8,6.1,12.4,5.3,4.5,4.7,15.2,7.8,5.7,3.6,2.7,5.3,9.8,4.7,4.4,4.5,14.3,6.5,5.1,3.6,2.6,6.7,14.8,5.8,4.7,4.9,15.8,8.7,6.3,3.7,2.7,235452000
4/1/2009,7,14.3,6,4.7,4.9,14.7,8.5,6.3,3.8,2.8,6.3,12.2,5.5,4.5,4.5,14.9,7.3,5.7,3.7,2.8,7.6,16.3,6.5,4.9,5.3,14.6,9.4,6.8,3.9,2.7,11.8,23.6,10,7.1,8.1,24.3,13.3,9.9,6,4.7,9.9,20.6,8.4,6.1,6.3,21.1,11.3,8.3,5.6,4.7,13.8,26.7,11.8,8.3,10.2,27.4,15.2,11.9,6.5,4.6,9.1,16.2,7.8,6.5,8,12.5,9,7.4,4.7,3.2,8.9,15.4,7.7,6,8,14.2,8.2,7.5,4.7,2.8,9.3,16.8,7.9,6.8,8,11.7,9.5,7.3,4.7,3.6,5.8,12.1,5,4.3,4.5,14.6,7.4,5.4,3.4,2.6,5.2,9.8,4.5,4.1,4.2,14,6.3,4.9,3.4,2.6,6.4,14.3,5.4,4.4,4.7,15,8.2,6,3.4,2.6,235271000
3/1/2009,6.7,13.9,5.7,4.4,4.8,14.2,8.1,6,3.6,2.6,6,11.9,5.2,4.3,4.4,14.4,7.1,5.5,3.6,2.7,7.2,15.7,6.1,4.6,5.1,14,8.9,6.5,3.6,2.6,11.3,22.7,9.5,7,8,23.5,12.8,9.4,5.4,4.4,9.6,20,8.1,6.1,6.2,20.6,11,8.1,5.2,4.3,13.1,25.6,11.1,8,9.9,26.3,14.5,11.2,5.8,4.6,8.8,15.8,7.5,6,7.9,12,8.7,7,4.6,3.1,8.6,15.2,7.4,5.5,8,13.6,8,7.1,4.6,2.8,8.9,16.3,7.5,6.4,7.8,11.2,9.1,6.9,4.6,3.3,5.5,11.7,4.7,4,4.3,14.1,7,5.2,3.2,2.5,5,9.5,4.3,3.9,4,13.5,6.1,4.7,3.3,2.5,6,13.8,5.1,4.1,4.4,14.4,7.7,5.6,3.2,2.4,235086000
2/1/2009,6.3,13.5,5.4,4.1,4.6,13.6,7.7,5.7,3.4,2.5,5.8,11.6,5,4,4.2,13.9,6.9,5.3,3.4,2.6,6.8,15.2,5.7,4.2,4.9,13.5,8.3,6,3.3,2.4,10.9,22.3,9.1,6.8,8,23.1,12.2,9.2,5.1,4.2,9.5,19.8,7.9,6,6.2,20.3,10.7,8.1,5,3.9,12.5,25,10.4,7.8,10,25.9,13.7,10.7,5.2,4.6,8.4,15.4,7,5.5,7.8,11.4,8.4,6.6,4.3,2.9,8.2,14.9,7,5,7.8,13,7.8,6.7,4.4,2.8,8.5,15.8,7.1,5.9,7.8,10.6,8.9,6.4,4.2,3,5.2,11.4,4.4,3.7,4.1,13.5,6.6,4.9,3,2.3,4.8,9.3,4.1,3.7,3.9,13,5.8,4.5,3.1,2.4,5.6,13.3,4.7,3.7,4.3,13.8,7.2,5.2,3,2.3,234913000
1/1/2009,6,13.1,5.1,3.9,4.4,13.2,7.3,5.4,3.1,2.4,5.6,11.4,4.8,3.9,4.1,13.5,6.6,5.1,3.2,2.5,6.4,14.7,5.3,4,4.6,12.9,7.9,5.7,3.1,2.3,10.5,21.8,8.6,6.6,8,22.3,11.8,8.8,4.7,4,9.2,19.4,7.6,5.7,6.5,20,10.4,7.8,4.7,3.6,11.9,24.3,9.7,7.6,9.6,24.6,13.1,10.1,4.7,4.5,7.9,15.1,6.6,5.1,7.6,10.9,8,6.1,4,2.8,7.9,14.5,6.6,4.5,7.7,12.7,7.4,6.3,4.1,3,8,15.5,6.6,5.5,7.5,10.1,8.4,5.9,3.9,2.7,5,11,4.2,3.5,3.8,13,6.3,4.6,2.9,2.2,4.6,9.1,4,3.6,3.6,12.5,5.7,4.4,3,2.2,5.3,12.8,4.4,3.5,4,13.3,6.7,4.9,2.8,2.2,234739000
12/1/2008,5.8,12.8,4.8,3.7,4.2,12.8,7,5.1,3,2.3,5.4,11.2,4.6,3.7,3.9,13.2,6.4,5,3.1,2.3,6.1,14.4,5,3.8,4.5,12.5,7.4,5.3,2.9,2.2,10.1,21.6,8.2,6.2,7.7,21.7,11.3,8.6,4.4,3.8,9,19.3,7.4,5.4,6.4,19.8,10,7.9,4.4,3.4,11.4,23.9,9.1,7.2,9.3,23.6,12.6,9.6,4.3,4.4,7.6,14.7,6.2,4.8,7.8,10.5,7.7,5.9,3.9,2.8,7.7,14.2,6.4,4.4,7.7,12.2,7.3,6,4,3,7.6,15.1,6.2,5.1,7.8,9.7,7.9,5.7,3.7,2.6,4.7,10.8,3.9,3.3,3.7,12.7,6,4.4,2.7,2.1,4.4,9,3.8,3.4,3.5,12.2,5.4,4.2,2.8,2.1,5,12.5,4.1,3.2,3.8,13,6.4,4.6,2.6,2.1,235035000
11/1/2008,5.6,12.6,4.6,3.6,4.1,12.4,6.7,5,2.8,2.1,5.3,11,4.5,3.5,3.9,12.9,6.2,4.9,2.9,2.2,5.8,14,4.7,3.6,4.3,12.1,7.1,5.1,2.7,2.1,9.9,21.6,7.9,5.9,7.7,21.5,11.1,8.3,4.1,3.7,8.8,19.3,7.3,5.2,6.5,19.8,9.9,7.7,4.2,3.2,11,24,8.6,6.8,9,23.2,12.2,9.1,4,4.4,7.4,14.3,6,4.4,7.6,10.1,7.3,5.8,3.8,2.6,7.5,14,6.2,4.3,7.6,11.8,7.2,5.9,4,2.9,7.3,14.6,5.9,4.6,7.7,9.3,7.4,5.6,3.6,2.4,4.6,10.5,3.7,3.2,3.5,12.4,5.7,4.3,2.6,2,4.3,8.8,3.6,3.2,3.4,11.9,5.2,4.2,2.7,2,4.8,12.1,3.8,3.1,3.6,12.6,6.1,4.3,2.5,1.9,234828000
10/1/2008,5.4,12.4,4.5,3.4,4,12.1,6.5,4.8,2.8,2,5.2,10.9,4.4,3.4,3.9,12.8,6,4.7,2.9,2.1,5.6,13.7,4.5,3.4,4.1,11.7,6.9,4.9,2.7,2,9.6,21.5,7.6,5.6,7.3,21.2,10.9,7.9,4,3.7,8.7,19.1,7.1,5,6.3,19.9,9.6,7.4,4,3.2,10.7,23.9,8.3,6.4,8.4,22.6,12,8.5,3.9,4.4,7.1,13.8,5.8,4.3,7,9.7,7.1,5.5,3.8,2.5,7.3,13.7,6.1,4.3,7,11.7,7.1,5.6,4.1,2.8,7,13.9,5.7,4.3,7,8.8,7.1,5.4,3.6,2.2,4.4,10.3,3.6,3,3.5,12.2,5.5,4.1,2.5,1.8,4.2,8.7,3.5,3.1,3.5,11.7,5,4.1,2.6,1.9,4.6,11.9,3.7,3,3.5,12.5,5.8,4.1,2.4,1.8,234612000
9/1/2008,5.3,12.1,4.3,3.3,3.9,11.8,6.3,4.7,2.7,2,5.1,10.8,4.3,3.3,3.7,12.6,5.9,4.6,2.8,2,5.5,13.3,4.4,3.3,4.1,11.4,6.7,4.7,2.6,1.9,9.4,21.2,7.4,5.3,6.8,20.9,10.6,7.7,3.9,3.4,8.5,18.9,6.9,4.8,5.7,19.6,9.4,7.3,4,2.9,10.4,23.6,8,5.9,8,22.3,11.8,8.2,3.6,4.1,6.9,13.3,5.6,4.2,6.8,9.3,6.9,5.3,3.7,2.4,7.1,13.4,5.9,4.2,6.1,11.3,7,5.3,4.1,2.7,6.7,13.3,5.4,4.2,7.2,8.4,6.9,5.3,3.4,2.2,4.3,10.2,3.5,2.9,3.4,12,5.4,4,2.4,1.8,4.1,8.7,3.4,3,3.4,11.6,4.9,4,2.5,1.8,4.5,11.6,3.6,2.9,3.4,12.2,5.7,4,2.4,1.7,234360000
8/1/2008,5.2,11.9,4.2,3.2,3.7,11.6,6.2,4.5,2.6,1.9,5,10.6,4.2,3.2,3.6,12.4,5.8,4.6,2.8,2,5.3,13.1,4.2,3.2,3.9,11.2,6.5,4.5,2.5,1.8,9.1,20.9,7.2,5.1,6.2,20.4,10.3,7.4,3.8,3.3,8.3,18.5,6.8,4.6,5.2,19.2,9.1,7.1,3.9,2.8,10,23.4,7.6,5.8,7.4,21.6,11.5,7.8,3.7,4,6.7,13,5.5,4.2,6.3,9.1,6.7,5.2,3.7,2.3,7,13,5.8,4.3,5.9,10.9,6.9,5.2,4.1,2.5,6.5,13,5.2,4.2,6.6,8.2,6.6,5.1,3.3,2.2,4.2,10,3.4,2.9,3.3,12,5.2,3.9,2.4,1.7,4,8.6,3.4,2.9,3.3,11.7,4.8,3.9,2.5,1.8,4.4,11.4,3.5,2.8,3.3,12.2,5.5,3.8,2.3,1.7,234107000
7/1/2008,5,11.7,4.1,3.1,3.6,11.4,6,4.4,2.6,1.9,4.9,10.4,4.1,3.1,3.4,12.1,5.7,4.4,2.7,2,5.2,12.9,4.1,3.1,3.8,10.9,6.3,4.4,2.5,1.8,8.9,20.5,6.9,5,5.7,19.9,10.1,7.1,3.7,3.2,8,17.9,6.6,4.5,4.8,18.6,9,6.8,3.7,2.7,9.8,23.2,7.3,5.6,6.7,21.2,11.1,7.5,3.7,3.9,6.5,12.6,5.3,4.2,5.7,8.8,6.6,4.9,3.6,2.1,6.8,12.8,5.6,4.5,5.5,10.6,6.9,5,4,2.3,6.3,12.4,5.1,4,5.9,7.9,6.4,4.9,3.2,2,4.2,9.9,3.3,2.8,3.3,11.8,5.1,3.8,2.3,1.7,3.9,8.4,3.3,2.8,3.2,11.5,4.7,3.8,2.4,1.8,4.3,11.3,3.4,2.8,3.3,12.1,5.4,3.7,2.2,1.7,233864000
6/1/2008,4.9,11.4,4,3.1,3.6,11.1,5.9,4.3,2.5,1.8,4.8,10.2,4,3.1,3.4,11.9,5.7,4.4,2.6,1.9,5.1,12.5,4,3.1,3.8,10.6,6.2,4.3,2.4,1.8,8.7,20.1,6.8,4.9,5.5,19.6,9.9,6.9,3.7,3,7.9,17.7,6.5,4.4,4.7,18.4,8.9,6.7,3.7,2.6,9.5,22.5,7.2,5.4,6.4,20.9,10.8,7.2,3.8,3.7,6.3,12.2,5.2,4.3,5.7,8.5,6.5,4.8,3.5,2,6.7,12.5,5.6,4.6,5.1,10.2,7.1,5,4,2.2,6.1,12,4.9,4.1,6,7.7,6.2,4.7,3,1.9,4.1,9.7,3.3,2.7,3.3,11.5,5,3.7,2.3,1.7,3.9,8.2,3.3,2.7,3.2,11.3,4.6,3.8,2.3,1.7,4.2,11,3.3,2.8,3.3,11.7,5.3,3.6,2.2,1.7,233627000
5/1/2008,4.9,11.2,3.9,3.1,3.6,10.9,5.8,4.2,2.5,1.8,4.7,10,4,3,3.4,11.6,5.6,4.3,2.6,1.9,5,12.3,3.9,3.1,3.7,10.4,6.1,4.2,2.4,1.8,8.6,19.9,6.7,4.8,5.6,19.5,9.8,6.8,3.7,2.9,7.9,17.7,6.4,4.4,5,18.4,8.8,6.6,3.7,2.3,9.4,22.3,7,5.4,6.3,20.5,10.8,7.1,3.7,3.6,6.2,11.9,5,4.2,5.4,8.3,6.4,4.7,3.3,1.9,6.6,12.1,5.5,4.5,4.9,9.9,6.9,5,3.7,2.2,5.9,11.8,4.7,4,5.8,7.5,6,4.5,2.9,1.6,4,9.5,3.2,2.7,3.3,11.3,4.9,3.6,2.3,1.7,3.8,8,3.2,2.7,3.3,11.1,4.6,3.7,2.3,1.7,4.2,10.8,3.2,2.8,3.3,11.5,5.2,3.6,2.2,1.7,233405000
4/1/2008,4.8,10.9,3.9,3.1,3.5,10.7,5.8,4.1,2.5,1.8,4.6,9.7,3.9,3,3.5,11.5,5.5,4.2,2.6,1.8,4.9,12.1,3.8,3.1,3.6,10.2,6,4.1,2.4,1.8,8.5,19.5,6.7,4.7,5.2,19.2,9.8,6.6,3.6,2.8,7.8,17.3,6.3,4.2,5.1,18.2,8.7,6.4,3.7,2.2,9.3,21.9,7,5.3,5.2,20.2,10.8,6.8,3.6,3.7,6.1,11.7,4.9,4.3,5.4,8.1,6.3,4.7,3.2,1.7,6.5,11.9,5.5,4.6,4.7,9.8,6.8,4.9,3.7,2.2,5.8,11.6,4.6,4.1,5.8,7.3,5.9,4.4,2.7,1.3,3.9,9.2,3.2,2.7,3.3,11.1,4.8,3.6,2.3,1.7,3.8,7.8,3.2,2.7,3.3,10.8,4.5,3.6,2.3,1.7,4.1,10.6,3.2,2.8,3.2,11.3,5.1,3.5,2.2,1.7,233198000
3/1/2008,4.7,10.9,3.8,3.1,3.5,10.6,5.7,4.1,2.5,1.8,4.6,9.6,3.9,3,3.4,11.5,5.4,4.1,2.6,1.8,4.8,12,3.8,3.1,3.6,10.1,5.9,4,2.4,1.7,8.4,19.7,6.6,4.5,5,19.1,9.7,6.6,3.6,2.8,7.7,17.3,6.3,3.9,4.9,18.1,8.5,6.4,3.7,2.2,9.3,22.1,7,5.2,5.1,20.2,10.8,6.8,3.6,3.6,6,11.4,4.8,4.4,5.6,8,6.1,4.6,3.1,1.6,6.4,11.6,5.4,4.9,4.6,9.7,6.7,4.8,3.6,2.2,5.6,11.3,4.5,4.1,6.2,7.2,5.7,4.4,2.6,1.2,3.9,9.2,3.2,2.8,3.3,11.1,4.8,3.5,2.3,1.6,3.8,7.8,3.2,2.7,3.2,11,4.4,3.6,2.3,1.7,4.1,10.5,3.1,2.8,3.3,11.2,5.1,3.5,2.2,1.6,232995000
2/1/2008,4.7,10.8,3.8,3.1,3.4,10.5,5.5,4.1,2.5,1.7,4.6,9.6,3.9,3,3.3,11.5,5.3,4.1,2.6,1.8,4.8,11.9,3.7,3.2,3.5,9.9,5.8,4,2.4,1.7,8.4,19.5,6.6,4.4,4.7,19,9.7,6.5,3.5,2.8,7.6,17.3,6.2,3.8,4.5,18.2,8.4,6.3,3.5,2.2,9.2,21.8,7,5.2,4.8,19.8,10.9,6.8,3.5,3.5,5.8,11.2,4.7,4.4,5.3,7.8,5.8,4.6,3.1,1.6,6.3,11.3,5.3,4.9,4.5,9.5,6.4,4.8,3.6,2.1,5.5,11.1,4.3,4,5.8,7,5.3,4.4,2.5,1.2,3.9,9.1,3.1,2.8,3.2,11.1,4.7,3.5,2.2,1.6,3.7,7.7,3.1,2.7,3.2,11.1,4.3,3.6,2.3,1.7,4,10.4,3.1,2.9,3.2,11.1,5,3.4,2.2,1.6,232809000
1/1/2008,4.7,10.7,3.8,3.1,3.3,10.4,5.5,4,2.4,1.7,4.5,9.5,3.8,3,3.1,11.3,5.2,4.1,2.5,1.8,4.8,11.7,3.7,3.2,3.4,9.9,5.7,4,2.4,1.7,8.4,19.4,6.6,4.4,4.5,18.9,9.6,6.5,3.5,2.7,7.6,17.1,6.2,3.8,4.1,17.8,8.4,6.4,3.5,2.2,9.3,21.7,7,5.2,4.8,20.1,10.9,6.7,3.5,3.4,5.7,10.8,4.6,4.4,5.1,7.7,5.7,4.6,2.9,1.6,6.2,11,5.2,5.2,4.3,9.3,6.3,4.8,3.5,2.1,5.4,10.7,4.3,3.8,5.6,6.9,5.2,4.4,2.4,1.3,3.9,9,3.1,2.8,3.1,11.1,4.6,3.5,2.2,1.6,3.7,7.7,3.1,2.7,3.1,11.1,4.2,3.5,2.3,1.7,4,10.3,3.1,2.9,3.1,11.1,4.9,3.4,2.2,1.6,232616000
12/1/2007,4.6,10.5,3.7,3.1,3.3,10.3,5.4,4,2.4,1.7,4.5,9.4,3.8,3,3.1,11.2,5.2,4,2.5,1.8,4.7,11.6,3.7,3.2,3.4,9.7,5.6,4,2.4,1.6,8.3,19.1,6.5,4.4,4.5,18.7,9.6,6.4,3.6,2.6,7.5,16.9,6.2,3.7,4,17.7,8.3,6.2,3.5,2.2,9.2,21.4,7,5.3,5,19.7,10.9,6.6,3.6,3,5.6,10.7,4.6,4.5,4.9,7.6,5.5,4.6,2.9,1.6,6.1,10.8,5.1,5.2,4,9.3,6.1,4.7,3.4,1.8,5.3,10.7,4.2,3.9,5.5,6.8,5.2,4.5,2.4,1.4,3.9,8.9,3.1,2.8,3.1,10.9,4.6,3.5,2.2,1.6,3.7,7.7,3.1,2.7,3.1,11,4.2,3.5,2.2,1.7,4,10.1,3.1,2.9,3.1,10.8,4.9,3.5,2.2,1.5,233156000
11/1/2007,4.6,10.4,3.7,3.1,3.2,10.2,5.4,4,2.4,1.7,4.5,9.3,3.8,3,3,11.1,5.1,4,2.5,1.8,4.7,11.4,3.6,3.2,3.3,9.6,5.6,4,2.4,1.6,8.3,18.7,6.6,4.5,4.2,18.3,9.6,6.4,3.5,2.6,7.6,16.7,6.3,3.6,3.3,17.5,8.3,6.4,3.6,2.4,9,20.7,6.9,5.6,5.2,19.1,10.8,6.4,3.4,2.8,5.5,10.6,4.4,4.5,4.6,7.6,5.3,4.4,2.8,1.6,6,10.6,4.9,5.2,3.6,9.2,5.9,4.5,3.3,1.8,5.3,10.5,4.1,4,5.2,6.9,5,4.3,2.3,1.3,3.8,8.9,3.1,2.8,3,10.7,4.6,3.5,2.2,1.6,3.7,7.7,3.1,2.7,3,10.8,4.2,3.5,2.2,1.7,4,10,3.1,2.9,3.1,10.5,4.8,3.5,2.2,1.5,232939000
10/1/2007,4.6,10.4,3.7,3.1,3.2,10.1,5.4,4,2.4,1.7,4.5,9.4,3.7,3,3,11,5.1,4,2.4,1.8,4.7,11.3,3.6,3.2,3.3,9.5,5.6,4,2.3,1.6,8.3,18.8,6.5,4.5,4.5,18,9.7,6.5,3.5,2.5,7.6,17,6.3,3.6,3.6,17.3,8.5,6.5,3.5,2.4,9,20.7,6.8,5.7,5.5,18.6,10.9,6.5,3.5,2.7,5.5,10.5,4.4,4.4,4.9,7.5,5.3,4.4,2.7,1.5,5.9,10.5,4.9,4.8,4.4,9,5.8,4.5,3.2,1.8,5.2,10.5,4.1,4.1,5.2,6.9,4.9,4.2,2.3,1.3,3.8,8.8,3.1,2.8,3,10.5,4.6,3.5,2.2,1.6,3.7,7.7,3,2.7,2.9,10.8,4.2,3.5,2.2,1.7,3.9,9.9,3.1,2.9,3,10.3,4.8,3.5,2.2,1.5,232715000
9/1/2007,4.5,10.4,3.6,3.1,3.2,10,5.3,4,2.4,1.7,4.4,9.4,3.7,2.9,3.1,10.9,5.1,4,2.4,1.7,4.6,11.3,3.6,3.2,3.2,9.4,5.5,3.9,2.3,1.6,8.2,18.9,6.5,4.5,4.5,17.8,9.7,6.5,3.3,2.5,7.6,17.2,6.2,3.4,3.7,17.3,8.5,6.5,3.2,2.4,9,20.6,6.8,5.8,5.4,18.3,10.9,6.4,3.4,2.7,5.4,10.4,4.3,4.2,4.8,7.4,5.2,4.4,2.6,1.6,5.9,10.5,4.9,4.6,4.5,8.9,5.8,4.7,2.9,1.9,5.1,10.3,4,3.9,5,6.8,4.7,4.1,2.2,1.3,3.8,8.8,3,2.8,3,10.4,4.5,3.5,2.2,1.6,3.6,7.7,3,2.7,3,10.7,4.2,3.4,2.3,1.6,3.9,9.8,3,2.9,3,10.1,4.8,3.5,2.2,1.6,232461000
8/1/2007,4.5,10.3,3.6,3.1,3.2,9.9,5.3,4,2.4,1.7,4.5,9.4,3.7,2.9,3.1,11,5.1,4,2.4,1.7,4.6,11.2,3.6,3.2,3.2,9.2,5.5,3.9,2.3,1.6,8.3,18.9,6.6,4.5,4.4,18,9.7,6.5,3.3,2.5,7.6,17.2,6.2,3.4,3.7,17.5,8.5,6.4,3.3,2.3,9.1,20.8,6.9,5.7,5.1,18.5,10.9,6.6,3.4,2.7,5.4,10.3,4.3,4.1,4.6,7.4,5.2,4.3,2.6,1.5,5.9,10.6,5,4.6,4,9.1,5.8,4.7,3,2.1,5,10.1,3.9,3.7,5,6.6,4.7,4,2.3,1,3.8,8.7,3,2.8,3,10.1,4.5,3.5,2.2,1.6,3.7,7.7,3,2.7,3.1,10.5,4.2,3.5,2.3,1.6,3.9,9.7,3,2.9,2.9,9.9,4.7,3.5,2.2,1.6,232211000
7/1/2007,4.5,10.3,3.6,3,3.2,9.9,5.3,4,2.3,1.6,4.5,9.4,3.7,2.9,3.3,11,5.1,4,2.4,1.7,4.6,11.2,3.6,3.2,3.2,9.2,5.5,3.9,2.3,1.6,8.4,19,6.7,4.4,4.6,17.9,9.9,6.6,3.3,2.4,7.7,17.2,6.3,3.4,3.9,17.5,8.5,6.5,3.4,2.4,9.2,20.9,7,5.7,5.3,18.4,11.1,6.8,3.3,2.5,5.4,10.3,4.3,4,4.7,7.4,5.1,4.3,2.6,1.5,5.9,10.5,4.9,4.4,4.1,9,5.6,4.7,2.9,2,5,10.2,3.9,3.6,5.1,6.7,4.7,4,2.3,1,3.8,8.7,3,2.8,3,10.1,4.5,3.4,2.2,1.6,3.7,7.7,3,2.7,3.3,10.6,4.2,3.5,2.2,1.6,3.9,9.6,3,2.9,2.9,9.8,4.7,3.4,2.1,1.6,231958000
6/1/2007,4.5,10.4,3.6,3,3.1,9.9,5.3,4,2.3,1.6,4.5,9.5,3.7,2.9,3.2,11,5.1,4,2.4,1.7,4.6,11.2,3.6,3.2,3,9.3,5.5,3.9,2.2,1.6,8.6,19.4,6.8,4.4,4.7,18.2,10,6.8,3.3,2.3,7.8,17.6,6.4,3.4,4.1,17.8,8.6,6.6,3.5,2.3,9.4,21.4,7.2,5.7,5.3,18.6,11.3,7.1,3.1,2.3,5.3,10.2,4.3,3.9,4.3,7.4,4.9,4.3,2.5,1.6,5.7,10.2,4.8,4.2,3.8,9,5.3,4.6,2.6,2,5,10.2,3.9,3.6,4.7,6.7,4.6,4,2.4,1.2,3.8,8.7,3,2.8,3,10.1,4.5,3.4,2.2,1.6,3.7,7.8,3,2.7,3.2,10.5,4.3,3.5,2.2,1.6,3.8,9.6,3,2.9,2.8,9.8,4.7,3.4,2.1,1.6,231713000
5/1/2007,4.5,10.4,3.7,3,3.1,9.9,5.3,4,2.3,1.6,4.5,9.5,3.7,2.9,3.1,10.9,5.1,4.1,2.5,1.6,4.6,11.1,3.6,3.2,3,9.3,5.5,3.9,2.2,1.5,8.6,19.4,6.8,4.4,4.6,18.3,9.9,6.9,3.3,2.3,7.9,17.6,6.5,3.3,3.9,17.7,8.6,6.7,3.7,2.3,9.4,21.2,7.2,5.7,5.4,18.8,11.2,7.1,2.9,2.3,5.3,10.2,4.2,3.9,4.1,7.4,4.9,4.2,2.5,1.6,5.7,10.2,4.7,4.2,3.5,8.8,5.4,4.4,2.5,2,5,10.2,3.9,3.7,4.4,6.7,4.6,4,2.5,1.3,3.8,8.7,3,2.8,2.9,10.1,4.5,3.4,2.2,1.5,3.7,7.9,3,2.7,3.1,10.5,4.2,3.6,2.3,1.5,3.8,9.5,3,2.9,2.8,9.9,4.7,3.3,2.1,1.5,231480000
4/1/2007,4.6,10.4,3.7,3,3,9.9,5.3,4,2.4,1.6,4.5,9.6,3.8,2.9,3,10.9,5.1,4.1,2.5,1.7,4.6,11.1,3.6,3.1,3,9.3,5.5,3.9,2.2,1.5,8.6,19.4,6.9,4.5,4.5,18.4,9.9,7,3.3,2.2,7.9,17.6,6.5,3.4,3.5,17.9,8.6,6.8,3.7,2.1,9.4,21.3,7.2,5.9,5.5,18.9,11.1,7.3,2.8,2.3,5.2,10,4.2,3.7,4,7.3,4.8,4.1,2.5,1.7,5.6,10,4.7,3.9,3.6,8.8,5.4,4.3,2.5,2,4.9,10,3.8,3.6,4.3,6.6,4.5,3.9,2.5,1.4,3.8,8.7,3,2.8,2.8,10.1,4.5,3.5,2.2,1.5,3.7,7.9,3.1,2.7,3,10.4,4.2,3.6,2.3,1.6,3.9,9.5,3,2.9,2.7,9.9,4.7,3.3,2.1,1.5,231253000
3/1/2007,4.6,10.4,3.7,3.1,3,9.8,5.4,4,2.4,1.6,4.5,9.6,3.8,2.9,3,10.8,5.1,4.1,2.5,1.7,4.6,11.1,3.6,3.1,2.9,9.2,5.5,3.9,2.3,1.6,8.7,19.5,6.9,4.6,4.5,18.3,10,7.2,3.3,2.1,8,17.7,6.7,3.4,3.6,18,8.8,6.9,3.7,2,9.5,21.4,7.2,6,5.6,18.7,11.1,7.5,2.7,2.3,5.2,9.9,4.2,3.6,3.7,7.2,4.9,4.1,2.5,1.6,5.7,10,4.8,3.8,3.3,8.7,5.5,4.4,2.5,1.9,4.9,9.8,3.8,3.5,3.9,6.4,4.5,3.9,2.6,1.4,3.8,8.8,3.1,2.8,2.8,10.1,4.5,3.5,2.2,1.6,3.7,7.9,3.1,2.8,3,10.2,4.3,3.6,2.3,1.6,3.9,9.6,3.1,2.9,2.7,10,4.7,3.3,2.2,1.5,231034000
2/1/2007,4.6,10.4,3.7,3,2.9,9.9,5.4,4,2.4,1.6,4.6,9.6,3.8,2.9,3,10.9,5.2,4.2,2.5,1.7,4.6,11.1,3.6,3.1,2.9,9.2,5.5,3.9,2.4,1.5,8.8,19.7,7,4.5,4.5,18.6,10,7.2,3.4,2.1,8.2,17.9,6.8,3.5,3.6,18.2,9.1,7,3.7,1.9,9.5,21.6,7.2,5.8,5.5,18.9,11,7.5,2.9,2.3,5.2,9.8,4.3,3.6,3.7,7.1,5,4.1,2.6,1.7,5.7,10,4.9,3.7,3.4,8.8,5.6,4.5,2.5,1.9,4.9,9.7,3.8,3.5,4,6.3,4.6,3.7,2.7,1.5,3.8,8.8,3.1,2.8,2.8,10.1,4.5,3.5,2.3,1.6,3.7,7.9,3.1,2.7,3,10.2,4.3,3.6,2.3,1.6,3.9,9.7,3.1,2.8,2.6,10,4.7,3.4,2.3,1.5,230834000
1/1/2007,4.6,10.5,3.8,3,2.9,9.9,5.4,4.1,2.5,1.6,4.6,9.7,3.9,2.9,3,11,5.3,4.2,2.5,1.7,4.6,11.2,3.6,3.1,2.8,9.2,5.5,3.9,2.4,1.6,8.9,20,7.1,4.6,4.7,19,10.2,7.2,3.4,2.1,8.3,18.3,6.9,3.6,3.6,18.9,9.2,7,3.8,1.8,9.6,21.8,7.2,5.7,5.9,19,11.1,7.5,2.9,2.4,5.2,9.8,4.3,3.5,3.8,7,5.1,4.1,2.7,1.7,5.8,10,5.1,3.4,3.4,8.9,5.6,4.5,2.6,1.8,4.9,9.7,3.8,3.5,4,6.1,4.7,3.8,2.8,1.6,3.8,8.9,3.1,2.8,2.8,10.1,4.5,3.5,2.3,1.6,3.8,7.9,3.1,2.7,3.1,10.2,4.3,3.6,2.3,1.7,3.9,9.7,3.1,2.8,2.6,10,4.7,3.4,2.3,1.5,230650000
12/1/2006,4.6,10.5,3.8,3,2.9,9.9,5.4,4,2.5,1.6,4.6,9.7,3.9,2.9,3,11,5.3,4.2,2.6,1.7,4.6,11.2,3.6,3,2.8,9.1,5.5,3.9,2.4,1.6,9,20.2,7.1,4.6,4.7,19.1,10.3,7.2,3.4,2.1,8.5,18.6,7,3.9,3.7,19.2,9.5,7,3.8,1.8,9.6,22,7.2,5.6,5.8,19,11,7.5,3,2.6,5.2,9.7,4.3,3.3,3.9,7,5.2,4.1,2.7,1.6,5.9,10,5.1,3.1,4.2,9,5.8,4.4,2.5,1.7,4.8,9.5,3.8,3.5,3.7,6,4.8,3.7,2.8,1.4,3.8,8.9,3.1,2.8,2.7,10.1,4.5,3.5,2.3,1.6,3.8,7.9,3.1,2.8,2.9,10.2,4.3,3.6,2.4,1.7,3.9,9.8,3.1,2.8,2.6,10,4.7,3.3,2.3,1.5,230108000
11/1/2006,4.7,10.5,3.8,3,2.9,10,5.4,4.1,2.5,1.6,4.7,9.7,4,3,3.1,11.2,5.4,4.2,2.6,1.7,4.6,11.3,3.6,3,2.8,9.2,5.5,3.9,2.4,1.6,9,20.4,7.2,4.8,4.7,19.4,10.4,7.2,3.5,2,8.5,18.6,7,4.1,4,19.4,9.7,6.9,3.9,1.6,9.7,22.4,7.3,5.6,5.4,19.4,11,7.7,3.1,2.6,5.3,9.9,4.4,3.3,3.9,7,5.2,4.3,2.6,1.6,6,10.3,5.3,3.1,4.3,9.2,5.9,4.8,2.5,1.6,4.8,9.7,3.8,3.5,3.7,6,4.8,3.9,2.8,1.5,3.9,8.8,3.1,2.8,2.7,10.2,4.5,3.5,2.3,1.6,3.8,7.8,3.2,2.8,3,10.3,4.3,3.6,2.4,1.7,3.9,9.8,3.1,2.8,2.5,10.1,4.7,3.4,2.3,1.5,229905000
10/1/2006,4.7,10.6,3.8,3,2.9,10.1,5.5,4.1,2.5,1.6,4.7,9.7,4,3,3,11.3,5.4,4.2,2.6,1.7,4.7,11.4,3.7,3,2.8,9.3,5.5,4,2.4,1.6,9.2,20.8,7.3,4.8,4.5,20.1,10.5,7.3,3.6,2,8.6,18.8,7.2,4.1,3.9,19.9,9.9,6.9,3.9,1.5,9.9,22.9,7.5,5.6,5.2,20.3,11.1,7.9,3.2,2.7,5.4,10.1,4.5,3.5,3.3,7.1,5.3,4.5,2.7,1.5,6.1,10.3,5.4,3.6,3.3,9.2,6,4.9,2.6,1.5,4.9,10,3.9,3.5,3.4,6,4.9,4.1,2.9,1.5,3.9,8.8,3.2,2.8,2.8,10.2,4.5,3.5,2.4,1.6,3.8,7.8,3.2,2.8,3,10.3,4.4,3.7,2.4,1.7,3.9,9.8,3.1,2.8,2.6,10.1,4.6,3.4,2.3,1.5,229675000
9/1/2006,4.7,10.6,3.9,3,3,10.2,5.5,4.2,2.5,1.6,4.8,9.7,4.1,3,3.1,11.5,5.5,4.3,2.6,1.8,4.7,11.4,3.7,3,2.9,9.4,5.5,4,2.5,1.5,9.3,20.7,7.4,4.8,4.9,20.4,10.5,7.4,3.7,2.1,8.7,18.8,7.3,4.2,4.7,20.2,10,7,4.1,1.6,9.9,22.8,7.6,5.5,5.2,20.5,10.9,7.9,3.3,2.7,5.5,10.3,4.5,3.6,3.5,7.2,5.5,4.6,2.8,1.3,6.2,10.5,5.5,3.8,3.3,9.6,6,4.9,2.6,1.3,5,10.2,3.9,3.4,3.5,6,5.1,4.2,3,1.4,3.9,8.8,3.2,2.7,2.8,10.3,4.5,3.6,2.4,1.6,3.8,7.8,3.3,2.7,2.9,10.4,4.4,3.7,2.4,1.8,4,9.7,3.1,2.8,2.7,10.2,4.7,3.4,2.4,1.4,229420000
8/1/2006,4.8,10.6,3.9,3.1,3,10.3,5.6,4.2,2.6,1.6,4.8,9.7,4.1,3.1,3,11.6,5.5,4.3,2.6,1.8,4.8,11.5,3.8,3.1,3,9.5,5.6,4.1,2.5,1.5,9.3,20.9,7.4,4.9,5.4,20.3,10.6,7.4,3.7,2,8.8,18.8,7.3,4.4,5.2,20.2,10.1,7.1,4.1,1.5,9.9,23.1,7.5,5.4,5.6,20.5,11,7.8,3.2,2.8,5.6,10.5,4.6,3.7,3.6,7.4,5.4,4.6,2.8,1.4,6.3,10.5,5.5,4.1,3.6,9.8,6,4.9,2.7,1.3,5.1,10.5,4,3.5,3.6,6.2,5.1,4.3,2.8,1.6,3.9,8.8,3.2,2.8,2.8,10.3,4.6,3.6,2.4,1.6,3.9,7.8,3.3,2.8,2.8,10.4,4.4,3.7,2.4,1.9,4,9.7,3.2,2.8,2.8,10.3,4.7,3.4,2.4,1.4,229167000
7/1/2006,4.8,10.6,4,3.1,3,10.4,5.6,4.2,2.6,1.7,4.8,9.7,4.2,3.1,3,11.7,5.6,4.2,2.7,1.8,4.8,11.5,3.8,3.1,3,9.6,5.6,4.1,2.5,1.5,9.4,21.3,7.4,4.9,5.4,20.8,10.6,7.5,3.7,2,8.9,19.2,7.4,4.5,5.2,20.2,10.3,7.2,4.1,1.4,10,23.6,7.5,5.4,5.6,21.3,10.9,7.8,3.3,3,5.6,10.5,4.6,3.9,3.5,7.5,5.4,4.6,2.8,1.6,6.4,10.6,5.6,4.1,3.6,10,6,4.9,2.9,1.2,5.1,10.5,3.9,3.7,3.5,6.2,5.1,4.3,2.8,1.9,3.9,8.7,3.2,2.8,2.8,10.3,4.6,3.6,2.4,1.6,3.9,7.7,3.3,2.8,2.7,10.4,4.4,3.6,2.4,1.9,4,9.7,3.2,2.8,2.8,10.2,4.7,3.5,2.4,1.4,228912000
6/1/2006,4.8,10.6,4,3.1,3,10.4,5.6,4.2,2.6,1.7,4.9,9.6,4.2,3.2,3,11.8,5.6,4.2,2.7,1.9,4.8,11.5,3.8,3.1,3.1,9.5,5.6,4.1,2.6,1.6,9.4,21.2,7.4,5,5.5,20.7,10.5,7.5,3.8,2.1,8.9,19.1,7.4,4.7,5.1,20,10.4,7.3,4.1,1.4,9.9,23.4,7.5,5.3,5.9,21.4,10.6,7.7,3.5,3.2,5.6,10.5,4.6,4,3.5,7.5,5.5,4.5,2.8,1.5,6.5,10.7,5.7,4.3,3.3,10.2,6.3,4.8,3.1,1.1,5.1,10.4,3.9,3.7,3.6,6.2,5,4.3,2.6,1.9,3.9,8.7,3.3,2.8,2.8,10.3,4.6,3.6,2.4,1.6,3.9,7.6,3.3,2.8,2.8,10.5,4.4,3.6,2.4,1.9,4,9.8,3.2,2.8,2.8,10.2,4.7,3.5,2.5,1.4,228671000
5/1/2006,4.9,10.7,4,3.1,3.1,10.4,5.6,4.2,2.6,1.7,4.9,9.6,4.2,3.2,3.1,11.8,5.7,4.3,2.7,1.9,4.8,11.7,3.8,3.1,3.1,9.5,5.6,4.2,2.6,1.6,9.5,21.7,7.5,5.1,5.8,20.8,10.6,7.6,3.8,2.1,9,19.4,7.5,5,5.4,19.7,10.6,7.4,4.1,1.4,10,24.1,7.5,5.2,6.3,21.8,10.7,7.9,3.5,3,5.7,10.4,4.7,4.1,3.9,7.4,5.6,4.7,2.9,1.8,6.6,10.8,5.8,4.5,4.1,10.3,6.3,4.9,3.3,1.5,5.1,10.1,3.9,3.8,3.7,6,5.1,4.5,2.6,2.1,4,8.8,3.3,2.8,2.8,10.3,4.7,3.6,2.4,1.7,3.9,7.6,3.4,2.8,2.8,10.6,4.5,3.6,2.4,1.9,4,9.8,3.2,2.8,2.8,10.1,4.8,3.5,2.4,1.5,228428000
4/1/2006,4.9,10.8,4,3.1,3.2,10.5,5.7,4.3,2.7,1.8,5,9.8,4.3,3.2,3.2,12,5.7,4.3,2.7,1.9,4.8,11.7,3.8,3,3.2,9.6,5.6,4.2,2.6,1.6,9.6,22.2,7.5,5.1,6.2,20.9,10.8,7.6,3.9,2.1,9.2,20.1,7.5,5.2,5.5,20,10.8,7.5,4.1,1.5,10.1,24.4,7.5,4.9,7,21.8,10.7,7.8,3.7,3.1,5.8,10.5,4.7,4.1,4,7.5,5.6,4.7,3,2,6.7,11,5.9,4.5,4.6,10.4,6.4,4.9,3.4,1.7,5.1,10.2,4,3.8,3.7,6.1,5.1,4.6,2.7,2.2,4,8.8,3.3,2.8,2.8,10.4,4.7,3.6,2.4,1.6,3.9,7.7,3.4,2.8,2.9,10.8,4.5,3.7,2.4,1.8,4,9.9,3.2,2.8,2.8,10.2,4.8,3.5,2.5,1.5,228199000
3/1/2006,4.9,11,4,3.2,3.2,10.7,5.7,4.3,2.7,1.8,5,9.9,4.3,3.3,3.3,12.2,5.7,4.4,2.7,1.9,4.9,11.9,3.8,3.1,3.2,9.8,5.6,4.2,2.7,1.6,9.7,22.3,7.5,5.1,6.5,21.2,10.8,7.6,4,2.3,9.3,20.3,7.5,5.3,5.8,20.2,10.9,7.5,4,1.7,10.1,24.3,7.5,4.9,7.3,22.2,10.7,7.6,3.9,3.2,5.8,10.8,4.8,4.2,4.2,7.7,5.6,4.9,3.1,2.2,6.8,11.1,5.9,4.6,5.3,10.6,6.3,5,3.4,1.9,5.2,10.6,4.1,3.9,3.6,6.3,5.1,4.7,2.7,2.4,4,8.9,3.3,2.8,2.8,10.5,4.7,3.6,2.4,1.6,3.9,7.8,3.4,2.8,2.9,10.8,4.5,3.7,2.4,1.8,4.1,10,3.2,2.8,2.8,10.3,4.8,3.5,2.5,1.5,227975000
2/1/2006,5,11.1,4.1,3.3,3.3,10.8,5.7,4.3,2.7,1.8,5,10,4.3,3.3,3.3,12.3,5.8,4.4,2.7,2,4.9,12,3.9,3.2,3.3,9.8,5.7,4.2,2.7,1.7,9.7,22.4,7.5,5.3,6.9,21.4,10.8,7.6,4,2.4,9.3,20.4,7.5,5.3,6.2,20.7,10.9,7.5,4,1.9,10.2,24.5,7.6,5.3,7.8,22.2,10.8,7.7,4,3.1,5.9,11,4.8,4.2,4.3,7.8,5.6,4.9,3,2.1,6.8,11.4,5.8,4.6,5.3,10.6,6.4,5,3.5,1.8,5.3,10.7,4.1,3.9,3.7,6.4,5.2,4.8,2.6,2.4,4,9,3.3,2.9,2.8,10.6,4.7,3.6,2.4,1.7,4,7.8,3.4,2.9,2.9,11,4.6,3.7,2.4,1.9,4.1,10.1,3.3,2.9,2.8,10.4,4.9,3.5,2.5,1.5,227763000
1/1/2006,5,11.2,4.1,3.3,3.4,10.9,5.8,4.4,2.7,1.8,5.1,10.1,4.3,3.4,3.4,12.5,5.8,4.4,2.7,2.1,5,12.2,3.9,3.2,3.4,10,5.8,4.3,2.7,1.7,9.9,22.6,7.7,5.4,6.8,21.8,10.9,7.8,4,2.6,9.4,20.2,7.7,5.4,6.2,21,10.8,7.6,4.1,2.1,10.4,25.1,7.7,5.5,7.4,22.5,10.9,7.9,4,3.3,6,11.2,4.8,4.3,4.7,7.9,5.7,5,3,2.2,6.9,11.7,5.9,4.8,5.8,10.6,6.6,5.1,3.5,2.1,5.4,11,4.1,3.9,4,6.5,5.1,4.9,2.4,2.3,4.1,9.1,3.4,2.9,3,10.7,4.8,3.7,2.5,1.7,4,7.9,3.4,2.8,3,11.1,4.5,3.7,2.4,1.9,4.2,10.3,3.3,2.9,3,10.4,5,3.6,2.5,1.5,227553000
12/1/2005,5.1,11.3,4.1,3.3,3.5,11.1,5.8,4.4,2.7,1.9,5.1,10.1,4.4,3.3,3.5,12.5,5.8,4.4,2.7,2.1,5.1,12.4,3.9,3.3,3.4,10.1,5.8,4.4,2.8,1.7,10,22.7,7.8,5.5,6.9,21.9,11,7.8,4,2.8,9.5,20.2,7.8,5.2,6.6,21,10.9,7.6,4.1,2.3,10.7,25.4,7.9,5.8,7.1,22.8,11.1,8.2,3.9,3.6,6,11.3,4.8,4.4,4.9,7.9,5.7,5,3.1,2.4,6.9,11.7,5.9,5,5.1,10.5,6.7,5.1,3.7,2.6,5.4,11.1,4.1,4,4.8,6.6,5.1,4.9,2.5,2.2,4.1,9.2,3.4,2.9,3,10.9,4.8,3.7,2.5,1.7,4,7.9,3.4,2.8,3.1,11.3,4.5,3.8,2.4,1.9,4.2,10.4,3.3,2.9,2.9,10.6,5,3.7,2.6,1.5,227425000
11/1/2005,5.1,11.4,4.2,3.3,3.5,11.1,5.8,4.4,2.8,1.9,5.1,10.2,4.4,3.4,3.5,12.5,5.8,4.5,2.7,2.1,5.1,12.5,4,3.3,3.5,10.2,5.9,4.4,2.8,1.7,10.1,22.7,8,5.4,7.2,22.1,11,8,4.2,3.1,9.5,20.1,7.8,5.2,7.2,20.9,10.8,7.7,4.1,2.5,10.9,25.5,8.2,5.6,7.3,23.4,11.1,8.3,4.2,4,6,11.4,4.9,4.5,5.2,7.9,5.8,5,3.1,2.5,7,12,5.9,5.2,5.1,10.5,6.7,5.1,3.8,3.1,5.4,11,4.2,4,5.2,6.5,5.3,5,2.5,2.1,4.1,9.3,3.4,2.9,3,11,4.8,3.7,2.5,1.7,4,8,3.4,2.8,3.1,11.2,4.6,3.8,2.4,1.9,4.3,10.6,3.4,3,2.9,10.8,5,3.7,2.6,1.5,227204000
10/1/2005,5.2,11.4,4.2,3.4,3.6,11.2,5.8,4.5,2.8,1.9,5.1,10.2,4.4,3.4,3.6,12.5,5.8,4.5,2.7,2.2,5.2,12.5,4,3.4,3.5,10.3,5.9,4.4,2.9,1.7,10.2,22.4,8.1,5.5,7.2,22.1,10.8,8.1,4.2,3.3,9.5,19.7,7.8,5.3,7.6,20.7,10.6,7.9,4.1,2.7,10.9,25.2,8.3,5.8,6.8,23.4,11.1,8.4,4.5,4.2,6.1,11.4,4.9,4.5,5.7,7.9,5.9,5,3.1,2.8,7,12.2,5.9,5,5.3,10.7,6.6,5.1,3.7,3.4,5.5,10.9,4.2,4.1,6,6.6,5.4,4.9,2.6,2.4,4.2,9.4,3.4,3,3.1,11,4.8,3.7,2.5,1.7,4,8,3.4,2.9,3.2,11.2,4.6,3.8,2.4,1.9,4.3,10.7,3.4,3,3,11,5.1,3.7,2.6,1.6,226959000
9/1/2005,5.2,11.5,4.2,3.5,3.6,11.3,5.9,4.5,2.8,1.9,5.1,10.3,4.4,3.5,3.5,12.5,5.8,4.5,2.8,2.1,5.2,12.6,4.1,3.5,3.6,10.5,6,4.5,2.9,1.8,10.3,22.6,8.1,5.8,6.8,22.5,10.9,8.2,4.3,3.3,9.6,20,7.9,5.6,7,21,10.8,7.8,4.2,2.7,11.1,25.3,8.5,6.1,6.6,23.8,11.1,8.6,4.5,4.3,6.2,11.5,4.9,4.7,5.9,8,5.9,5.1,3.3,2.9,7.1,12.2,6,5,5.6,10.6,6.6,5.2,3.9,3.5,5.6,11,4.3,4.5,6.2,6.7,5.4,4.9,2.7,2.4,4.2,9.4,3.4,3,3,11.1,4.9,3.7,2.5,1.7,4,8.1,3.4,2.9,3.1,11,4.5,3.8,2.4,1.9,4.3,10.8,3.4,3.1,3,11.1,5.1,3.7,2.6,1.6,226693000
8/1/2005,5.2,11.6,4.2,3.5,3.5,11.3,5.9,4.6,2.8,2,5.1,10.4,4.4,3.4,3.5,12.5,5.8,4.6,2.8,2.1,5.3,12.7,4.1,3.5,3.6,10.6,6,4.6,2.9,1.9,10.4,22.4,8.3,5.9,6.6,22.9,10.8,8.2,4.4,3.5,9.6,19.8,8,5.7,6.6,21.3,10.7,7.9,4.1,2.9,11.2,25.3,8.6,6.3,6.7,24.4,11,8.7,4.8,4.4,6.2,11.6,5,4.8,5.8,7.9,6,5.2,3.4,3,7.2,12.2,6.1,5.2,5.5,10.7,6.7,5.2,4,3.8,5.6,11.2,4.2,4.5,6,6.6,5.5,5.1,2.8,2.4,4.2,9.5,3.4,3,3,11.1,4.9,3.8,2.5,1.7,4,8.2,3.4,2.9,3.1,11,4.5,3.8,2.4,1.8,4.4,10.8,3.4,3.1,3,11.2,5.1,3.8,2.6,1.7,226421000
7/1/2005,5.3,11.6,4.3,3.5,3.6,11.4,5.9,4.6,2.9,2,5.2,10.4,4.4,3.4,3.5,12.6,5.7,4.6,2.8,2.1,5.3,12.7,4.2,3.6,3.7,10.6,6,4.6,3,1.9,10.4,22.3,8.4,6,6.5,23,10.8,8.3,4.5,3.7,9.6,19.5,8,5.7,6.4,21.6,10.6,7.9,4.2,3,11.3,25.2,8.8,6.4,6.6,24.4,11.1,8.8,4.9,4.6,6.3,11.6,5,4.9,5.8,8,6.2,5.2,3.3,3,7.2,12.2,6.2,5.2,5.6,10.8,6.8,5.3,4,3.8,5.7,11.2,4.3,4.6,6,6.6,5.7,5.2,2.8,2.3,4.2,9.6,3.4,3,3.1,11.2,4.9,3.8,2.6,1.8,4,8.3,3.4,2.9,3.1,11.1,4.5,3.8,2.4,1.9,4.4,10.8,3.5,3.2,3.1,11.2,5.1,3.8,2.7,1.7,226153000
6/1/2005,5.3,11.7,4.3,3.5,3.6,11.5,5.9,4.7,2.9,2.1,5.2,10.6,4.4,3.4,3.5,12.7,5.7,4.7,2.8,2.1,5.4,12.7,4.2,3.6,3.7,10.7,6,4.7,3,2,10.5,22.6,8.5,6.1,6.4,23.4,11,8.3,4.5,3.8,9.7,19.9,8.1,5.6,6.4,22.2,10.6,8,4.2,3,11.5,25.4,8.9,6.6,6.5,24.6,11.4,8.8,4.9,4.9,6.4,11.8,5.1,5,6,8.2,6.2,5.4,3.3,3.2,7.3,12.5,6.1,5.3,6.1,11.1,6.8,5.3,3.8,4.2,5.8,11.4,4.5,4.8,5.9,6.8,5.9,5.4,2.9,2.4,4.3,9.7,3.4,3.1,3.1,11.2,4.9,3.9,2.6,1.8,4.1,8.4,3.4,2.9,3,11.1,4.5,3.9,2.5,1.9,4.4,10.9,3.5,3.2,3.2,11.3,5.1,3.9,2.7,1.7,225911000
5/1/2005,5.3,11.8,4.3,3.6,3.6,11.7,5.9,4.7,3,2.1,5.2,10.8,4.4,3.5,3.4,12.9,5.8,4.7,2.9,2.2,5.4,12.8,4.3,3.7,3.8,10.8,6.1,4.7,3.1,2,10.5,22.5,8.5,6.1,6.2,23.6,11,8.3,4.5,3.9,9.8,20.1,8.1,5.5,6.3,22.8,10.5,8,4.2,3.2,11.4,25,8.9,6.8,6,24.4,11.4,8.7,5,4.9,6.5,11.9,5.2,5.2,5.6,8.4,6.3,5.3,3.3,3.3,7.3,12.3,6.2,5.4,5.7,11.4,6.7,5.2,3.8,4.3,5.9,11.7,4.5,5.1,5.5,7,6,5.3,2.9,2.5,4.3,9.8,3.5,3.1,3.1,11.3,4.9,3.9,2.7,1.9,4.1,8.6,3.4,3,3,11.1,4.6,3.9,2.6,2,4.5,10.9,3.5,3.3,3.2,11.4,5.1,4,2.8,1.8,225670000
4/1/2005,5.4,11.8,4.4,3.7,3.6,11.7,6,4.7,3,2.1,5.3,10.8,4.4,3.5,3.4,13,5.8,4.6,2.9,2.2,5.5,12.8,4.3,3.8,3.8,10.9,6.1,4.8,3.1,2.1,10.5,22.4,8.6,6,5.9,23.7,10.9,8.4,4.5,4.2,9.8,20.1,8.2,5.1,6.5,23.1,10.4,8,4.2,3.6,11.4,24.9,9,6.9,5.2,24.3,11.3,8.8,4.9,5,6.6,12,5.3,5.3,5.3,8.6,6.3,5.3,3.2,3.3,7.3,12.3,6.3,5.2,5.2,11.6,6.6,5.2,3.7,4.2,6.1,11.8,4.6,5.4,5.4,7.2,6.2,5.4,2.8,2.5,4.3,9.8,3.5,3.2,3.2,11.3,4.9,3.9,2.7,1.9,4.1,8.6,3.4,3,3,11.1,4.6,3.8,2.6,2,4.5,11,3.6,3.4,3.4,11.5,5.2,4,2.8,1.9,225441000
3/1/2005,5.4,11.8,4.4,3.7,3.6,11.7,6,4.7,3,2.2,5.3,10.8,4.4,3.5,3.4,13,5.8,4.6,3,2.2,5.5,12.8,4.4,3.9,3.8,10.9,6.2,4.9,3.1,2.1,10.5,22.3,8.6,5.8,5.7,23.4,11,8.4,4.4,4.3,9.8,19.9,8.3,4.9,6.5,22.8,10.4,8.1,4.2,3.8,11.4,24.9,9,6.8,4.7,23.9,11.5,8.8,4.7,5,6.6,12,5.3,5.3,5.4,8.7,6.4,5.2,3.2,3.6,7.3,12.1,6.4,5.2,4.4,11.7,6.6,5.1,3.8,4.3,6.1,11.9,4.7,5.4,6,7.3,6.3,5.4,2.8,2.9,4.4,9.9,3.5,3.3,3.2,11.3,5,4,2.8,1.9,4.1,8.7,3.4,3.1,3,11.1,4.7,3.8,2.7,2,4.6,11,3.6,3.4,3.4,11.5,5.2,4.1,2.8,1.9,225236000
2/1/2005,5.5,11.9,4.5,3.7,3.7,11.7,6.1,4.8,3.1,2.2,5.3,10.9,4.5,3.5,3.4,13.1,5.9,4.6,3,2.3,5.6,12.8,4.4,3.9,3.9,10.9,6.3,5,3.1,2.2,10.5,22.4,8.6,5.6,5.4,23,11.1,8.5,4.4,4.2,9.8,19.8,8.3,4.8,6.9,22.4,10.4,8.1,4.3,3.7,11.4,25.1,9,6.5,3.9,23.6,11.7,8.9,4.5,4.9,6.8,12.1,5.5,5.5,6,8.9,6.5,5.3,3.4,3.9,7.5,12,6.6,5.3,4.3,12.1,6.7,5,3.9,4.7,6.3,12.2,4.8,5.6,7,7.3,6.4,5.6,3,3.1,4.4,9.9,3.6,3.3,3.3,11.3,5,4,2.8,2,4.2,8.8,3.4,3.1,3,11,4.7,3.8,2.7,2,4.6,10.9,3.7,3.5,3.5,11.5,5.3,4.2,2.9,2,225041000
1/1/2005,5.5,11.8,4.5,3.8,3.6,11.7,6.1,4.8,3.1,2.2,5.4,10.9,4.5,3.6,3.4,13,5.9,4.7,3.1,2.3,5.6,12.6,4.5,3.9,3.8,10.9,6.3,4.9,3.1,2.2,10.4,22.2,8.5,5.5,5.5,22.4,10.9,8.5,4.5,4.6,9.8,19.9,8.3,4.8,7.1,21.8,10.4,8.2,4.4,4.1,11.1,24.6,8.9,6.3,3.9,23,11.4,8.8,4.6,5.2,6.9,12.2,5.6,5.7,5.9,9.1,6.6,5.3,3.5,3.7,7.5,12,6.6,5.6,4.1,12.3,6.5,5.1,3.9,4.6,6.4,12.3,4.9,5.8,7.1,7.6,6.6,5.6,3.1,2.9,4.4,9.8,3.6,3.4,3.2,11.3,5.1,4,2.8,2,4.2,8.8,3.5,3.2,3,11,4.8,3.9,2.8,2,4.7,10.7,3.8,3.5,3.3,11.4,5.3,4.2,2.9,2,224837000
12/1/2004,5.5,11.8,4.6,3.8,3.6,11.8,6.1,4.8,3.1,2.3,5.4,11,4.6,3.6,3.4,13.1,5.9,4.7,3.1,2.4,5.6,12.6,4.6,3.9,3.7,11,6.3,5,3.2,2.2,10.4,22.2,8.5,5.4,5.4,22.4,10.8,8.6,4.4,4.4,9.8,20,8.2,4.7,6.7,21.7,10.3,8.3,4.3,4.1,11.1,24.6,8.8,6.2,4.1,23.2,11.3,8.8,4.6,4.9,7,12.3,5.7,5.8,6,9.3,6.5,5.5,3.5,3.5,7.6,12.1,6.7,5.8,4.6,12.6,6.5,5.3,4,4.2,6.5,12.4,5,5.7,6.9,7.8,6.5,5.7,3.1,3,4.5,9.8,3.7,3.4,3.2,11.2,5.1,4.1,2.9,2.1,4.3,8.9,3.5,3.3,3,11.1,4.9,3.9,2.8,2.1,4.7,10.7,3.8,3.5,3.3,11.4,5.3,4.2,3,2,224640000
11/1/2004,5.6,11.9,4.6,3.8,3.6,11.8,6.2,4.9,3.2,2.3,5.4,11,4.6,3.7,3.4,13.1,6,4.7,3.1,2.4,5.7,12.6,4.6,3.9,3.7,11,6.3,5,3.3,2.3,10.3,22.2,8.4,5.4,5.4,22.1,10.9,8.5,4.3,4.4,9.8,20.2,8.2,4.8,6.1,21.4,10.4,8.4,4.3,4,10.9,24.5,8.6,6.2,4.6,22.7,11.3,8.7,4.3,4.9,7,12.2,5.7,5.7,5.9,9.4,6.5,5.4,3.6,3.3,7.6,11.7,6.7,5.8,4.7,12.6,6.5,5.2,4.1,3.7,6.5,12.5,5,5.6,6.7,7.8,6.5,5.7,3.3,3.1,4.5,9.8,3.7,3.5,3.2,11.2,5.2,4.1,2.9,2.1,4.3,8.9,3.5,3.3,3.1,11.1,4.9,3.9,2.8,2.2,4.7,10.7,3.9,3.6,3.3,11.3,5.4,4.2,3,2.1,224422000
10/1/2004,5.6,11.9,4.6,3.8,3.6,11.8,6.2,4.9,3.2,2.4,5.4,11,4.6,3.7,3.5,13.1,6,4.7,3.1,2.4,5.7,12.7,4.6,4,3.7,11,6.4,5,3.3,2.3,10.3,22.3,8.3,5.4,5.5,21.6,10.9,8.5,4.3,4.2,9.8,20.5,8.2,4.8,5.7,20.9,10.5,8.4,4.4,3.9,10.8,24.5,8.5,6.2,5.2,22.2,11.3,8.7,4.3,4.6,7,12.2,5.8,5.8,5.3,9.5,6.6,5.4,3.6,3.2,7.6,11.6,6.8,5.8,4.5,12.5,6.6,5.1,4.2,3.7,6.6,12.6,5.1,5.9,5.9,8,6.6,5.7,3.2,2.8,4.6,9.9,3.8,3.5,3.2,11.3,5.2,4.1,3,2.2,4.3,8.9,3.6,3.3,3.2,11.3,4.9,3.9,2.8,2.2,4.8,10.8,3.9,3.6,3.3,11.4,5.5,4.3,3.1,2.2,224192000
9/1/2004,5.6,11.9,4.7,3.8,3.6,11.8,6.3,4.9,3.3,2.4,5.5,11,4.7,3.7,3.5,13.1,6,4.8,3.2,2.4,5.8,12.7,4.7,4,3.7,11,6.5,5.1,3.3,2.4,10.3,22.5,8.3,5.4,5.6,21.3,11,8.6,4.3,4.2,9.8,20.4,8.2,4.8,6,20.5,10.5,8.5,4.4,4,10.9,24.9,8.5,6.1,5.2,22,11.5,8.7,4.2,4.6,7.1,12.2,5.9,5.7,4.9,9.4,6.7,5.5,3.7,3.3,7.7,11.6,6.9,5.7,4.4,12.5,6.8,5.1,4.4,3.9,6.7,12.6,5.2,5.7,5.3,8,6.7,5.8,3.1,2.8,4.6,9.8,3.8,3.5,3.2,11.4,5.3,4.1,3,2.2,4.3,8.9,3.6,3.3,3.2,11.4,5,3.9,2.8,2.2,4.8,10.7,4,3.6,3.2,11.4,5.5,4.3,3.2,2.2,223941000
8/1/2004,5.7,12,4.7,3.9,3.6,11.8,6.3,5,3.3,2.5,5.5,11.1,4.7,3.7,3.5,13.1,6.1,4.8,3.2,2.5,5.8,12.8,4.8,4,3.7,11,6.5,5.1,3.4,2.5,10.3,22.9,8.3,5.4,5.8,20.9,11.2,8.6,4.3,4.4,9.9,20.8,8.2,4.9,6.4,20.3,10.8,8.5,4.5,4.2,10.9,25.2,8.4,6,5.1,21.6,11.6,8.8,4.1,4.6,7.1,12.1,6,5.7,5,9.4,6.8,5.5,3.8,3.5,7.7,11.6,7,5.5,4.2,12.3,6.8,5.3,4.5,4,6.7,12.4,5.3,5.9,5.5,8,6.8,5.7,3.2,3,4.7,9.9,3.9,3.5,3.2,11.5,5.3,4.2,3.1,2.2,4.4,9,3.6,3.3,3.2,11.5,5,4,2.9,2.2,4.9,10.8,4.1,3.7,3.3,11.4,5.5,4.4,3.2,2.3,223677000
7/1/2004,5.7,12,4.8,3.9,3.6,11.9,6.4,5,3.4,2.5,5.6,11.2,4.7,3.7,3.6,13.2,6.1,4.9,3.3,2.5,5.9,12.8,4.8,4.1,3.7,11.1,6.6,5.2,3.5,2.5,10.4,23.1,8.3,5.3,5.9,20.7,11.4,8.6,4.3,4.3,10,21.3,8.2,5,6.6,20.3,11.1,8.5,4.3,4.3,10.9,25.2,8.5,5.7,5.3,21.1,11.7,8.9,4.3,4.5,7.2,12.2,6.1,5.7,5,9.5,6.8,5.6,3.9,3.6,7.8,11.7,7.1,5.4,3.9,12.3,6.8,5.4,4.7,4.3,6.8,12.6,5.4,5.8,5.9,8.2,6.9,5.7,3.3,3,4.7,9.9,3.9,3.6,3.3,11.5,5.3,4.2,3.1,2.2,4.4,9,3.7,3.4,3.3,11.5,5,4.1,2.9,2.2,5,10.8,4.1,3.7,3.3,11.5,5.6,4.4,3.3,2.3,223422000
6/1/2004,5.8,12.1,4.8,4,3.6,11.9,6.4,5.1,3.4,2.5,5.6,11.1,4.8,3.8,3.6,13.1,6.1,4.9,3.3,2.5,6,13,4.9,4.1,3.7,11.2,6.7,5.3,3.5,2.5,10.4,23.1,8.3,5.4,5.9,20.4,11.4,8.8,4.3,4.3,9.9,21.1,8.2,5,6.9,20.2,11.1,8.5,4.3,4.3,10.9,25.4,8.4,5.8,4.9,20.6,11.7,9.1,4.3,4.2,7.3,12.3,6.2,5.7,5,9.5,7,5.7,4.2,3.4,7.8,11.5,7.2,5.4,3.4,12.2,6.8,5.6,4.8,4.3,6.9,12.9,5.5,5.9,6.1,8.2,7.1,5.8,3.6,2.7,4.7,10,4,3.6,3.3,11.6,5.3,4.3,3.2,2.3,4.4,9,3.7,3.4,3.3,11.5,4.9,4.1,3,2.2,5,10.9,4.2,3.8,3.3,11.6,5.7,4.5,3.4,2.3,223196000
5/1/2004,5.8,12.3,4.9,4,3.6,12,6.5,5.1,3.5,2.5,5.6,11.3,4.8,3.7,3.5,13.2,6.1,4.9,3.3,2.5,6,13.2,5,4.2,3.7,11.3,6.8,5.3,3.6,2.6,10.5,23.4,8.4,5.4,5.8,20.7,11.5,8.8,4.3,4.2,10,21.5,8.2,5,6.6,20.6,11.2,8.4,4.2,4.2,11,25.6,8.5,5.8,4.9,20.7,11.8,9.2,4.4,4.3,7.4,12.7,6.3,5.6,5,9.6,7.2,5.9,4.4,3.3,8,12.2,7.3,5.3,3.3,12.4,7.1,5.8,5,4.2,7,13,5.6,5.9,6.2,8.3,7.3,6,3.9,2.6,4.8,10,4,3.7,3.3,11.6,5.4,4.3,3.2,2.3,4.4,9,3.6,3.4,3.3,11.5,4.9,4.1,2.9,2.2,5.1,11,4.3,3.9,3.4,11.8,5.8,4.5,3.4,2.4,222967000
4/1/2004,5.9,12.3,4.9,4,3.7,12,6.6,5.2,3.5,2.5,5.7,11.3,4.8,3.8,3.6,13.2,6.2,5,3.3,2.5,6.1,13.2,5,4.2,3.8,11.3,6.9,5.4,3.6,2.6,10.6,23.5,8.4,5.4,6,20.7,11.7,8.7,4.4,4.2,10,21.3,8.2,5.2,6.4,20.3,11.3,8.4,4.2,4,11.2,26.1,8.7,5.7,5.5,21.1,12.1,9.2,4.6,4.4,7.5,12.8,6.3,5.9,5,9.7,7.3,6.1,4.6,3.3,8.2,12.4,7.4,5.5,3.4,12.4,7.2,6,5.1,4,7.1,13,5.7,6.1,6.2,8.3,7.3,6.1,4.1,2.7,4.8,10,4,3.6,3.4,11.6,5.4,4.3,3.2,2.3,4.4,9,3.7,3.4,3.3,11.5,4.9,4.1,2.9,2.2,5.1,11,4.3,3.9,3.4,11.6,5.8,4.5,3.4,2.4,222757000
3/1/2004,5.9,12.4,5,4.1,3.7,12.1,6.6,5.2,3.5,2.6,5.7,11.4,4.8,3.8,3.6,13.2,6.2,5,3.3,2.5,6.2,13.3,5.1,4.3,3.7,11.4,6.9,5.5,3.7,2.6,10.7,23.8,8.5,5.6,6,20.8,11.8,8.8,4.5,4.1,10.1,21.7,8.2,5.5,6.4,20.2,11.5,8.4,4.2,3.8,11.3,26.2,8.8,5.7,5.7,21.4,12,9.3,4.9,4.6,7.6,12.8,6.4,5.9,4.9,9.7,7.3,6.1,4.7,3,8.2,12.7,7.4,5.5,3.6,12.4,7.3,6.2,5,3.8,7.1,12.9,5.7,6.2,5.8,8.4,7.3,6.1,4.4,2.5,4.8,10.1,4,3.7,3.4,11.6,5.5,4.4,3.1,2.3,4.4,9,3.7,3.4,3.3,11.5,4.9,4.1,2.9,2.2,5.2,11.1,4.3,3.9,3.4,11.6,5.9,4.6,3.4,2.5,222550000
2/1/2004,5.9,12.4,5,4.1,3.7,12.1,6.6,5.3,3.5,2.6,5.7,11.4,4.8,3.8,3.6,13.1,6.2,5,3.3,2.5,6.2,13.3,5.1,4.4,3.8,11.4,6.9,5.5,3.7,2.6,10.7,23.8,8.5,5.7,5.8,20.8,11.7,8.9,4.6,4.1,10,21.9,8.1,5.6,5.8,20,11.5,8.5,4.2,3.7,11.4,25.8,8.9,5.9,5.8,21.7,11.9,9.4,5.2,4.8,7.6,12.8,6.4,5.8,4.2,9.8,7.2,6.1,4.7,2.9,8.3,12.8,7.4,5.4,3.7,12.4,7.3,6.3,4.8,3.5,7.1,12.8,5.8,6.1,4.5,8.5,7.2,5.9,4.6,2.5,4.8,10.1,4,3.7,3.4,11.5,5.4,4.4,3.1,2.3,4.4,9,3.7,3.4,3.4,11.5,4.9,4.1,2.9,2.2,5.2,11.2,4.3,4,3.5,11.5,5.9,4.7,3.4,2.5,222357000
1/1/2004,6,12.4,5,4.1,3.8,12.1,6.6,5.3,3.5,2.6,5.7,11.4,4.8,3.7,3.6,13.1,6.2,5,3.3,2.4,6.2,13.4,5.1,4.4,3.9,11.5,6.9,5.6,3.7,2.7,10.8,23.7,8.6,5.9,5.7,21.1,11.9,8.9,4.7,3.7,10.1,21.9,8.1,5.7,5.6,20,11.7,8.5,4.1,3.3,11.5,25.8,9.1,6.1,5.9,22.1,12,9.5,5.4,4.4,7.6,12.7,6.5,5.7,3.9,9.8,7.2,6.2,4.9,3,8.3,12.9,7.5,5.2,3.8,12.4,7.4,6.5,5,3.6,7.1,12.5,5.9,6,3.9,8.5,7,5.9,4.7,2.6,4.8,10.2,4,3.7,3.5,11.5,5.5,4.4,3.1,2.3,4.4,9,3.7,3.3,3.4,11.4,4.9,4.1,2.9,2.1,5.2,11.3,4.3,4,3.7,11.5,6,4.8,3.4,2.5,222161000
12/1/2003,6,12.4,5,4.1,3.8,12.1,6.7,5.3,3.5,2.6,5.7,11.4,4.8,3.7,3.6,13,6.2,5,3.3,2.4,6.3,13.4,5.2,4.5,4,11.6,7,5.6,3.7,2.7,10.8,23.5,8.6,6.3,5.5,21.1,11.9,8.9,4.7,3.7,10,21.8,8.1,5.9,5.3,19.9,11.8,8.4,4.1,3.2,11.6,25.4,9.2,6.7,5.6,22.3,12.1,9.5,5.5,4.3,7.7,12.8,6.5,5.7,3.9,9.8,7.3,6.2,4.9,3,8.4,13.2,7.5,5.3,4.4,12.4,7.6,6.5,5,3.7,7.2,12.6,5.9,6,3.6,8.6,7,5.9,4.9,2.5,4.8,10.2,4,3.7,3.6,11.5,5.5,4.4,3.2,2.3,4.4,9,3.6,3.2,3.4,11.3,4.8,4.1,2.9,2.1,5.3,11.4,4.4,4,3.8,11.6,6,4.8,3.4,2.5,222509000
11/1/2003,6,12.5,5,4.2,3.9,12.2,6.6,5.3,3.5,2.6,5.7,11.5,4.8,3.7,3.7,13,6.2,5,3.3,2.4,6.3,13.4,5.2,4.5,4,11.7,7,5.7,3.7,2.7,10.8,23.7,8.7,6.4,5.2,21.4,12,8.9,4.8,3.5,10.1,22,8.1,6,5.5,20.2,11.7,8.4,4.1,3.3,11.7,25.5,9.3,6.8,5,22.6,12.2,9.6,5.6,3.9,7.8,13,6.6,5.7,3.9,10.1,7.3,6.3,4.9,3,8.5,13.4,7.5,5.3,4.8,12.6,7.7,6.5,4.8,3.8,7.3,12.7,6,6.1,3.3,8.8,7.1,6.1,5,2.4,4.8,10.2,4,3.7,3.7,11.4,5.4,4.5,3.1,2.4,4.4,9,3.6,3.3,3.4,11.1,4.8,4.1,2.9,2.1,5.3,11.3,4.4,4.1,4,11.5,6,4.8,3.3,2.6,222279000
10/1/2003,6,12.5,5,4.1,3.8,12.2,6.6,5.3,3.5,2.6,5.7,11.5,4.8,3.7,3.7,13.1,6.2,5,3.3,2.4,6.3,13.3,5.2,4.6,4,11.7,7,5.7,3.7,2.7,10.9,23.8,8.7,6.3,4.9,21.6,11.9,8.9,4.8,3.5,10.1,22.3,8.1,5.8,5.4,20.7,11.7,8.3,4.2,3.4,11.8,25.4,9.4,6.9,4.5,22.6,12.2,9.7,5.7,3.8,7.8,13.1,6.6,5.6,4.3,10.2,7.3,6.3,4.8,3.2,8.5,13.8,7.4,5.2,5.6,12.6,7.7,6.6,4.6,4,7.3,12.7,6.1,5.9,3.4,8.9,7,6.1,5.1,2.6,4.8,10.1,4,3.7,3.7,11.3,5.4,4.5,3.1,2.3,4.4,8.9,3.6,3.2,3.4,11.1,4.8,4.1,2.9,2.1,5.2,11.3,4.4,4.1,3.9,11.5,6,4.8,3.3,2.5,222039000
9/1/2003,6,12.4,5,4.1,3.9,12.2,6.6,5.3,3.5,2.6,5.7,11.5,4.8,3.7,3.8,13,6.2,5,3.3,2.5,6.3,13.3,5.2,4.5,4,11.7,6.9,5.7,3.7,2.7,10.8,23.6,8.6,6.1,5.2,21.3,11.8,8.8,4.8,3.4,10,22.2,8,5.5,5.7,20.5,11.6,8.1,4.1,3.2,11.7,25,9.3,6.7,4.7,22.2,11.9,9.7,5.8,3.7,7.8,13.2,6.6,5.6,4.5,10.3,7.2,6.4,4.7,3.2,8.5,14,7.4,5.1,5.6,12.7,7.7,6.6,4.2,3.9,7.4,12.7,6.1,6,3.7,9.1,6.9,6.2,5,2.7,4.8,10.1,4,3.7,3.7,11.2,5.4,4.5,3.1,2.3,4.4,8.9,3.6,3.3,3.4,11,4.8,4.2,2.9,2.2,5.2,11.2,4.3,4.1,4,11.4,5.9,4.8,3.3,2.5,221779000
8/1/2003,6,12.3,5,4.1,4,12.1,6.5,5.3,3.5,2.6,5.6,11.5,4.8,3.6,3.8,12.9,6.2,5,3.2,2.6,6.2,13.1,5.2,4.5,4.1,11.6,6.9,5.6,3.7,2.6,10.7,23.4,8.5,5.8,5.6,21.1,11.6,8.8,4.8,3.2,9.9,22,7.9,5.1,6.2,20.3,11.4,8.1,4.1,2.9,11.6,24.9,9.2,6.6,4.9,22,11.8,9.6,5.8,3.7,7.9,13.3,6.6,5.5,5,10.4,7.2,6.4,4.5,3,8.4,14.1,7.2,4.9,6.4,12.6,7.7,6.5,4,3.8,7.5,12.8,6.2,5.9,4,9.2,6.9,6.3,5,2.5,4.8,10,4,3.7,3.7,11.1,5.4,4.5,3.1,2.4,4.4,8.9,3.6,3.3,3.4,10.8,4.8,4.1,2.9,2.3,5.2,11.1,4.3,4.1,4,11.3,5.9,4.8,3.3,2.5,221507000
7/1/2003,5.9,12.3,4.9,4.1,3.9,12.1,6.5,5.3,3.4,2.6,5.6,11.3,4.7,3.6,3.8,12.8,6.1,5,3.2,2.7,6.2,13.2,5.1,4.5,4,11.6,6.9,5.6,3.6,2.6,10.6,23.3,8.4,5.8,5.8,21,11.5,8.7,4.8,3.2,9.8,21.8,7.8,5,6.3,20.3,11.2,8,4.2,2.9,11.5,24.8,9.1,6.7,5.2,21.7,11.8,9.6,5.6,3.5,7.8,13.2,6.6,5.5,5.1,10.4,7.2,6.4,4.4,2.9,8.3,14,7.1,5.2,6.9,12.6,7.6,6.5,3.7,3.8,7.5,12.7,6.3,5.8,3.7,9.2,7,6.3,5.1,2.3,4.8,10,4,3.7,3.7,11,5.4,4.5,3.1,2.4,4.4,8.8,3.7,3.3,3.4,10.7,4.8,4.1,2.8,2.4,5.1,11.1,4.3,4.1,3.9,11.2,5.9,4.8,3.2,2.4,221252000
6/1/2003,5.9,12.2,4.9,4,3.9,12,6.5,5.2,3.4,2.6,5.6,11.3,4.7,3.6,3.8,12.7,6.1,5,3.1,2.7,6.2,13,5.1,4.5,4,11.6,6.8,5.5,3.6,2.6,10.5,22.9,8.4,5.7,5.8,20.8,11.3,8.5,4.9,3.1,9.7,21.7,7.7,4.9,6,19.9,11,8,4.4,2.8,11.4,24.2,9.1,6.7,5.6,21.6,11.7,9.2,5.7,3.5,7.8,13.1,6.5,5.5,5.2,10.4,7.1,6.3,4.3,2.9,8.3,14.1,6.9,5.3,7,12.7,7.4,6.5,3.6,3.4,7.4,12.5,6.2,5.7,3.9,9.3,6.8,6.1,5,2.5,4.8,9.9,4,3.6,3.6,11,5.4,4.4,3,2.4,4.4,8.8,3.7,3.2,3.4,10.6,4.9,4.1,2.8,2.4,5.1,11.1,4.2,4,3.8,11.2,5.8,4.8,3.2,2.4,221014000
5/1/2003,5.9,12.1,4.9,4,3.9,11.8,6.4,5.2,3.4,2.6,5.6,11.2,4.7,3.6,3.9,12.5,6.1,5,3.1,2.7,6.1,12.9,5,4.4,3.9,11.5,6.7,5.5,3.6,2.6,10.4,22.5,8.3,5.7,5.9,20.3,11.2,8.5,4.9,3.2,9.6,21.1,7.7,4.9,6.4,19.1,10.8,8,4.3,2.9,11.3,24.1,9,6.6,5.4,21.4,11.6,9,5.9,3.6,7.7,12.9,6.4,5.7,5.3,10.2,7,6.3,4.3,2.9,8.2,13.9,6.8,5.6,7.2,12.3,7.3,6.6,3.6,3.1,7.4,12.3,6.1,5.8,3.9,9.2,6.7,6.1,4.8,2.7,4.8,9.9,4,3.6,3.6,10.9,5.4,4.4,3,2.4,4.4,8.7,3.7,3.2,3.4,10.6,4.9,4.1,2.8,2.4,5.1,11,4.2,3.9,3.8,11,5.8,4.7,3.1,2.4,220768000
4/1/2003,5.8,12,4.9,4,3.9,11.8,6.4,5.2,3.4,2.6,5.6,11.1,4.8,3.5,3.9,12.4,6.1,5,3.1,2.6,6,12.8,5,4.4,3.9,11.4,6.6,5.4,3.6,2.6,10.3,22.2,8.3,5.7,5.9,20.1,11.2,8.4,4.9,3.2,9.6,21,7.8,4.8,6.5,19,11,8.1,4.3,3,11.1,23.5,8.9,6.8,5.2,21.1,11.4,8.9,5.7,3.4,7.6,12.8,6.4,5.4,5.8,10.1,6.9,6.2,4.2,2.8,8.1,13.9,6.8,5.3,7.7,12.2,7.3,6.5,3.6,3.2,7.3,12.1,6.1,5.5,4.4,9.1,6.6,6,4.7,2.5,4.8,9.8,4,3.6,3.6,10.8,5.3,4.4,3,2.4,4.4,8.7,3.7,3.2,3.4,10.6,4.9,4.1,2.8,2.4,5.1,10.9,4.2,3.9,3.7,11,5.7,4.7,3.2,2.4,220540000
3/1/2003,5.8,11.9,4.9,3.9,3.9,11.8,6.4,5.2,3.4,2.6,5.6,11.1,4.8,3.5,4,12.5,6.1,5,3.1,2.6,6,12.7,5,4.3,3.9,11.3,6.6,5.3,3.6,2.5,10.3,22.2,8.3,5.8,5.8,20.3,11.2,8.3,4.9,3,9.7,20.9,7.9,4.8,6.3,19.4,11,8,4.4,2.7,11,23.6,8.7,6.9,5.3,21.1,11.4,8.7,5.6,3.3,7.6,12.9,6.3,5.6,6.1,10.2,7,6.2,4.2,2.7,8.2,14,6.8,5.5,8.4,12.4,7.3,6.5,3.6,3.2,7.3,12.2,6,5.8,4.6,9,6.7,6,4.8,2.4,4.7,9.8,4,3.5,3.6,10.8,5.3,4.4,3,2.4,4.4,8.7,3.8,3.1,3.4,10.6,4.9,4.2,2.8,2.3,5,10.8,4.2,3.8,3.7,10.9,5.7,4.6,3.1,2.4,220317000
2/1/2003,5.8,12,4.9,3.9,3.8,11.8,6.4,5.2,3.3,2.5,5.6,11.1,4.8,3.5,4,12.4,6.1,5.1,3.1,2.6,6,12.8,4.9,4.3,3.7,11.4,6.6,5.3,3.5,2.5,10.3,22.5,8.2,5.8,5.9,20.4,11.3,8.2,4.8,3,9.7,21,7.9,4.9,6.4,19.4,11.1,8,4.4,2.7,11,24.1,8.6,6.9,5.4,21.3,11.4,8.4,5.5,3.4,7.6,13,6.3,5.6,6.7,10.1,7.1,6.3,4.1,2.7,8.1,13.9,6.7,5.5,8.4,12.1,7.2,6.5,3.7,3.3,7.3,12.4,6,5.7,5.5,9,6.9,6,4.5,2.3,4.7,9.8,4,3.5,3.5,10.8,5.3,4.4,3,2.3,4.4,8.7,3.8,3.2,3.4,10.7,4.9,4.2,2.8,2.3,5,10.8,4.2,3.8,3.5,10.9,5.7,4.6,3.1,2.3,220114000
1/1/2003,5.8,12,4.8,3.9,3.7,11.8,6.4,5.1,3.3,2.6,5.6,11.1,4.8,3.5,4,12.4,6.2,5,3.1,2.5,6,12.8,4.9,4.3,3.5,11.3,6.6,5.2,3.5,2.6,10.3,22.6,8.1,5.6,5.9,20.4,11.3,8,4.8,3,9.7,21.1,7.9,4.7,6.9,19.4,11.2,7.8,4.4,2.7,10.9,24.3,8.5,6.6,5,21.3,11.3,8.2,5.3,3.3,7.6,12.9,6.2,5.8,7.2,9.9,7.1,6.2,3.9,2.6,8,13.7,6.6,5.4,8.6,12.1,7.3,6.4,3.5,3.2,7.2,12.4,5.8,6,6.3,8.8,7,6,4.3,2.2,4.7,9.7,4,3.5,3.3,10.9,5.3,4.4,3,2.4,4.4,8.6,3.8,3.2,3.4,10.7,4.9,4.2,2.9,2.3,5,10.8,4.1,3.8,3.3,10.9,5.7,4.6,3.1,2.4,219897000
12/1/2002,5.8,12,4.8,3.9,3.6,11.7,6.4,5.1,3.3,2.5,5.6,11.1,4.8,3.5,3.9,12.5,6.2,5,3.1,2.5,5.9,12.8,4.8,4.3,3.4,11.2,6.5,5.2,3.5,2.5,10.2,22.7,8.1,5.3,6.1,20.3,11.2,7.9,4.8,2.8,9.7,21.2,7.9,4.6,7,19.5,11.3,7.8,4.4,2.4,10.8,24.4,8.3,6.1,5.2,21,11.2,8.1,5.2,3.4,7.5,12.8,6.2,5.7,6.8,9.8,7.2,6.1,4,2.8,8,13.6,6.7,5,7.5,12.1,7.3,6.3,3.5,3.2,7.2,12.3,5.8,6.2,6.3,8.7,7.1,6,4.4,2.5,4.7,9.8,4,3.5,3.2,10.9,5.3,4.3,3,2.3,4.5,8.7,3.8,3.2,3.3,10.8,5,4.1,2.8,2.3,5,10.8,4.1,3.8,3.2,10.9,5.6,4.6,3.1,2.3,218741000
11/1/2002,5.8,12,4.8,3.8,3.7,11.7,6.4,5,3.3,2.5,5.6,11.1,4.8,3.4,3.9,12.5,6.2,5,3.1,2.5,5.9,12.8,4.8,4.2,3.5,11.2,6.5,5.1,3.5,2.5,10.1,22.8,7.9,5.3,6.2,20.1,11.2,7.8,4.7,2.7,9.6,21.1,7.8,4.6,7.1,19.5,11.3,7.6,4.3,2.2,10.7,24.7,8.1,6,5.4,20.7,11.2,8,5.2,3.3,7.5,12.7,6.1,5.8,7.1,9.8,7.1,6.1,4.2,2.9,8.1,13.5,6.8,4.9,7.5,12,7.4,6.4,4,3.4,7.1,12.2,5.7,6.5,6.9,8.6,6.9,5.9,4.4,2.5,4.7,9.8,4,3.5,3.2,10.9,5.3,4.3,3,2.3,4.5,8.7,3.8,3.1,3.3,10.9,5,4.1,2.8,2.3,4.9,10.8,4.1,3.7,3.2,10.9,5.6,4.5,3.1,2.3,218548000
10/1/2002,5.7,12,4.8,3.8,3.7,11.6,6.3,5,3.3,2.5,5.6,11,4.8,3.4,3.8,12.4,6.2,4.9,3.1,2.5,5.9,12.9,4.7,4.2,3.6,11.1,6.5,5.1,3.5,2.5,10.1,22.8,7.8,5.2,6.3,19.9,11.2,7.7,4.5,2.6,9.6,20.9,7.7,4.7,7.3,19.2,11.4,7.6,4.2,2,10.6,24.9,7.9,5.8,5.4,20.5,11.1,7.8,4.9,3.4,7.5,12.5,6.1,5.9,7.2,9.7,7,6,4.4,2.8,8.1,13.2,6.9,4.8,6.6,12.1,7.3,6.2,4.2,3.2,7,12.1,5.5,6.8,7.6,8.5,6.8,5.8,4.5,2.5,4.7,9.8,4,3.4,3.2,10.8,5.3,4.3,3,2.3,4.4,8.6,3.8,3.1,3.2,10.6,5,4.1,2.9,2.3,4.9,10.9,4.1,3.7,3.3,10.9,5.6,4.5,3.1,2.3,218340000
9/1/2002,5.7,11.9,4.7,3.8,3.6,11.6,6.3,4.9,3.3,2.5,5.6,10.9,4.8,3.4,3.6,12.3,6.2,4.9,3.1,2.5,5.8,12.9,4.7,4.2,3.6,11.1,6.4,5,3.5,2.5,10,22.8,7.8,5.1,6,20.2,11.3,7.6,4.3,2.5,9.6,20.9,7.8,4.8,6.5,19.4,11.5,7.6,4.1,1.9,10.5,24.9,7.8,5.6,5.6,20.9,11.1,7.5,4.6,3.4,7.4,12.5,6,6.1,7.1,9.7,7,5.8,4.4,2.9,8.1,13.1,6.9,5,6.3,12.1,7.4,6.1,4.3,3.1,6.9,12,5.4,6.9,7.5,8.5,6.7,5.5,4.5,2.7,4.7,9.8,3.9,3.4,3.2,10.7,5.3,4.3,3,2.3,4.4,8.6,3.8,3.1,3.1,10.5,4.9,4.1,2.8,2.3,4.9,10.9,4.1,3.7,3.2,10.8,5.6,4.5,3.1,2.3,218107000
8/1/2002,5.6,11.9,4.7,3.8,3.5,11.5,6.3,4.9,3.3,2.4,5.5,10.9,4.7,3.4,3.6,12.3,6.2,4.8,3.1,2.3,5.8,12.7,4.6,4.1,3.5,11,6.4,4.9,3.4,2.4,10,22.7,7.8,5.1,5.6,20.1,11.3,7.5,4.2,2.4,9.6,21.2,7.7,4.8,5.9,19.4,11.6,7.6,4,1.7,10.3,24.4,7.8,5.5,5.3,20.6,11,7.4,4.5,3.3,7.4,12.2,6,6.4,6.8,9.7,6.9,5.6,4.5,3,8.2,13.1,7,5.4,5.7,12.2,7.4,6,4.6,3,6.8,11.6,5.3,7.1,7.5,8.4,6.5,5.3,4.5,3,4.6,9.7,3.9,3.4,3.1,10.6,5.2,4.2,3,2.2,4.3,8.5,3.7,3,3.1,10.4,4.9,4,2.8,2.2,4.9,10.9,4,3.6,3.1,10.7,5.5,4.4,3.1,2.2,217866000
7/1/2002,5.6,11.8,4.6,3.7,3.4,11.4,6.2,4.8,3.3,2.3,5.5,10.9,4.6,3.3,3.5,12.2,6.1,4.7,3.1,2.2,5.7,12.6,4.6,4.1,3.4,10.9,6.3,4.8,3.4,2.4,9.9,22.6,7.7,5,5.2,20,11.3,7.4,4.1,2.4,9.5,21,7.6,4.7,5.5,19.3,11.6,7.4,3.8,1.6,10.4,24.3,7.8,5.4,4.9,20.7,11,7.3,4.5,3.3,7.3,12.1,5.9,6.2,6.4,9.6,6.8,5.5,4.5,3.2,8.2,13,7.1,5.1,5.1,12.2,7.5,5.9,4.7,3.1,6.7,11.5,5.1,7.1,7.3,8.3,6.2,5.1,4.3,3.3,4.6,9.7,3.8,3.3,3.1,10.5,5.2,4.1,3,2.2,4.3,8.5,3.7,2.9,3,10.3,4.8,3.9,2.9,2.1,4.8,10.9,3.9,3.6,3.1,10.6,5.5,4.3,3,2.2,217630000
6/1/2002,5.5,11.6,4.5,3.6,3.5,11.3,6.1,4.6,3.2,2.3,5.4,10.7,4.5,3.2,3.5,12.2,6,4.5,3.1,2.2,5.6,12.4,4.5,4,3.4,10.7,6.2,4.7,3.3,2.3,9.8,22.3,7.6,4.8,5,19.9,11.1,7.2,3.9,2.2,9.3,20.4,7.4,4.5,5.5,19.2,11.3,7.1,3.6,1.4,10.3,24.3,7.8,5.2,4.6,20.5,11,7.4,4.3,3.3,7.2,12,5.8,6.1,6.1,9.5,6.7,5.3,4.5,3.2,8.1,12.8,7,4.9,5.5,12.1,7.5,5.6,4.7,3.1,6.6,11.5,5,7.1,6.5,8.2,6.1,5,4.2,3.3,4.5,9.5,3.7,3.2,3.1,10.3,5.1,4,2.9,2.1,4.2,8.4,3.6,2.8,3.1,10.2,4.7,3.8,2.8,2,4.7,10.6,3.8,3.5,3.1,10.4,5.4,4.2,3,2.2,217407000
5/1/2002,5.4,11.5,4.4,3.5,3.4,11.2,6,4.5,3.1,2.2,5.2,10.5,4.5,3.1,3.4,12.1,5.9,4.4,3,2.1,5.5,12.3,4.4,3.9,3.3,10.7,6,4.6,3.2,2.2,9.6,22.1,7.4,4.8,4.9,19.7,10.9,7,3.8,2.1,9.1,20.4,7.2,4.3,5.1,19,11.1,6.8,3.7,1.3,10.1,24,7.6,5.3,4.7,20.4,10.7,7.2,4,3.1,7.1,12,5.8,5.8,6.4,9.6,6.6,5.1,4.4,3,8,12.5,7,4.6,5.5,12.2,7.3,5.4,4.6,2.9,6.5,11.6,5,6.8,7,8.3,6,4.9,4.4,3,4.4,9.4,3.6,3.1,3,10.2,4.9,3.9,2.8,2.1,4.1,8.2,3.5,2.7,3,10,4.6,3.6,2.8,2,4.6,10.5,3.7,3.4,3,10.3,5.2,4.1,2.9,2.1,217198000
4/1/2002,5.3,11.3,4.3,3.4,3.3,11.1,5.8,4.3,3.1,2.1,5.1,10.4,4.3,3,3.3,11.9,5.7,4.2,3,2.1,5.4,12.2,4.2,3.8,3.2,10.5,6,4.5,3.1,2.1,9.4,22,7.2,4.7,4.7,19.5,10.7,6.8,3.7,1.9,8.9,20.2,6.9,4.1,5,18.5,10.8,6.6,3.6,1.3,10,24,7.5,5.3,4.4,20.5,10.5,7.1,3.8,2.8,7.1,12,5.7,5.8,6,9.6,6.5,5,4.4,3,8,12.4,6.9,4.8,5,12.3,7.2,5.2,4.6,3.1,6.5,11.7,4.8,6.7,6.6,8.2,5.9,4.9,4.3,2.8,4.3,9.2,3.5,3,2.9,9.9,4.8,3.7,2.8,2,4,8,3.4,2.6,3,9.7,4.5,3.5,2.7,2,4.5,10.4,3.6,3.3,2.9,10,5.1,3.9,2.8,2,217006000
3/1/2002,5.1,11.2,4.2,3.3,3.1,10.9,5.7,4.2,3,2,5,10.2,4.2,2.9,3.2,11.6,5.5,4.1,3,2.1,5.2,12,4.1,3.7,3.1,10.4,5.8,4.3,3.1,2,9.2,21.9,7,4.4,4.4,19.3,10.3,6.6,3.6,1.9,8.6,19.9,6.6,3.8,4.8,17.9,10.3,6.3,3.5,1.4,9.9,24.1,7.4,5.1,4.1,20.6,10.3,7.1,3.7,2.7,6.9,11.8,5.6,5.7,5.5,9.5,6.3,4.9,4.3,2.9,7.9,12.3,6.9,4.5,4.3,12.2,7,5.2,4.6,3.2,6.3,11.4,4.7,6.5,6.1,8.1,5.8,4.6,4,2.8,4.1,9.1,3.4,2.9,2.8,9.8,4.7,3.6,2.7,1.9,3.9,7.9,3.3,2.6,2.9,9.6,4.3,3.4,2.7,1.9,4.4,10.2,3.5,3.2,2.8,9.9,5,3.8,2.8,1.9,216823000
2/1/2002,5,11,4,3.2,3.1,10.8,5.5,4,2.9,2,4.9,10,4.1,2.8,3.1,11.5,5.4,3.9,2.9,2.1,5.1,11.8,4,3.6,3.1,10.2,5.6,4.2,3,2,9,21.4,6.8,4.3,4.4,19.2,10,6.4,3.5,1.8,8.4,19.6,6.4,3.6,4.9,18.1,9.9,6.1,3.4,1.3,9.7,23.4,7.3,5,4,20.2,10.1,6.9,3.7,2.4,6.8,11.6,5.5,5.7,5.2,9.5,6.1,4.7,4.4,2.8,7.8,12.4,6.8,4.5,4.4,12.3,6.9,5,4.6,3,6.2,11.1,4.6,6.7,5.6,8,5.5,4.4,4.1,2.7,4,8.9,3.3,2.8,2.8,9.5,4.5,3.5,2.7,1.9,3.8,7.7,3.2,2.5,2.7,9.3,4.2,3.3,2.7,1.9,4.2,10,3.4,3.1,2.9,9.7,4.8,3.7,2.7,1.9,216663000
1/1/2002,4.9,10.8,3.9,3.1,3,10.7,5.3,3.9,2.8,1.9,4.8,9.8,4,2.7,3,11.5,5.2,3.8,2.8,2.1,5,11.6,3.8,3.4,3,10.1,5.4,4,2.8,1.8,8.8,21,6.7,4.1,4.4,19.2,9.7,6.3,3.4,1.8,8.2,19.4,6.2,3.3,4.7,18.1,9.5,5.9,3.4,1.4,9.5,22.9,7.2,4.9,4,20.1,9.9,6.7,3.3,2.3,6.8,11.5,5.4,5.6,4.7,9.5,5.9,4.5,4.3,2.8,7.7,12.3,6.7,4.6,4.3,12.4,6.7,4.9,4.6,2.9,6.1,10.9,4.6,6.4,4.9,8,5.3,4.2,4,2.7,3.9,8.7,3.2,2.7,2.8,9.4,4.4,3.4,2.6,1.8,3.7,7.5,3.1,2.4,2.7,9.1,4.1,3.2,2.6,1.9,4.1,9.9,3.2,3,2.8,9.5,4.7,3.6,2.6,1.7,216506000
12/1/2001,4.7,10.6,3.8,3,2.9,10.5,5.1,3.8,2.7,1.8,4.7,9.6,3.9,2.7,2.9,11.3,5,3.7,2.7,2,4.8,11.4,3.7,3.3,3,10,5.3,3.9,2.7,1.7,8.6,20.7,6.5,3.9,4.2,19,9.5,6,3.3,1.9,8,19.2,6.1,3.1,4.4,18.1,9.2,5.8,3.3,1.6,9.3,22.4,7,4.8,4,19.9,9.7,6.3,3.2,2.2,6.6,11.1,5.3,5.6,4.5,9.3,5.6,4.4,4.1,2.6,7.5,11.6,6.5,4.8,4,12,6.3,4.8,4.5,2.9,5.9,10.7,4.4,6.3,4.8,7.9,5.1,4.1,3.8,2.4,3.8,8.6,3,2.7,2.7,9.2,4.3,3.3,2.4,1.7,3.6,7.3,3,2.3,2.7,9,3.9,3.1,2.5,1.8,3.9,9.7,3.1,2.9,2.7,9.3,4.5,3.4,2.4,1.6,216315000
11/1/2001,4.6,10.3,3.6,2.9,2.8,10.3,5,3.7,2.6,1.8,4.5,9.4,3.7,2.6,2.7,11,4.9,3.6,2.6,1.9,4.7,11.2,3.5,3.2,2.9,9.8,5.1,3.7,2.5,1.6,8.4,20.2,6.4,3.5,4,18.7,9.3,5.8,3.2,1.8,7.8,18.8,5.9,2.7,4,17.7,8.8,5.6,3.3,1.6,9.2,21.9,6.9,4.5,3.9,19.5,9.7,6.1,3,2.1,6.4,10.9,5.1,5.5,4.5,9.1,5.5,4.3,3.9,2.6,7.3,11.5,6.3,4.9,4.4,11.7,6.2,4.6,4.1,2.8,5.8,10.5,4.3,5.9,4.5,7.7,5,3.9,3.6,2.5,3.7,8.4,2.9,2.6,2.6,9,4.1,3.2,2.3,1.6,3.5,7.2,2.9,2.3,2.5,8.8,3.9,3,2.4,1.8,3.8,9.6,2.9,2.8,2.7,9.2,4.3,3.3,2.3,1.5,216117000
10/1/2001,4.5,10.1,3.5,2.9,2.8,10.1,4.9,3.5,2.5,1.7,4.4,9.3,3.6,2.6,2.7,11,4.7,3.4,2.5,1.9,4.5,10.9,3.4,3.1,2.8,9.6,5,3.6,2.4,1.5,8.2,19.6,6.2,3.4,4.2,18.4,9.1,5.5,3.1,1.7,7.6,18.2,5.8,2.7,4.3,17.4,8.6,5.3,3.2,1.6,9,21.2,6.8,4.3,4.2,19.3,9.5,5.8,2.9,1.8,6.3,10.8,5,5.4,4.4,8.9,5.5,4.2,3.5,2.4,7.2,11.6,6.1,5,5.2,11.7,6,4.6,3.9,2.5,5.7,10.3,4.2,5.6,4,7.5,5,3.8,3.3,2.4,3.5,8.2,2.8,2.5,2.5,8.9,4,3,2.2,1.6,3.4,7.1,2.8,2.3,2.5,8.8,3.7,2.9,2.3,1.7,3.7,9.3,2.8,2.8,2.5,8.9,4.2,3.2,2.1,1.5,215903000
9/1/2001,4.3,9.9,3.4,2.8,2.7,10,4.8,3.4,2.4,1.6,4.3,9.1,3.5,2.5,2.7,10.9,4.6,3.3,2.5,1.8,4.4,10.7,3.3,3,2.7,9.4,4.9,3.5,2.3,1.4,8,19.2,6.1,3.4,4.4,18.1,8.9,5.3,3.1,1.7,7.4,17.8,5.6,2.6,4.4,17.2,8.2,5,3.2,1.6,8.8,20.8,6.7,4.3,4.4,19,9.5,5.7,2.8,1.7,6.1,10.5,4.9,5.2,4.6,8.7,5.3,4.1,3.3,2.2,7,11.3,5.9,4.9,5.8,11.6,5.7,4.5,3.7,2.2,5.5,10,4.2,5.4,3.9,7.3,5,3.8,3,2.2,3.5,8.1,2.7,2.5,2.4,8.8,3.9,2.9,2.1,1.5,3.3,7,2.8,2.2,2.4,8.7,3.7,2.8,2.3,1.7,3.6,9.1,2.7,2.7,2.4,8.9,4.1,3,2,1.4,215665000
8/1/2001,4.3,9.8,3.3,2.7,2.7,9.9,4.7,3.3,2.3,1.6,4.2,9,3.4,2.5,2.6,10.8,4.5,3.2,2.4,1.8,4.3,10.5,3.2,2.9,2.9,9.3,4.8,3.4,2.2,1.4,7.9,19,6,3.3,4.4,18.1,8.7,5,3.1,1.6,7.2,17.5,5.4,2.6,4.4,17.3,8,4.7,3.2,1.8,8.7,20.6,6.6,4.1,4.5,18.8,9.4,5.5,3,1.4,6.1,10.5,4.8,4.9,4.6,8.6,5.3,4.1,3.2,2,6.9,11.1,5.8,4.6,5.2,11.3,5.7,4.5,3.3,2,5.5,10,4.1,5.2,4.2,7.2,5,3.6,3,2,3.4,7.9,2.7,2.4,2.5,8.8,3.8,2.9,2.1,1.5,3.3,6.9,2.7,2.2,2.3,8.6,3.6,2.8,2.2,1.7,3.5,9,2.6,2.6,2.6,8.8,4,3,1.9,1.4,215420000
7/1/2001,4.2,9.6,3.3,2.7,2.7,9.8,4.6,3.2,2.2,1.5,4.2,8.8,3.4,2.5,2.5,10.8,4.4,3.2,2.3,1.8,4.2,10.4,3.2,2.8,2.9,9.2,4.7,3.3,2.1,1.3,7.8,18.8,5.9,3.2,4.8,18,8.6,4.9,3.1,1.7,7.2,17.2,5.4,2.6,4.6,17.4,7.9,4.6,3.1,1.9,8.6,20.5,6.5,3.9,5,18.6,9.3,5.3,3,1.5,6,10.5,4.7,5,4.8,8.6,5.3,4,3.2,1.6,6.9,11.4,5.7,4.9,4.9,11.4,5.7,4.5,3.4,1.7,5.4,9.9,4,5.1,4.7,7.1,4.9,3.6,3,1.6,3.3,7.7,2.6,2.4,2.4,8.6,3.7,2.8,2,1.5,3.2,6.7,2.7,2.2,2.2,8.6,3.5,2.7,2.2,1.7,3.4,8.7,2.6,2.6,2.5,8.7,3.9,2.9,1.9,1.3,215180000
6/1/2001,4.2,9.5,3.2,2.7,2.7,9.8,4.5,3.2,2.1,1.5,4.1,8.7,3.4,2.5,2.4,10.6,4.4,3.2,2.3,1.7,4.2,10.3,3.1,2.8,2.9,9.2,4.6,3.3,2,1.3,7.8,18.8,5.8,3.2,5.1,18,8.6,4.8,3,1.9,7.2,17.2,5.4,2.6,5,17.3,8.1,4.6,2.9,2.2,8.5,20.6,6.3,3.8,5.3,18.6,9.2,5.1,3.1,1.6,6,10.5,4.7,4.9,5.3,8.5,5.2,4,3,1.4,6.9,11.6,5.7,5,4.6,11.3,5.7,4.5,3.4,1.4,5.3,9.8,4,4.8,5.7,7.1,4.8,3.6,2.7,1.4,3.3,7.6,2.6,2.4,2.3,8.5,3.7,2.8,2,1.4,3.2,6.5,2.7,2.2,2.1,8.4,3.5,2.7,2.2,1.6,3.4,8.6,2.5,2.5,2.5,8.6,3.8,2.9,1.8,1.3,214950000
5/1/2001,4.1,9.4,3.2,2.6,2.7,9.6,4.5,3.2,2.1,1.5,4.1,8.7,3.4,2.5,2.4,10.6,4.4,3.2,2.3,1.7,4.1,10.1,3.1,2.7,2.9,9,4.6,3.2,1.9,1.3,7.8,18.7,5.8,3.1,5.2,17.9,8.6,4.9,2.8,1.8,7.1,16.9,5.4,2.8,5.2,17.3,8,4.7,2.7,2,8.5,20.8,6.3,3.5,5.3,18.5,9.2,5.1,3,1.7,5.9,10.3,4.6,4.9,5.4,8.4,5.2,4,2.9,1.4,6.9,11.6,5.6,5.1,4.7,11.3,5.8,4.5,3.3,1.6,5.2,9.5,3.9,4.7,5.7,6.9,4.7,3.6,2.5,1.3,3.2,7.5,2.6,2.3,2.3,8.5,3.6,2.8,1.9,1.4,3.2,6.6,2.7,2.2,2.1,8.3,3.4,2.7,2.2,1.6,3.3,8.4,2.5,2.5,2.5,8.5,3.8,2.8,1.7,1.3,214732000
4/1/2001,4.1,9.4,3.2,2.6,2.8,9.7,4.5,3.2,2.1,1.4,4.1,8.8,3.3,2.5,2.5,10.6,4.4,3.2,2.2,1.6,4.1,10,3,2.7,3,9,4.5,3.1,1.9,1.3,7.8,18.8,5.8,2.9,5.6,17.9,8.6,4.8,2.9,1.8,7.2,17,5.4,2.7,5.8,17.7,8,4.6,2.7,1.7,8.4,20.9,6.2,3.2,5.5,18.1,9.2,5.1,3.1,1.9,5.9,10.3,4.6,4.9,5.4,8.4,5.2,3.9,2.8,1.3,6.8,11.8,5.5,5.1,5,11.1,5.9,4.4,3.1,1.3,5.2,9.3,3.9,4.7,5.6,7,4.7,3.4,2.5,1.4,3.2,7.5,2.5,2.3,2.4,8.5,3.6,2.7,1.9,1.4,3.2,6.6,2.7,2.2,2.1,8.4,3.4,2.7,2.2,1.5,3.2,8.3,2.4,2.4,2.6,8.5,3.7,2.7,1.7,1.2,214525000
3/1/2001,4,9.4,3.1,2.5,2.9,9.6,4.4,3.1,2,1.4,4.1,8.7,3.3,2.5,2.5,10.6,4.4,3.2,2.2,1.6,4,9.9,2.9,2.6,3.1,8.9,4.5,3.1,1.8,1.3,7.7,18.5,5.7,2.9,5.9,17.7,8.6,4.7,2.8,1.9,7.2,16.9,5.4,2.9,5.8,17.7,8.1,4.5,2.6,1.7,8.3,20.3,6.1,2.8,6,17.6,9.1,4.9,3.1,2.2,5.8,10.2,4.5,4.7,5.4,8.3,5.2,3.8,2.8,1.3,6.8,11.6,5.5,5.2,4.7,11,5.8,4.3,3.2,1.4,5.1,9.3,3.8,4.3,5.8,6.9,4.7,3.4,2.4,1.2,3.2,7.4,2.5,2.3,2.4,8.4,3.5,2.7,1.8,1.3,3.2,6.5,2.6,2.1,2.1,8.3,3.4,2.7,2.1,1.5,3.2,8.3,2.4,2.4,2.7,8.5,3.6,2.7,1.6,1.2,214305000
2/1/2001,4,9.3,3.1,2.5,2.9,9.5,4.4,3.1,1.9,1.4,4.1,8.8,3.3,2.5,2.6,10.6,4.4,3.2,2.1,1.6,3.9,9.8,2.9,2.6,3.1,8.8,4.4,3,1.8,1.3,7.6,18.5,5.6,2.8,5.8,17.2,8.6,4.7,2.7,2.1,7.2,17,5.3,3,5.7,17.2,8.2,4.6,2.5,2,8.1,20.2,5.9,2.7,5.9,17.2,9,4.8,3,2.3,5.8,10.2,4.5,4.6,5.1,8.3,5.2,3.8,2.6,1.4,6.8,11.6,5.5,5.2,4.2,11.1,5.9,4.4,3.1,1.5,5.1,9.3,3.8,4.1,5.5,6.8,4.7,3.3,2.2,1.2,3.2,7.4,2.5,2.3,2.5,8.4,3.5,2.7,1.8,1.3,3.2,6.6,2.6,2.1,2.3,8.4,3.4,2.8,2.1,1.5,3.2,8.1,2.3,2.4,2.7,8.4,3.6,2.7,1.6,1.2,214110000
1/1/2001,4,9.4,3.1,2.5,3,9.4,4.4,3.2,2,1.4,4.1,8.9,3.3,2.5,2.6,10.5,4.4,3.3,2.1,1.5,3.9,9.8,2.9,2.5,3.3,8.7,4.4,3,1.8,1.3,7.6,18.5,5.6,2.9,5.9,16.9,8.6,4.9,2.8,2.2,7.2,17,5.4,3.2,5.4,16.9,8.3,4.8,2.6,1.9,8.1,20.2,5.9,2.7,6.5,16.9,9,4.9,3.1,2.6,5.7,10.2,4.4,4.4,5.4,8.2,5.1,3.8,2.7,1.6,6.7,11.7,5.4,5.2,4.2,10.9,5.8,4.4,3.2,1.5,5.1,9.3,3.8,3.9,6.1,6.8,4.6,3.4,2.2,1.7,3.2,7.4,2.4,2.2,2.6,8.4,3.5,2.7,1.8,1.3,3.2,6.7,2.6,2.2,2.3,8.4,3.4,2.8,2,1.4,3.1,8.1,2.3,2.3,2.8,8.3,3.5,2.7,1.6,1.2,213888000
12/1/2000,4,9.3,3.1,2.5,3.1,9.4,4.3,3.1,2,1.4,4.1,8.9,3.3,2.5,2.7,10.6,4.4,3.2,2.2,1.5,3.9,9.7,2.9,2.4,3.3,8.6,4.3,3,1.8,1.3,7.6,18.5,5.6,3.1,6.1,16.8,8.6,4.9,2.8,2.2,7.2,16.7,5.4,3.4,6.1,16.8,8.2,4.8,2.5,1.9,8.1,20.5,5.8,2.8,6.2,16.9,9,5.1,3.2,2.6,5.7,10.4,4.4,4.5,5.7,8.2,5.1,3.8,2.5,1.8,6.8,12,5.4,5,4.8,11.1,5.9,4.3,3,1.4,5,9.3,3.6,4.1,6.2,6.7,4.5,3.3,2.1,2.1,3.1,7.4,2.4,2.2,2.6,8.4,3.4,2.7,1.8,1.3,3.2,6.8,2.6,2.2,2.3,8.5,3.4,2.7,2.1,1.4,3.1,8,2.3,2.2,2.9,8.3,3.4,2.6,1.6,1.2,213736000
11/1/2000,4,9.4,3.1,2.5,3.1,9.4,4.3,3.1,2,1.4,4.1,8.9,3.3,2.6,2.8,10.6,4.4,3.2,2.1,1.5,3.9,9.8,2.9,2.4,3.2,8.6,4.3,3,1.8,1.4,7.6,18.5,5.6,3.2,6.3,16.8,8.6,5,2.7,2.4,7.2,16.8,5.4,3.5,6.5,16.8,8.3,4.9,2.4,2.2,8.1,20.5,5.8,2.9,6.1,16.8,8.8,5.1,3.2,2.7,5.7,10.5,4.3,4.5,5.4,8.3,5.1,3.7,2.4,1.9,6.8,11.9,5.4,5.1,4.1,11.2,5.9,4.2,2.8,1.2,5,9.5,3.6,4,6.1,6.7,4.6,3.2,2,2.4,3.1,7.4,2.4,2.2,2.6,8.3,3.4,2.7,1.8,1.3,3.2,6.8,2.6,2.2,2.4,8.6,3.4,2.7,2.1,1.4,3.1,8,2.3,2.2,2.8,8.1,3.4,2.6,1.6,1.3,213540000
10/1/2000,4,9.4,3.1,2.4,3.1,9.4,4.3,3.1,2,1.5,4.1,9,3.3,2.5,2.9,10.7,4.4,3.2,2.2,1.5,3.9,9.8,2.9,2.4,3.2,8.6,4.3,3,1.9,1.4,7.7,18.8,5.6,3.2,5.9,17,8.6,5,2.8,2.4,7.3,17,5.5,3.4,6,17,8.3,4.9,2.4,2.2,8.1,20.9,5.7,3,5.8,16.9,8.9,5.1,3.3,2.7,5.7,10.5,4.4,4.3,5.2,8.4,5.1,3.6,2.4,2.1,6.8,11.9,5.5,5,3.8,11.3,6,4,2.7,1.4,5,9.6,3.6,3.9,6,6.8,4.4,3.1,2,2.6,3.1,7.4,2.4,2.1,2.7,8.3,3.4,2.7,1.9,1.3,3.2,6.9,2.6,2.2,2.5,8.6,3.4,2.7,2.1,1.3,3.1,7.9,2.3,2.1,2.8,8.1,3.4,2.6,1.7,1.3,213405000
9/1/2000,4,9.5,3.1,2.4,3.1,9.5,4.3,3.2,2,1.5,4.2,9.1,3.3,2.5,3,10.7,4.4,3.3,2.2,1.5,3.9,9.9,2.9,2.4,3.2,8.6,4.3,3.1,1.9,1.4,7.7,19.1,5.6,3.3,5.9,17,8.7,5.1,2.8,2.4,7.3,17.3,5.5,3.5,6.3,17,8.4,5.1,2.3,2.2,8.2,21.1,5.8,3.2,5.4,17.1,8.9,5.2,3.5,2.8,5.8,10.8,4.4,4.3,5.2,8.5,5.2,3.6,2.5,2.2,6.9,12.2,5.6,4.8,3.5,11.5,6.2,4.1,2.9,1.4,5.1,10,3.6,3.9,6.2,6.9,4.4,3.2,2.2,2.8,3.1,7.4,2.4,2.1,2.7,8.2,3.4,2.7,1.9,1.3,3.2,6.9,2.6,2.1,2.6,8.7,3.4,2.8,2.1,1.4,3.1,7.9,2.3,2.1,2.8,8,3.4,2.7,1.7,1.3,213163000
8/1/2000,4.1,9.6,3.1,2.4,3.1,9.5,4.4,3.2,2,1.4,4.2,9.3,3.3,2.4,3,10.9,4.5,3.3,2.1,1.4,3.9,9.9,2.9,2.4,3.2,8.6,4.3,3.1,1.9,1.4,7.8,19.2,5.7,3.5,5.8,17.3,8.7,5.3,2.8,2.5,7.4,17.6,5.5,3.5,6.1,17.3,8.5,5.2,2.3,2.1,8.3,21.1,5.9,3.4,5.6,17.4,8.9,5.3,3.5,2.9,5.9,11.1,4.4,4.2,5.1,8.6,5.2,3.7,2.6,2.4,7.1,12.8,5.7,4.6,3.9,11.7,6.5,4,3,1.6,5.1,10,3.6,3.9,5.9,6.9,4.4,3.3,2.2,3,3.2,7.5,2.4,2.1,2.7,8.2,3.4,2.7,1.9,1.2,3.2,7,2.6,2,2.6,8.7,3.4,2.8,2.1,1.3,3.1,8,2.3,2.1,2.8,7.9,3.4,2.7,1.7,1.2,212916000
7/1/2000,4.1,9.6,3.1,2.4,3.1,9.6,4.4,3.2,2,1.4,4.2,9.3,3.3,2.4,3,10.9,4.5,3.3,2.1,1.4,3.9,9.9,2.9,2.4,3.2,8.7,4.3,3.2,1.9,1.4,7.8,19.2,5.7,3.5,5.5,17.3,8.6,5.4,2.8,2.3,7.5,17.8,5.6,3.6,6,17.4,8.5,5.4,2.4,2,8.2,20.8,5.8,3.4,5,17.3,8.7,5.4,3.3,2.7,5.9,11.1,4.5,4.4,4.9,8.7,5.2,3.8,2.6,2.3,7.1,12.6,5.7,4.5,4.2,11.6,6.4,4.1,3.2,1.5,5.2,10.1,3.7,4.3,5.4,7.1,4.4,3.4,2.1,3,3.2,7.6,2.4,2.1,2.8,8.3,3.4,2.8,1.8,1.2,3.2,7.1,2.5,2,2.5,8.8,3.4,2.8,2,1.2,3.1,8,2.3,2.1,3,7.9,3.4,2.8,1.7,1.3,212677000
6/1/2000,4.1,9.7,3.1,2.5,3.1,9.6,4.4,3.3,2,1.4,4.2,9.4,3.3,2.4,3,10.9,4.5,3.3,2.1,1.4,4,10,2.9,2.5,3.2,8.7,4.3,3.2,2,1.4,7.9,19.4,5.7,3.7,5.5,17.6,8.6,5.5,2.9,2.3,7.6,17.9,5.7,3.9,5.7,17.5,8.5,5.5,2.7,2,8.3,21.1,5.8,3.5,5.3,17.7,8.8,5.5,3.1,2.8,6,11.1,4.6,4.5,4.4,8.8,5.3,3.8,2.6,2.3,7.1,12.4,5.8,4.4,4.2,11.7,6.4,4.1,3,1.5,5.2,10.3,3.7,4.6,4.5,7.2,4.5,3.4,2.2,3,3.2,7.6,2.4,2.1,2.9,8.2,3.4,2.8,1.9,1.3,3.2,7.2,2.5,2.1,2.6,8.8,3.4,2.8,2,1.2,3.2,8,2.3,2.2,3,7.8,3.4,2.8,1.8,1.3,212466000
5/1/2000,4.1,9.7,3.1,2.5,3.2,9.7,4.4,3.2,2.1,1.4,4.2,9.4,3.3,2.5,3.1,11.1,4.6,3.3,2.1,1.5,4,10.1,2.9,2.5,3.3,8.8,4.3,3.2,2,1.4,7.9,19.2,5.7,3.7,5.4,17.8,8.7,5.3,2.9,2.3,7.6,17.7,5.7,3.9,5.3,17.7,8.6,5.3,2.8,2.1,8.2,20.9,5.8,3.6,5.5,17.8,8.7,5.4,3,2.7,6.1,11.2,4.7,4.6,4.7,8.9,5.3,3.7,2.7,2.4,7.1,12.3,5.9,4.4,4.7,11.7,6.4,4.1,3.2,1.4,5.4,10.5,3.8,4.7,4.8,7.4,4.5,3.4,2.3,3.3,3.2,7.7,2.4,2.2,2.9,8.3,3.5,2.8,1.9,1.3,3.2,7.3,2.5,2.1,2.7,9,3.5,2.7,2,1.3,3.2,8.1,2.3,2.2,3,7.8,3.4,2.8,1.9,1.3,212242000
4/1/2000,4.1,9.7,3.1,2.6,3.2,9.7,4.4,3.3,2.1,1.5,4.2,9.4,3.3,2.6,3.1,11.1,4.5,3.3,2.1,1.5,4,10.1,2.9,2.6,3.3,8.8,4.3,3.2,2.1,1.5,7.9,19,5.7,3.8,5,17.7,8.6,5.3,2.9,2.3,7.6,17.5,5.7,4,4.6,17.6,8.6,5.3,2.9,2.1,8.2,20.6,5.8,3.7,5.5,17.8,8.6,5.4,2.8,2.5,6.2,11.3,4.8,4.6,5.6,9,5.4,3.9,2.7,2.5,7.2,12.1,6,4.6,4.4,11.7,6.4,4.3,3.2,1.3,5.5,10.7,3.9,4.6,6.3,7.5,4.7,3.5,2.2,3.5,3.2,7.7,2.4,2.2,2.9,8.3,3.5,2.8,1.9,1.3,3.2,7.3,2.5,2.2,2.8,9,3.5,2.7,2,1.4,3.2,8.1,2.4,2.2,3,7.8,3.4,2.8,1.9,1.3,212018000
3/1/2000,4.2,9.8,3.1,2.6,3.2,9.8,4.4,3.3,2.1,1.5,4.3,9.4,3.4,2.6,3.2,11.1,4.6,3.4,2.1,1.5,4.1,10.2,3,2.6,3.2,8.9,4.3,3.2,2.1,1.5,7.9,19,5.8,3.9,5.1,17.9,8.6,5.4,2.9,2.3,7.7,17.3,5.9,4,5.3,17.7,8.6,5.4,3.1,2.3,8.2,21,5.7,3.7,5,18.1,8.6,5.5,2.7,2.2,6.3,11.4,4.9,4.7,5.8,9,5.6,4.1,2.6,2.9,7.3,12.3,6.1,4.5,4.6,11.7,6.7,4.6,3.1,1.2,5.6,10.9,4,4.7,6.3,7.6,4.8,3.6,2.1,4.2,3.2,7.8,2.4,2.3,2.9,8.4,3.5,2.8,2,1.4,3.3,7.4,2.5,2.3,2.8,9.1,3.5,2.8,2,1.4,3.2,8.1,2.4,2.3,2.9,7.8,3.4,2.8,2,1.4,211772000
2/1/2000,4.2,9.8,3.2,2.6,3.1,9.8,4.4,3.3,2.1,1.5,4.3,9.4,3.4,2.7,3.1,11.2,4.6,3.4,2.1,1.5,4.1,10.2,3,2.6,3.1,9,4.3,3.3,2.1,1.5,8,19.1,5.9,3.9,5.2,18.2,8.6,5.5,3,2.1,7.8,17.2,6,4,5.5,18,8.6,5.5,3.3,2.1,8.2,21.3,5.7,3.7,5,18.4,8.5,5.6,2.7,2,6.3,11.4,4.8,4.6,6,9,5.6,4.1,2.4,3,7.3,12.2,6.2,4.6,5.4,11.6,6.9,4.6,2.9,1.4,5.5,10.9,3.9,4.7,6.4,7.6,4.7,3.6,2,4.3,3.3,7.8,2.4,2.3,2.8,8.4,3.5,2.8,2,1.4,3.3,7.4,2.5,2.3,2.7,9.2,3.5,2.8,2,1.4,3.2,8.2,2.4,2.3,2.8,7.9,3.4,2.8,2,1.4,211576000
1/1/2000,4.2,9.8,3.2,2.7,3.1,9.9,4.4,3.3,2.2,1.5,4.3,9.4,3.4,2.6,3.2,11.3,4.6,3.4,2.2,1.6,4.1,10.2,3,2.7,3,9,4.3,3.3,2.1,1.5,8,19.2,5.9,4,5,18.3,8.5,5.5,3.1,2,7.8,17.3,6,4.1,5.5,18.1,8.6,5.5,3.3,2.2,8.2,21.5,5.7,4,4.4,18.6,8.5,5.5,2.7,1.8,6.3,11.7,4.9,4.7,5.6,9.2,5.8,4.1,2.4,3,7.5,12.6,6.3,4.4,5.4,11.9,7,4.7,2.8,1.7,5.5,11,3.9,4.9,5.7,7.7,4.8,3.4,2,3.9,3.3,7.8,2.5,2.3,2.8,8.4,3.5,2.8,2,1.4,3.3,7.4,2.5,2.3,2.7,9.2,3.5,2.8,2,1.4,3.3,8.2,2.4,2.3,2.8,7.9,3.4,2.8,2,1.4,211410000
12/1/1999,4.2,9.9,3.2,2.7,3.1,10,4.5,3.3,2.1,1.5,4.3,9.5,3.4,2.6,3.2,11.3,4.6,3.4,2.1,1.6,4.1,10.3,3,2.7,3,9.1,4.4,3.3,2.1,1.5,8,19.3,5.8,3.9,4.9,18.4,8.4,5.5,3.1,2,7.8,17.2,6,3.9,5,17.9,8.4,5.5,3.4,2,8.2,21.8,5.6,3.9,4.9,19,8.3,5.4,2.6,2,6.4,11.8,5,4.5,5,9.3,5.9,4.1,2.5,3,7.6,12.9,6.4,4.3,4.8,12,7.2,4.9,2.9,2,5.6,11.1,4.1,4.6,5,7.8,5,3.4,2.2,3.7,3.3,7.8,2.5,2.4,2.8,8.5,3.5,2.9,2,1.4,3.3,7.4,2.6,2.3,2.8,9.2,3.5,2.9,2,1.4,3.3,8.2,2.4,2.4,2.8,8,3.5,2.9,2,1.4,208832000
11/1/1999,4.2,9.9,3.2,2.7,3.2,10.1,4.5,3.4,2.1,1.5,4.4,9.5,3.5,2.6,3.4,11.3,4.6,3.5,2.2,1.6,4.1,10.3,3,2.8,3,9.3,4.4,3.3,2.1,1.5,8,19.3,5.8,3.9,5.2,18.5,8.3,5.4,3.1,1.9,7.8,17.2,6,3.8,5.4,17.9,8.5,5.5,3.5,1.8,8.2,21.9,5.5,3.9,5.1,19.1,8.2,5.4,2.6,2,6.6,11.9,5.2,4.6,5.1,9.4,6,4.3,2.6,3.1,7.8,13.3,6.6,4.4,4.9,12.2,7.3,5.2,3.1,2.5,5.7,11,4.2,4.8,5.1,7.9,5.1,3.5,2.2,3.5,3.3,7.8,2.5,2.4,2.9,8.5,3.5,2.9,2,1.4,3.3,7.3,2.6,2.3,3,9.1,3.5,2.9,2,1.4,3.3,8.2,2.5,2.5,2.8,8.1,3.5,2.9,2,1.4,208666000
10/1/1999,4.3,9.9,3.3,2.7,3.2,10.2,4.5,3.4,2.2,1.6,4.4,9.4,3.5,2.6,3.4,11.3,4.6,3.5,2.2,1.6,4.2,10.3,3.1,2.8,3.1,9.4,4.4,3.2,2.1,1.5,8,19.3,5.8,3.8,5.8,18.7,8.3,5.4,3.1,2,7.9,17.2,6.1,3.7,6,18,8.5,5.5,3.5,2,8.2,21.9,5.6,3.8,5.6,19.4,8.1,5.3,2.5,2,6.7,12.2,5.2,4.8,5.1,9.5,6.2,4.4,2.8,3.1,7.9,13.6,6.6,4.6,4.9,12.3,7.4,5.4,3.3,2.5,5.8,11.2,4.3,4.9,5.1,8,5.3,3.5,2.3,3.5,3.3,7.8,2.5,2.4,2.9,8.6,3.5,2.9,2,1.4,3.3,7.2,2.6,2.3,3,9,3.5,2.9,2,1.4,3.3,8.2,2.5,2.5,2.8,8.3,3.5,2.8,2,1.4,208483000
9/1/1999,4.3,9.9,3.3,2.7,3.3,10.2,4.5,3.4,2.2,1.6,4.4,9.5,3.6,2.6,3.5,11.3,4.7,3.5,2.2,1.6,4.2,10.3,3.1,2.8,3.1,9.5,4.4,3.2,2.1,1.5,8.1,19.2,5.9,3.7,5.9,18.6,8.3,5.5,3.1,2.1,8,16.9,6.3,3.7,6.2,18,8.6,5.7,3.5,2.1,8.1,21.8,5.5,3.6,5.5,19.2,8,5.4,2.5,2,6.7,12.2,5.3,4.8,5.2,9.5,6.3,4.4,2.8,3,8,13.6,6.7,4.7,5.2,12.3,7.5,5.5,3.4,2.8,5.9,11.2,4.3,5,5.2,8,5.4,3.5,2.4,3.2,3.4,7.8,2.6,2.4,2.9,8.7,3.5,2.9,2,1.4,3.3,7.3,2.6,2.3,3,9.1,3.6,2.9,2,1.4,3.4,8.3,2.5,2.5,2.8,8.4,3.5,2.9,2,1.4,208265000
8/1/1999,4.3,10,3.3,2.7,3.3,10.2,4.6,3.4,2.2,1.6,4.5,9.4,3.6,2.6,3.6,11.3,4.7,3.6,2.3,1.7,4.2,10.5,3.1,2.8,3,9.6,4.5,3.3,2.1,1.5,8.1,19.3,6,3.8,5.7,18.6,8.4,5.6,3.1,2.2,8.1,16.9,6.4,3.7,6.4,17.9,8.7,5.8,3.7,2.2,8.2,22.1,5.5,3.8,5,19.4,8.1,5.3,2.3,2.2,6.8,12.2,5.3,4.9,5.1,9.5,6.3,4.5,2.9,3.1,8,13.2,6.8,4.7,5,12.2,7.3,5.5,3.5,3.2,6,11.6,4.4,5.1,5.1,8.1,5.6,3.6,2.3,3.1,3.4,7.9,2.6,2.4,2.9,8.7,3.6,2.9,2,1.4,3.4,7.3,2.7,2.3,3.2,9.1,3.6,2.9,2,1.5,3.4,8.4,2.5,2.5,2.8,8.4,3.6,2.9,2,1.4,208038000
7/1/1999,4.3,10.1,3.3,2.7,3.3,10.3,4.6,3.4,2.2,1.6,4.5,9.5,3.6,2.6,3.7,11.3,4.7,3.6,2.3,1.7,4.2,10.6,3.1,2.8,3,9.6,4.5,3.2,2.1,1.5,8.2,19.5,6,3.8,5.6,18.6,8.5,5.6,3.2,2.4,8.1,17,6.5,3.6,6.5,17.7,8.8,5.8,3.7,2.4,8.3,22.6,5.5,4.1,4.7,19.5,8.3,5.2,2.5,2.3,6.9,12.5,5.4,4.8,5.6,9.6,6.4,4.6,3,3.5,8.1,13.6,6.7,4.6,5.8,12.5,7.3,5.5,3.7,3.6,6,11.7,4.4,4.9,5.6,8.1,5.7,3.7,2.5,3.4,3.4,7.9,2.6,2.4,2.9,8.7,3.6,2.9,2,1.4,3.4,7.3,2.7,2.3,3.3,9.1,3.6,2.9,2.1,1.5,3.4,8.4,2.5,2.5,2.7,8.4,3.6,2.9,2,1.4,207828000
6/1/1999,4.4,10.2,3.3,2.7,3.3,10.3,4.6,3.4,2.1,1.6,4.5,9.6,3.6,2.6,3.7,11.3,4.8,3.5,2.3,1.7,4.3,10.7,3.1,2.8,3,9.7,4.5,3.3,2,1.5,8.3,19.8,6.1,3.8,5.3,18.6,8.7,5.6,3.1,2.4,8.2,17.2,6.5,3.4,6.7,17.8,8.9,5.8,3.5,2.5,8.4,22.9,5.6,4.1,3.9,19.5,8.4,5.3,2.6,2.3,6.9,12.6,5.4,4.9,6.4,9.6,6.5,4.6,3.1,3.8,8.1,13.8,6.8,4.7,6.4,12.5,7.5,5.4,3.9,3.7,6.1,11.7,4.5,5.1,6.4,8.1,5.8,3.8,2.4,3.8,3.4,7.9,2.6,2.4,2.9,8.8,3.6,2.9,2,1.4,3.4,7.3,2.7,2.3,3.3,9.1,3.6,2.9,2.1,1.4,3.4,8.5,2.5,2.4,2.7,8.5,3.6,2.9,1.9,1.4,207632000
5/1/1999,4.4,10.2,3.4,2.7,3.2,10.4,4.7,3.5,2.1,1.6,4.5,9.7,3.6,2.5,3.6,11.3,4.8,3.6,2.3,1.6,4.3,10.7,3.2,2.8,2.9,9.7,4.6,3.3,1.9,1.5,8.4,20,6.2,3.7,5.2,18.5,8.8,5.7,3.2,2.6,8.3,17.7,6.6,3.3,6.8,17.9,9.1,5.9,3.6,2.7,8.5,22.8,5.7,4.2,3.6,19.1,8.5,5.4,2.7,2.4,7,12.7,5.5,5,6,9.6,6.7,4.7,3.1,4,8.3,14.3,6.8,4.7,6.5,12.8,7.6,5.5,3.8,3.8,6.1,11.6,4.6,5.2,5.8,8,6,4,2.4,4.2,3.4,7.9,2.6,2.3,2.9,8.8,3.6,2.9,1.9,1.4,3.4,7.3,2.7,2.2,3.1,8.9,3.6,2.9,2,1.3,3.4,8.6,2.5,2.4,2.7,8.7,3.7,2.9,1.8,1.4,207427000
4/1/1999,4.4,10.3,3.4,2.7,3.2,10.4,4.7,3.5,2.1,1.6,4.5,9.7,3.6,2.5,3.6,11.4,4.8,3.6,2.3,1.6,4.3,10.8,3.2,2.8,2.9,9.7,4.6,3.3,1.9,1.5,8.5,20.4,6.2,3.9,5.8,18.6,8.9,5.9,3.2,2.7,8.5,18.1,6.7,3.4,7.3,18.1,9.3,6.1,3.6,2.9,8.5,23,5.7,4.5,4.4,19.1,8.5,5.5,2.7,2.4,7,12.8,5.5,5.1,5.4,9.6,6.7,4.7,3.2,3.9,8.3,14.5,6.8,4.7,6.9,12.7,7.7,5.5,4.1,3.8,6.1,11.6,4.6,5.4,4.6,8,6,4,2.4,4,3.4,7.9,2.6,2.3,2.8,8.8,3.7,2.9,1.9,1.3,3.4,7.2,2.7,2.2,3.1,9,3.6,2.9,2,1.3,3.4,8.6,2.6,2.3,2.7,8.7,3.7,2.9,1.8,1.4,207236000
3/1/1999,4.4,10.3,3.4,2.6,3.2,10.4,4.7,3.5,2.1,1.5,4.5,9.7,3.7,2.5,3.6,11.4,4.8,3.6,2.3,1.6,4.3,10.8,3.2,2.8,2.9,9.7,4.7,3.3,1.8,1.5,8.6,20.5,6.3,4,5.8,18.6,9,6,3.1,2.6,8.6,18.4,6.8,3.4,6.7,18.5,9.4,6.2,3.4,2.8,8.6,22.8,5.7,4.7,5,18.8,8.6,5.6,2.7,2.3,7,12.8,5.4,5.2,5.6,9.7,6.7,4.6,3.2,3.6,8.2,14.4,6.7,4.8,7.7,12.7,7.6,5.2,4.1,3.8,6.2,11.8,4.6,5.4,4.5,8.1,6.1,4,2.4,3.4,3.4,7.9,2.6,2.2,2.9,8.7,3.7,2.9,1.9,1.3,3.3,7.2,2.7,2.1,3,9,3.6,2.9,2,1.3,3.4,8.6,2.6,2.3,2.7,8.6,3.8,2.9,1.7,1.4,207036000
2/1/1999,4.5,10.3,3.4,2.6,3.2,10.4,4.8,3.5,2.1,1.5,4.6,9.7,3.7,2.4,3.5,11.4,4.9,3.6,2.3,1.6,4.4,10.9,3.2,2.8,3,9.8,4.8,3.4,1.8,1.5,8.7,20.5,6.5,3.9,5.8,18.7,9.1,6,3,2.6,8.7,18.6,6.9,3.3,6.3,18.7,9.4,6.3,3.3,2.8,8.7,22.6,5.9,4.5,5.4,18.7,8.9,5.6,2.6,2.3,7.1,13,5.5,5.2,5.6,9.9,6.7,4.6,3.3,3.3,8.3,14.5,6.7,4.8,8.2,12.9,7.5,5.2,4.1,3.6,6.3,12,4.7,5.4,4.2,8.3,6.2,4.1,2.6,3.1,3.4,7.9,2.7,2.2,2.9,8.7,3.8,2.9,1.9,1.4,3.4,7.1,2.7,2,3,8.9,3.6,2.9,2,1.4,3.5,8.7,2.6,2.4,2.7,8.6,3.8,2.9,1.7,1.3,206873000
1/1/1999,4.5,10.4,3.5,2.6,3.2,10.5,4.9,3.5,2,1.6,4.6,9.7,3.7,2.4,3.5,11.5,4.9,3.6,2.3,1.6,4.4,11,3.2,2.8,3,9.8,4.8,3.4,1.8,1.5,8.8,20.7,6.6,3.7,5.8,19,9.3,6,3,2.6,8.8,18.8,7,3.2,6.3,19.1,9.6,6.3,3.3,2.7,8.8,22.8,6,4.3,5.3,19,8.9,5.6,2.6,2.5,7.1,13.1,5.5,5.3,5.9,9.8,6.9,4.7,3.3,3.3,8.2,14.3,6.7,5.3,8.4,12.8,7.7,5.1,4,3.6,6.4,12.3,4.7,5.3,4.5,8.3,6.3,4.3,2.6,3,3.4,8,2.7,2.2,2.8,8.7,3.8,2.9,1.9,1.4,3.4,7.1,2.8,2,2.9,8.9,3.7,2.9,2.1,1.4,3.5,8.7,2.6,2.3,2.7,8.6,3.9,2.9,1.7,1.4,206719000
12/1/1998,4.5,10.4,3.5,2.6,3.2,10.5,4.9,3.5,2,1.6,4.6,9.8,3.8,2.4,3.3,11.5,5,3.6,2.3,1.6,4.4,11.1,3.3,2.8,3.1,9.8,4.8,3.4,1.8,1.5,9,20.9,6.7,3.8,5.5,19.1,9.5,6.1,3.1,2.8,9,19.2,7.1,3.2,6.1,19.5,9.7,6.4,3.2,2.8,8.9,22.9,6.2,4.4,4.9,18.7,9.2,5.7,2.9,2.7,7.2,13.2,5.5,5.3,6.4,9.8,6.9,4.7,3.4,3.1,8.2,14.4,6.6,5.4,8.8,12.7,7.8,5.2,4,3.4,6.4,12.5,4.7,5.3,5,8.3,6.3,4.3,2.7,2.9,3.4,8,2.7,2.2,2.8,8.7,3.8,2.9,1.9,1.4,3.4,7.1,2.8,2,2.8,8.8,3.8,2.9,2,1.4,3.5,8.8,2.6,2.3,2.8,8.7,3.9,2.9,1.7,1.4,206270000
11/1/1998,4.5,10.5,3.5,2.6,3.1,10.5,5,3.6,2.1,1.5,4.7,9.9,3.8,2.4,3.1,11.6,5,3.7,2.3,1.6,4.5,11.1,3.3,2.8,3.1,9.8,4.9,3.4,1.9,1.5,9.1,21.2,6.9,3.8,4.9,19.4,9.6,6.3,3.1,2.7,9.1,19.6,7.3,3.3,5.3,19.9,9.8,6.6,3.2,2.7,9.1,23.2,6.4,4.3,4.6,18.8,9.4,5.8,3,2.8,7.1,13.3,5.4,5.4,6.8,9.8,7,4.6,3.4,2.7,8.2,14.3,6.6,5.2,9,12.6,7.9,5.1,4,3,6.5,12.6,4.7,5.5,5.4,8.4,6.4,4.2,2.9,2.6,3.5,8,2.7,2.2,2.7,8.7,3.8,3,1.9,1.4,3.4,7.3,2.8,2,2.6,8.9,3.8,3,2,1.4,3.5,8.8,2.6,2.3,2.8,8.6,3.9,3,1.7,1.4,206104000
10/1/1998,4.6,10.6,3.6,2.6,3,10.5,5,3.6,2,1.5,4.7,10,3.8,2.3,3,11.6,5.1,3.7,2.3,1.6,4.5,11.2,3.3,2.8,3,9.8,4.9,3.5,1.9,1.5,9.2,21.6,6.9,3.8,4.1,19.3,9.7,6.4,3.2,2.8,9.3,20,7.4,3.5,4.3,20.1,10,6.8,3.4,2.6,9.2,23.4,6.4,4.2,4,18.6,9.4,6,3.1,3.1,7.1,13.1,5.5,5.3,7.2,9.8,6.9,4.7,3.4,2.5,8.1,13.9,6.6,4.9,10,12.5,7.7,5.2,4.2,3,6.5,12.6,4.7,5.5,5.5,8.4,6.3,4.4,2.8,2.2,3.5,8.1,2.7,2.2,2.7,8.8,3.9,3,1.8,1.4,3.4,7.3,2.8,2,2.5,8.9,3.8,3,2,1.3,3.5,8.8,2.7,2.3,2.7,8.6,3.9,3,1.7,1.4,205919000
9/1/1998,4.6,10.7,3.6,2.6,3,10.6,5,3.6,2,1.5,4.7,9.9,3.8,2.4,3,11.7,5.1,3.7,2.2,1.6,4.5,11.3,3.3,2.8,3,9.9,5,3.5,1.9,1.5,9.3,22,6.9,4.1,3.8,19.5,9.8,6.5,3.3,2.7,9.4,20.6,7.4,3.9,3.6,20.5,10,6.7,3.5,2.4,9.2,23.5,6.5,4.4,4,18.5,9.6,6.2,3.1,3.1,7.2,13.2,5.5,5.3,7.4,9.9,7,4.6,3.4,2.5,8.1,13.8,6.7,4.7,10,12.5,7.9,5.1,4.2,2.8,6.6,12.9,4.8,5.6,5.9,8.6,6.4,4.3,2.7,2.2,3.5,8.1,2.8,2.2,2.6,8.8,3.9,3,1.8,1.4,3.4,7.3,2.9,1.9,2.6,9,3.8,3,2,1.4,3.5,8.9,2.7,2.4,2.7,8.6,4,3,1.7,1.4,205699000
8/1/1998,4.6,10.7,3.6,2.6,3,10.7,5,3.6,2.1,1.6,4.7,10,3.9,2.4,3.1,11.9,5.1,3.7,2.2,1.6,4.5,11.3,3.4,2.8,3,9.9,5,3.6,1.9,1.5,9.3,22,7,4.2,4.4,19.3,9.9,6.5,3.3,2.7,9.4,20.6,7.4,3.9,4.4,20.5,10.1,6.6,3.4,2.5,9.3,23.6,6.5,4.4,4.4,18.3,9.6,6.3,3.3,3,7.2,13.2,5.6,5.4,7.3,10.2,6.9,4.5,3.4,2.2,8.1,13.7,6.8,4.9,9.7,12.8,7.6,5,4.1,2.3,6.6,12.9,4.8,5.7,5.8,8.8,6.4,4.1,2.8,2.1,3.5,8.1,2.8,2.2,2.6,8.9,3.9,3,1.8,1.4,3.5,7.4,2.9,2,2.6,9.2,3.9,3,2,1.4,3.6,8.9,2.7,2.3,2.7,8.6,4,3,1.7,1.4,205479000
7/1/1998,4.6,10.7,3.6,2.7,3.1,10.7,5,3.7,2.1,1.6,4.7,10,3.9,2.4,3.1,11.9,5.1,3.7,2.2,1.7,4.6,11.3,3.4,2.8,3.1,10,5,3.6,2,1.5,9.4,21.9,7,4.3,4.9,19.3,9.9,6.5,3.4,2.6,9.4,20.5,7.5,4,5,20.5,10.2,6.7,3.4,2.4,9.3,23.4,6.5,4.6,4.8,18.2,9.6,6.3,3.5,2.9,7.2,13.2,5.6,5.4,7,10.1,6.9,4.6,3.3,1.9,8.1,13.7,6.8,5,8.6,12.8,7.7,5,3.9,2.1,6.6,12.8,4.8,5.7,6,8.8,6.3,4.2,2.8,1.8,3.6,8.2,2.8,2.2,2.7,8.9,3.9,3.1,1.9,1.5,3.5,7.4,2.9,1.9,2.7,9.3,3.9,3,2,1.5,3.6,8.9,2.7,2.4,2.7,8.7,4,3.1,1.8,1.4,205270000
6/1/1998,4.7,10.8,3.7,2.7,3.1,10.8,5.1,3.7,2.1,1.6,4.8,10.1,3.9,2.4,3.2,12.1,5.1,3.8,2.2,1.8,4.6,11.3,3.4,2.9,3,10,5,3.6,2,1.5,9.4,21.7,7.1,4.2,5.2,19.2,9.9,6.6,3.5,2.5,9.5,20.3,7.6,3.9,5.2,20.7,10.1,6.8,3.5,2.3,9.2,23.2,6.5,4.6,5.1,17.9,9.6,6.2,3.5,2.8,7.2,13.3,5.6,5.4,6.4,10.2,6.9,4.6,3.4,1.7,8.3,14,6.9,5.1,7.8,13.1,7.8,5,3.8,2.2,6.6,12.9,4.8,5.7,5.5,8.8,6.2,4.3,3,1.3,3.6,8.3,2.8,2.2,2.7,9,4,3.1,1.9,1.5,3.6,7.5,3,1.9,2.8,9.5,3.9,3.1,1.9,1.7,3.6,9,2.8,2.4,2.6,8.7,4.1,3.1,1.8,1.4,205085000
5/1/1998,4.7,10.8,3.7,2.7,3.1,10.9,5.1,3.7,2.1,1.7,4.8,10.2,4,2.4,3.3,12.3,5.1,3.8,2.2,1.8,4.6,11.4,3.5,2.9,3,10,5.1,3.6,2,1.5,9.5,22.2,7.2,4.3,5.6,19.5,10,6.7,3.6,2.4,9.6,20.6,7.6,4,5.5,20.9,10.1,7,3.5,2.1,9.5,23.9,6.7,4.7,5.7,18.2,10,6.4,3.6,2.9,7.3,13.2,5.7,5.7,6.4,10.3,6.7,4.6,3.6,1.7,8.3,14,6.9,5.2,7.1,13.1,7.7,4.9,4.1,2.8,6.6,12.8,4.8,5.9,5.9,8.9,6.1,4.4,3.1,1,3.6,8.4,2.9,2.2,2.7,9.1,4,3.1,1.9,1.6,3.6,7.6,3,2,2.9,9.6,3.9,3.1,2,1.7,3.7,9.1,2.8,2.5,2.6,8.7,4.1,3.1,1.8,1.5,204899000
4/1/1998,4.8,10.9,3.7,2.8,3.1,11.1,5.1,3.7,2.2,1.7,4.9,10.4,4,2.5,3.3,12.5,5.2,3.8,2.3,1.9,4.7,11.4,3.5,3,3,10.1,5.1,3.6,2.1,1.6,9.6,22.4,7.3,4.2,5,19.6,10.1,6.8,3.6,2.5,9.6,20.8,7.7,3.9,5.5,21,10.2,7.1,3.5,2.1,9.6,24.2,6.8,4.4,4.5,18.2,10.1,6.5,3.8,3.1,7.3,13.3,5.7,5.9,6.8,10.5,6.8,4.6,3.6,1.8,8.4,14.3,7.1,5.4,7.5,13.5,7.7,4.9,4.3,2.9,6.6,12.6,4.9,6.2,6.4,8.9,6.1,4.4,3.1,1,3.7,8.4,2.9,2.3,2.8,9.2,4,3.1,1.9,1.6,3.6,7.8,3,2,2.9,9.8,4,3.1,2,1.8,3.7,9,2.8,2.5,2.7,8.9,4.1,3.1,1.8,1.5,204731000
3/1/1998,4.8,11.1,3.8,2.8,3.1,11.2,5.2,3.8,2.2,1.7,4.9,10.5,4,2.5,3.3,12.6,5.3,3.8,2.2,1.9,4.7,11.6,3.6,3.1,2.9,10.3,5.1,3.7,2.1,1.6,9.7,22.8,7.3,4.1,5.1,19.7,10.2,6.9,3.8,2.5,9.7,21,7.6,3.9,6.3,21,10.3,7.1,3.5,2.1,9.8,24.7,6.9,4.3,3.9,18.6,10.2,6.5,4.1,3.2,7.5,13.6,5.8,6.1,6.3,10.6,6.8,4.8,3.8,1.9,8.6,14.8,7.1,5.8,6.8,13.6,7.9,4.9,4.5,3.4,6.8,12.8,5,6.3,6,9.1,6,4.7,3.2,1,3.7,8.5,2.9,2.3,2.7,9.4,4.1,3.1,1.9,1.6,3.7,7.8,3,2,2.9,9.8,4,3.1,1.9,1.8,3.7,9.2,2.9,2.6,2.6,9.1,4.1,3.2,1.9,1.5,204547000
2/1/1998,4.9,11.2,3.8,2.9,3.1,11.4,5.2,3.8,2.2,1.7,5,10.6,4,2.6,3.4,12.7,5.3,3.9,2.3,1.9,4.8,11.7,3.6,3.1,2.9,10.5,5.1,3.8,2.2,1.6,9.8,23.1,7.4,4.2,5.1,19.9,10.3,6.9,4,2.7,9.7,21.1,7.7,3.9,6.5,21.1,10.3,7.2,3.7,2.1,10,25.4,7,4.6,3.8,18.9,10.3,6.7,4.4,3.5,7.6,13.8,5.9,6.4,6.7,10.7,6.9,5,3.9,2,8.7,15.2,7.1,6.1,6.5,13.6,8.1,4.9,4.8,3.2,6.9,12.9,5.1,6.6,6.9,9.3,6.1,5,3,1.2,3.7,8.5,3,2.4,2.7,9.5,4.1,3.1,1.9,1.6,3.7,7.9,3,2.1,3,10.1,4,3.1,1.9,1.8,3.7,9.1,2.9,2.6,2.6,9.2,4.1,3.2,1.9,1.5,204400000
1/1/1998,4.9,11.3,3.9,2.9,3.1,11.5,5.3,3.9,2.2,1.8,5,10.8,4.1,2.6,3.5,13,5.3,3.9,2.3,2,4.9,11.7,3.7,3.2,2.9,10.6,5.2,3.8,2.2,1.6,10,23.3,7.5,4.2,5.2,20.2,10.4,7.1,4,2.8,9.8,21.2,7.8,3.9,6.3,21.5,10.3,7.3,3.7,2.4,10.1,25.6,7.1,4.5,4.2,19,10.6,6.7,4.3,3.5,7.7,13.8,6,6.4,7,10.9,7,5.1,3.9,2.2,8.9,15.5,7.3,5.8,7,13.9,8.3,5.2,4.9,3.5,7,12.8,5.2,6.9,7,9.4,6.1,5.1,3,1.5,3.8,8.6,3,2.4,2.8,9.7,4.1,3.2,1.9,1.6,3.7,8.1,3,2.1,3.1,10.3,4,3.1,1.9,1.9,3.8,9.2,3,2.6,2.5,9.4,4.2,3.2,1.9,1.5,204238000
12/1/1997,5,11.4,3.9,2.9,3.2,11.7,5.3,3.9,2.3,1.8,5.1,10.9,4.1,2.6,3.5,13.1,5.3,4,2.3,2.1,4.9,11.9,3.8,3.2,3,10.8,5.3,3.9,2.2,1.6,10.1,23.6,7.6,4,5.6,20.5,10.6,7.2,3.9,2.9,10,21.5,7.9,3.8,6.3,21.8,10.5,7.4,3.8,2.5,10.3,26,7.3,4.3,4.8,19.4,10.7,6.9,4,3.5,7.9,14,6.2,6.6,7.3,11.1,7,5.3,3.9,2.4,9.1,15.6,7.5,6.1,6.5,14.2,8.3,5.4,5.1,4.1,7.1,13,5.2,6.9,7.8,9.5,6.1,5.2,2.8,1.4,3.8,8.7,3,2.4,2.8,9.8,4.2,3.2,2,1.7,3.8,8.1,3,2.2,3.2,10.3,4.1,3.1,1.9,2,3.9,9.3,3,2.6,2.5,9.5,4.3,3.3,2,1.4,204098000
11/1/1997,5,11.5,4,3,3.3,11.8,5.4,3.9,2.3,1.8,5.1,11,4.2,2.7,3.7,13.3,5.4,4,2.4,2.2,5,12,3.8,3.1,2.9,10.8,5.4,3.9,2.2,1.6,10.2,23.8,7.7,4,5.8,20.6,10.7,7.1,4,3.1,10.1,21.7,8,3.8,6.8,21.9,10.6,7.4,3.9,2.7,10.3,26.1,7.3,4.3,4.8,19.4,10.8,6.8,4,3.7,7.9,14,6.2,6.6,6.9,11.1,7,5.4,3.8,2.6,9.2,15.8,7.6,6.4,6,14.3,8.3,5.4,5.1,4.2,7,12.9,5.2,6.7,7.4,9.4,6.1,5.3,2.6,1.6,3.9,8.9,3.1,2.5,2.9,10,4.2,3.2,2,1.7,3.8,8.2,3.1,2.3,3.4,10.5,4.1,3.2,2,2,3.9,9.5,3.1,2.7,2.5,9.6,4.3,3.3,2,1.4,203941000
10/1/1997,5.1,11.6,4,3,3.3,11.9,5.5,4,2.3,1.9,5.2,11.1,4.2,2.7,3.8,13.3,5.4,4.1,2.4,2.3,5,12.1,3.8,3.2,2.9,10.9,5.5,3.9,2.3,1.6,10.3,23.9,7.8,3.9,6,20.7,10.7,7.3,4,3.4,10.1,21.7,8,3.6,6.9,21.9,10.5,7.5,3.9,2.9,10.5,26.3,7.5,4.3,5.1,19.7,10.9,6.9,4,4.1,8,14.3,6.2,6.8,6.7,11.2,7.3,5.4,3.6,2.7,9.3,16.2,7.6,6.6,4.8,14.4,8.5,5.6,4.9,4,7.1,13.1,5.3,6.9,7.9,9.5,6.4,5.3,2.5,1.9,3.9,9,3.1,2.5,2.9,10,4.3,3.3,2,1.7,3.9,8.3,3.2,2.3,3.5,10.6,4.2,3.3,2,2.2,4,9.5,3.1,2.7,2.4,9.7,4.4,3.3,2.1,1.4,203767000
9/1/1997,5.1,11.7,4.1,3,3.3,11.9,5.5,4,2.4,1.9,5.3,11.3,4.3,2.8,3.8,13.3,5.5,4.2,2.4,2.3,5,12.1,3.9,3.2,3,11,5.5,3.9,2.3,1.6,10.4,24.1,7.8,3.7,6.1,20.8,10.8,7.3,3.8,3.5,10.2,22,8.1,3.3,6.9,21.7,10.8,7.6,3.8,2.8,10.6,26.5,7.5,4.2,5.3,20,10.9,7,3.9,4.5,8,14.3,6.3,7.1,6.2,11.2,7.2,5.5,3.5,3.1,9.4,16.5,7.6,7.1,4.3,14.5,8.4,5.7,4.9,4.5,7.1,12.9,5.3,7,7.5,9.4,6.4,5.4,2.4,2.3,4,9,3.2,2.5,2.9,10.1,4.3,3.3,2.1,1.7,3.9,8.4,3.2,2.4,3.6,10.6,4.2,3.3,2.1,2.1,4,9.6,3.1,2.7,2.5,9.7,4.4,3.3,2.1,1.4,203570000
8/1/1997,5.2,11.7,4.1,3,3.3,11.9,5.5,4.1,2.4,1.9,5.3,11.3,4.3,2.8,3.8,13.2,5.6,4.2,2.5,2.3,5.1,12.1,3.9,3.2,2.9,11,5.5,4,2.3,1.6,10.5,24.3,7.9,3.7,5.7,20.8,10.9,7.5,3.9,3.4,10.2,22.3,8.1,3.2,6.4,21.7,10.8,7.8,3.8,2.5,10.7,26.6,7.7,4.1,5,20.1,11,7.2,4,4.6,8.1,14.4,6.3,7.1,6.4,11.1,7.4,5.7,3.5,3.3,9.4,17,7.6,7,5.2,14.4,8.7,6,4.7,4.6,7.1,12.8,5.4,7.2,7.2,9.4,6.5,5.4,2.5,2.6,4,9,3.2,2.6,2.9,10.1,4.4,3.3,2.1,1.7,3.9,8.3,3.2,2.3,3.6,10.5,4.2,3.3,2.1,2.2,4,9.6,3.2,2.8,2.5,9.8,4.5,3.3,2.1,1.4,203364000
7/1/1997,5.2,11.8,4.1,3.1,3.3,12,5.6,4.1,2.4,2,5.3,11.4,4.3,2.9,3.8,13.4,5.6,4.2,2.5,2.3,5.1,12.1,3.9,3.3,3,11.1,5.5,4,2.3,1.7,10.6,24.7,8,3.5,5.2,21.2,10.9,7.7,3.8,3.6,10.3,22.9,8.2,3.1,5.6,22.1,10.8,7.9,3.9,2.4,10.8,26.8,7.8,4,4.7,20.4,11.1,7.4,3.7,5.1,8.2,14.6,6.4,7.3,6.7,11.3,7.5,5.8,3.6,3.4,9.6,17.2,7.7,7.3,5.6,14.6,8.7,6.4,4.7,4.4,7.2,13,5.5,7.2,7.4,9.6,6.6,5.3,2.6,2.8,4,9,3.2,2.6,2.9,10.1,4.4,3.3,2.1,1.7,3.9,8.3,3.2,2.4,3.5,10.5,4.3,3.3,2.1,2.1,4,9.6,3.2,2.8,2.5,9.9,4.5,3.4,2.1,1.4,203166000
6/1/1997,5.3,11.9,4.2,3.2,3.3,12.1,5.6,4.1,2.4,2,5.4,11.4,4.4,2.9,3.7,13.4,5.6,4.3,2.5,2.4,5.2,12.3,4,3.3,3,11.3,5.6,4,2.3,1.7,10.7,24.9,8.1,3.8,5,21.4,11.1,7.7,3.8,3.6,10.4,23,8.2,3.5,5.6,22.2,10.8,8,3.9,2.3,11,27,7.9,4.1,4.4,20.8,11.3,7.3,3.7,5.4,8.3,14.8,6.5,7.2,7.2,11.4,7.6,5.9,3.6,3.6,9.7,17.5,7.8,7.3,6.3,14.6,8.9,6.6,4.7,4.6,7.3,13.1,5.6,7.1,7.7,9.7,6.7,5.3,2.6,3,4,9,3.2,2.7,2.9,10.2,4.4,3.4,2.2,1.7,4,8.3,3.3,2.4,3.5,10.5,4.3,3.3,2.2,2.2,4.1,9.7,3.2,2.9,2.6,10,4.5,3.4,2.2,1.4,203000000
5/1/1997,5.3,11.9,4.2,3.2,3.3,12.2,5.6,4.2,2.5,2,5.4,11.5,4.4,3,3.7,13.4,5.7,4.3,2.6,2.4,5.2,12.3,4,3.4,3.1,11.4,5.6,4,2.4,1.7,10.7,24.8,8.1,3.7,4.6,21.4,11.1,7.6,3.8,3.6,10.4,23,8.2,3.4,5.2,22.2,10.8,8,3.9,2.4,11,26.7,8,4,4,20.8,11.3,7.1,3.7,5.2,8.4,15.1,6.6,7.2,7.1,11.5,7.8,6,3.6,3.4,9.8,17.6,7.9,7.5,6.1,14.8,9,6.7,4.8,3.9,7.4,13.5,5.6,7,7.7,9.8,6.9,5.4,2.7,3.1,4,9,3.2,2.7,3,10.2,4.4,3.4,2.2,1.7,4,8.3,3.3,2.5,3.4,10.4,4.3,3.3,2.2,2.2,4.1,9.7,3.2,2.9,2.6,10.1,4.5,3.5,2.2,1.4,202832000
4/1/1997,5.3,12,4.2,3.3,3.4,12.3,5.7,4.2,2.5,2,5.4,11.4,4.4,3.1,3.8,13.4,5.7,4.3,2.6,2.4,5.3,12.5,4.1,3.4,3.1,11.5,5.7,4.1,2.4,1.7,10.7,24.5,8.1,3.9,4.9,21.4,11.2,7.6,3.9,3.5,10.3,22.6,8.2,3.5,5.1,21.9,10.8,8,4,2.3,11.1,26.5,8.1,4.3,4.6,21,11.6,7,3.8,4.9,8.6,15.3,6.7,7.4,7.2,11.7,7.9,6.2,3.9,3.4,9.9,17.4,8,7.8,6,15,9.1,6.8,4.7,3.7,7.6,14,5.8,7.1,7.8,10,6.9,5.6,3.1,3.2,4.1,9.2,3.3,2.8,3,10.3,4.4,3.5,2.3,1.7,4,8.4,3.3,2.5,3.6,10.6,4.3,3.4,2.3,2.2,4.2,9.9,3.2,3,2.7,10.2,4.5,3.5,2.2,1.5,202674000
3/1/1997,5.4,12,4.3,3.3,3.5,12.4,5.7,4.3,2.5,2,5.4,11.4,4.4,3.1,3.8,13.5,5.6,4.4,2.6,2.4,5.3,12.6,4.1,3.4,3.3,11.6,5.8,4.2,2.5,1.7,10.7,24.4,8.2,4,4.7,21.4,11.3,7.6,3.8,3.5,10.3,22.6,8.2,3.5,4.5,21.9,10.8,8,3.9,2.4,11.2,26.3,8.3,4.6,4.8,20.9,11.8,7.3,3.7,4.8,8.7,15.3,6.8,7.4,7.9,11.8,8,6.1,3.8,3.3,10.1,17.3,8.2,7.8,6.8,15.4,9.1,6.9,4.5,3.3,7.7,13.9,5.9,7.1,8.5,10,7.2,5.4,3.3,3.3,4.1,9.2,3.3,2.8,3.1,10.4,4.4,3.5,2.3,1.8,4.1,8.4,3.3,2.6,3.6,10.6,4.3,3.4,2.3,2.2,4.2,10,3.3,2.9,2.8,10.3,4.6,3.6,2.3,1.5,202513000
2/1/1997,5.4,12.1,4.3,3.3,3.4,12.4,5.7,4.3,2.6,2,5.4,11.4,4.4,3.2,3.8,13.5,5.6,4.3,2.7,2.4,5.4,12.7,4.2,3.4,3.2,11.6,5.8,4.2,2.5,1.7,10.7,24.4,8.2,4.2,4.6,21.3,11.4,7.7,3.7,3.3,10.3,22.7,8.1,3.6,4.4,21.5,11,7.8,3.7,2.3,11.2,26.2,8.4,4.8,4.8,21,11.8,7.5,3.7,4.6,8.7,15.2,7,7.5,7.6,11.9,8.1,6.1,4,3.3,10.1,17.3,8.3,8,7.1,15.6,9.1,7,4.6,3.5,7.8,13.9,6,7.1,8,10.1,7.4,5.4,3.5,3.3,4.2,9.3,3.3,2.8,3.1,10.4,4.5,3.5,2.3,1.8,4.1,8.4,3.3,2.7,3.6,10.6,4.3,3.4,2.4,2.2,4.2,10.2,3.3,3,2.8,10.3,4.6,3.6,2.3,1.5,202389000
1/1/1997,5.4,12.1,4.3,3.4,3.4,12.4,5.8,4.3,2.6,2,5.4,11.3,4.4,3.4,3.7,13.5,5.7,4.3,2.7,2.3,5.4,12.8,4.2,3.4,3.3,11.7,5.8,4.3,2.5,1.8,10.6,24.2,8.2,4.2,4.6,20.8,11.5,7.7,3.7,3,10.1,22.4,7.9,3.7,4.5,21.1,11.1,7.6,3.5,1.9,11.3,26,8.4,4.8,4.7,20.7,11.8,7.7,3.9,4.3,8.9,15.4,7,7.5,7.9,12.1,8.3,6.1,4.3,3.2,10.2,17.5,8.4,8.3,7,15.8,9.2,6.8,5.1,2.8,7.9,14.1,6.2,7,8.5,10.2,7.6,5.5,3.7,3.4,4.2,9.4,3.3,2.9,3.1,10.5,4.5,3.6,2.4,1.8,4.1,8.4,3.4,2.8,3.5,10.6,4.3,3.4,2.4,2.2,4.3,10.3,3.3,3,2.8,10.4,4.6,3.7,2.3,1.6,202285000
12/1/1996,5.5,12.1,4.3,3.4,3.5,12.4,5.8,4.3,2.6,2,5.5,11.4,4.4,3.4,3.8,13.6,5.7,4.3,2.8,2.3,5.4,12.7,4.2,3.5,3.3,11.6,5.9,4.3,2.5,1.8,10.6,24,8.1,4.3,4.8,20.6,11.5,7.7,3.6,2.8,10,22.5,7.9,3.7,4.9,20.9,11.1,7.6,3.4,1.8,11.2,25.5,8.4,5,4.6,20.3,11.8,7.9,3.9,3.9,8.9,15.7,7.1,7.5,8.3,12.1,8.5,6.1,4.4,3.1,10.3,17.9,8.3,8.2,7.8,15.9,9.4,6.7,4.9,2.2,8.1,14.2,6.3,7.1,8.6,10.2,7.8,5.6,3.9,3.6,4.2,9.4,3.4,2.9,3.1,10.6,4.5,3.6,2.4,1.9,4.1,8.4,3.4,2.8,3.5,10.8,4.3,3.5,2.5,2.2,4.3,10.3,3.4,3,2.9,10.4,4.6,3.7,2.3,1.7,201636000
11/1/1996,5.5,12.1,4.3,3.5,3.5,12.5,5.8,4.3,2.7,2,5.5,11.4,4.4,3.5,3.7,13.6,5.7,4.3,2.8,2.3,5.5,12.8,4.3,3.5,3.3,11.8,5.9,4.4,2.5,1.8,10.5,23.8,8.1,4.5,4.8,20.4,11.5,7.8,3.5,2.5,9.9,22.3,7.7,4,4.6,20.6,11,7.6,3.3,1.7,11.2,25.3,8.5,5.1,4.9,20.3,11.9,8,3.8,3.5,9.1,15.9,7.2,7.6,8.3,12.4,8.6,6.2,4.5,3,10.4,18.2,8.4,8,7.9,16.2,9.4,6.7,5,2,8.3,14.5,6.5,7.3,8.5,10.5,8,5.8,4,3.6,4.2,9.4,3.4,2.9,3.1,10.7,4.5,3.6,2.4,1.9,4.1,8.5,3.4,2.9,3.4,10.8,4.3,3.5,2.5,2.2,4.3,10.3,3.4,3,2.9,10.6,4.6,3.7,2.3,1.7,201463000
10/1/1996,5.5,12.1,4.4,3.5,3.6,12.6,5.8,4.3,2.7,2,5.5,11.4,4.4,3.6,3.7,13.6,5.7,4.3,2.8,2.2,5.5,12.8,4.3,3.5,3.5,11.9,5.9,4.4,2.6,1.8,10.5,23.4,8,4.6,5.2,20.3,11.5,7.7,3.3,2.3,9.8,22.2,7.6,3.9,5.1,20.6,11,7.5,3,1.6,11.1,24.7,8.4,5.3,5.2,20.1,11.9,8,3.8,3,9.2,16,7.3,7.6,8.6,12.5,8.6,6.3,4.7,2.9,10.3,18.1,8.3,8.2,8.4,16.2,9.3,6.6,5.1,2.1,8.4,14.6,6.7,7.1,8.8,10.7,8.1,6.1,4.3,3.3,4.3,9.4,3.4,3,3.2,10.7,4.5,3.6,2.5,1.9,4.2,8.5,3.4,3,3.4,10.9,4.3,3.5,2.6,2.1,4.3,10.3,3.4,2.9,3,10.7,4.6,3.7,2.4,1.7,201273000
9/1/1996,5.5,12.2,4.4,3.5,3.6,12.7,5.8,4.4,2.7,2,5.5,11.4,4.4,3.6,3.7,13.7,5.7,4.3,2.9,2.3,5.5,12.8,4.3,3.5,3.5,12,5.9,4.5,2.6,1.8,10.4,23.2,8,4.5,5.3,20.4,11.4,7.7,3.3,2.1,9.8,22.1,7.6,3.7,5.5,20.6,10.9,7.5,3,1.8,11,24.4,8.4,5.3,5.2,20.2,11.8,7.9,3.9,2.5,9.3,16.1,7.4,7.6,8.9,12.7,8.6,6.5,4.8,2.7,10.4,18.2,8.4,8.3,8.9,16.3,9.3,6.7,5.1,1.7,8.6,14.8,6.8,7.2,8.9,10.9,8.1,6.2,4.5,3.2,4.3,9.5,3.4,3,3.2,10.8,4.5,3.6,2.5,1.9,4.2,8.6,3.4,3.1,3.3,10.9,4.3,3.5,2.7,2.2,4.4,10.4,3.4,3,3.1,10.8,4.6,3.8,2.3,1.8,201061000
8/1/1996,5.5,12.3,4.4,3.5,3.7,12.8,5.8,4.4,2.7,2,5.5,11.6,4.5,3.6,3.5,13.8,5.7,4.3,2.9,2.2,5.6,12.9,4.3,3.5,3.7,12.2,5.9,4.5,2.6,1.9,10.5,23.5,8,4.4,5.5,20.7,11.4,7.7,3.3,2.2,9.9,22.5,7.6,3.7,5.6,20.8,11.1,7.6,2.9,2.1,11,24.5,8.3,5.2,5.5,20.6,11.7,7.9,3.7,2.3,9.4,16.1,7.5,7.6,10.1,12.9,8.6,6.5,4.8,3,10.5,18.1,8.5,8.3,9.4,16.6,9.2,6.7,5.3,2.1,8.7,14.9,6.8,7.1,10.6,11,8.2,6.3,4.4,3.5,4.3,9.7,3.4,3,3.2,10.9,4.5,3.7,2.5,1.9,4.2,8.7,3.5,3.1,3.1,11,4.3,3.5,2.7,2.2,4.4,10.5,3.4,3,3.3,10.9,4.6,3.8,2.4,1.8,200847000
7/1/1996,5.6,12.4,4.4,3.6,3.7,12.9,5.8,4.4,2.8,2,5.6,11.7,4.5,3.7,3.6,13.8,5.7,4.4,3,2.3,5.6,13,4.4,3.5,3.8,12.3,5.9,4.5,2.6,1.9,10.5,23.8,7.9,4.4,5.9,21,11.4,7.7,3.2,2.1,9.9,22.5,7.5,3.8,6,20.7,11,7.6,2.8,2.4,11.2,25.1,8.4,5.1,5.8,21.2,11.7,7.9,3.8,1.8,9.5,16.1,7.6,7.6,10.6,12.9,8.8,6.5,4.8,3.4,10.4,17.8,8.5,8.4,9.9,16.6,9.2,6.5,5,2.2,8.8,15,7,7.1,11,11,8.5,6.5,4.6,4.1,4.4,9.7,3.5,3.1,3.2,11,4.5,3.7,2.6,2,4.3,8.8,3.5,3.2,3.1,11.1,4.4,3.6,2.8,2.2,4.4,10.5,3.4,3,3.3,10.9,4.6,3.8,2.4,1.8,200641000
6/1/1996,5.6,12.4,4.4,3.6,3.8,13,5.8,4.4,2.8,2.1,5.6,11.8,4.5,3.7,3.7,14,5.7,4.4,3,2.2,5.6,12.9,4.4,3.4,3.8,12.3,6,4.5,2.6,1.9,10.5,24,7.9,4.4,5.8,20.9,11.3,7.9,3.3,2.2,10,22.9,7.6,3.6,5.6,20.7,11.1,7.7,2.8,2.7,11.1,25.2,8.3,5.3,5.9,21.1,11.6,8.2,3.9,1.6,9.5,16,7.6,7.6,10.4,13,8.7,6.4,4.7,3.4,10.4,17.5,8.5,8.4,8.8,16.7,8.9,6.4,5,2,8.9,15,7,7.1,11.2,11.1,8.5,6.4,4.4,4.3,4.4,9.7,3.5,3.1,3.3,11.1,4.6,3.7,2.6,2,4.3,9,3.5,3.3,3.2,11.3,4.4,3.6,2.8,2.2,4.4,10.4,3.5,2.9,3.3,11,4.7,3.7,2.4,1.9,200459000
5/1/1996,5.6,12.4,4.5,3.6,3.8,13,5.9,4.5,2.8,2.1,5.6,11.8,4.5,3.7,3.7,14,5.8,4.5,3,2.3,5.7,12.9,4.4,3.4,3.9,12.4,6,4.5,2.6,2,10.6,24.2,7.9,4.3,6,21,11.2,8.1,3.4,2.2,10,23.3,7.6,3.5,5.8,20.9,11.1,7.8,2.9,2.9,11.2,25.3,8.3,5.2,6.2,21.1,11.4,8.5,4.2,1.5,9.5,15.9,7.7,7.4,10.8,13,8.6,6.6,4.6,3.5,10.3,17.3,8.5,8,9.3,16.5,8.8,6.7,4.8,1.9,8.9,15,7.1,7,11.5,11.2,8.5,6.5,4.5,4.4,4.4,9.7,3.5,3.1,3.3,11.1,4.6,3.7,2.6,2,4.4,9,3.6,3.3,3.3,11.3,4.5,3.7,2.8,2.2,4.4,10.4,3.5,3,3.4,11,4.7,3.7,2.4,1.9,200278000
4/1/1996,5.7,12.4,4.5,3.6,3.9,13,5.9,4.5,2.8,2.1,5.6,11.8,4.5,3.7,3.7,13.9,5.8,4.5,3,2.3,5.7,12.9,4.4,3.5,4,12.4,6,4.5,2.6,2,10.6,24.5,7.9,4.1,5.9,21.2,11.1,8.2,3.3,2.2,10,23.4,7.5,3.4,5.7,21,10.8,7.9,2.8,2.9,11.2,25.6,8.3,4.8,6.1,21.4,11.3,8.5,4,1.4,9.5,16,7.7,7.3,10.9,13,8.6,6.7,4.3,3.6,10.4,17.4,8.6,7.7,7.9,16.5,8.8,6.9,4.5,1.9,8.9,15.1,7.1,7,12.5,11.2,8.5,6.6,4.1,4.6,4.4,9.7,3.6,3.2,3.4,11.1,4.7,3.7,2.6,2,4.4,9,3.6,3.4,3.3,11.1,4.6,3.7,2.9,2.2,4.5,10.3,3.5,3,3.4,11,4.7,3.7,2.4,1.9,200101000
3/1/1996,5.7,12.4,4.5,3.6,3.9,13,5.9,4.5,2.8,2.1,5.7,11.9,4.6,3.7,3.6,13.9,5.8,4.6,3,2.3,5.7,12.8,4.4,3.5,4,12.4,6,4.5,2.7,2,10.6,24.5,7.9,4.1,6,21.3,11.1,8.1,3.4,2.3,10.1,23.6,7.6,3.6,5.6,20.9,10.9,8,2.9,3,11.1,25.4,8.2,4.8,6.4,21.6,11.2,8.4,4,1.5,9.5,15.8,7.7,7.4,10.9,12.9,8.6,6.8,4.2,3.7,10.4,17.2,8.7,7.6,7.2,16.4,8.8,7.1,4.6,2.2,8.9,14.9,7,7.3,13,11.1,8.5,6.6,3.9,4.5,4.5,9.7,3.6,3.2,3.3,11.1,4.7,3.7,2.7,2,4.4,9.1,3.6,3.4,3.2,11.1,4.6,3.7,2.9,2.2,4.5,10.3,3.6,3.1,3.4,11.1,4.8,3.7,2.5,1.9,199921000
2/1/1996,5.7,12.4,4.5,3.6,3.9,12.9,5.9,4.5,2.9,2.2,5.7,12,4.6,3.6,3.6,13.7,5.8,4.6,3,2.3,5.6,12.7,4.4,3.5,4.1,12.4,5.9,4.5,2.7,2,10.5,24.4,7.8,4.1,5.8,21.2,10.9,8,3.5,2.4,10.2,23.8,7.6,3.7,5.2,20.9,10.9,8,3.1,3.2,10.9,25,8.1,4.5,6.2,21.4,10.9,8.1,3.9,1.7,9.4,15.8,7.6,7.3,11.3,12.9,8.6,6.8,4.1,3.7,10.3,17,8.7,7,6.7,16.3,8.6,7.1,4.4,2.1,8.8,15.1,6.9,7.5,13.8,11.1,8.5,6.5,3.9,4.6,4.5,9.7,3.6,3.2,3.4,11,4.7,3.8,2.7,2,4.5,9.2,3.6,3.3,3.3,10.9,4.6,3.8,2.9,2.2,4.5,10.2,3.6,3.1,3.5,11.1,4.8,3.7,2.5,1.9,199773000
1/1/1996,5.7,12.3,4.5,3.6,3.9,12.9,5.9,4.5,2.9,2.2,5.7,11.9,4.6,3.5,3.7,13.7,5.8,4.7,3,2.4,5.6,12.6,4.4,3.6,4.1,12.5,5.9,4.4,2.7,2,10.5,24.4,7.8,4.2,5.9,21.3,10.8,8.1,3.5,2.8,10.2,23.9,7.7,3.8,5.3,20.9,10.9,8.2,3.2,3.4,10.8,25,8,4.5,6.4,21.7,10.7,7.9,3.9,2.2,9.4,15.7,7.6,7,11.2,12.9,8.5,6.7,4,3.6,10.2,17,8.6,6.4,6.7,16.2,8.6,7.1,4.3,2.2,8.8,15,6.9,7.5,13.7,11.2,8.4,6.5,3.7,4.4,4.5,9.6,3.6,3.2,3.4,11,4.7,3.7,2.7,2,4.5,9.1,3.6,3.2,3.4,10.9,4.7,3.8,2.9,2.3,4.5,10.1,3.6,3.1,3.4,11.1,4.8,3.7,2.5,1.9,199634000
12/1/1995,5.7,12.2,4.5,3.6,3.9,12.9,5.9,4.5,2.9,2.1,5.7,11.8,4.6,3.6,3.6,13.5,5.8,4.6,3,2.4,5.6,12.6,4.4,3.6,4.2,12.5,5.9,4.4,2.7,2,10.5,24.3,7.9,4.1,5.9,21.1,10.8,8,3.7,3,10.2,23.6,7.8,3.8,4.8,20.6,10.9,8.2,3.3,3.5,10.8,24.9,8,4.4,6.9,21.6,10.7,7.8,4.1,2.4,9.4,15.6,7.7,7.5,10.9,13.1,8.5,6.7,4.1,3.5,10.2,16.6,8.7,6.7,6,16.2,8.6,7.1,4.5,2.2,8.9,14.9,7,8,13.6,11.5,8.5,6.4,3.6,4.2,4.5,9.6,3.6,3.2,3.4,10.9,4.7,3.7,2.7,2,4.4,9,3.6,3.2,3.4,10.7,4.7,3.8,2.9,2.2,4.5,10.1,3.6,3.1,3.5,11.1,4.8,3.7,2.5,1.8,199508000
11/1/1995,5.6,12.1,4.5,3.6,4,12.9,5.9,4.5,2.9,2.2,5.7,11.7,4.6,3.6,3.6,13.4,5.8,4.6,3,2.4,5.6,12.5,4.4,3.6,4.2,12.5,5.9,4.4,2.7,2,10.5,24.2,7.9,4,6.2,20.9,10.8,7.9,3.6,3.3,10.3,23.9,7.9,3.7,5.2,20.6,11.1,8.2,3.3,3.9,10.7,24.6,7.8,4.4,7.1,21.2,10.6,7.6,4,2.7,9.4,15.5,7.7,7.4,10.7,13.1,8.5,6.8,4.1,3.4,10.2,16.4,8.7,7.1,5.9,16.1,8.6,7.2,4.5,2,8.9,14.9,7,7.6,13.4,11.5,8.4,6.4,3.7,4.1,4.4,9.5,3.6,3.2,3.4,10.8,4.7,3.7,2.7,2,4.4,8.9,3.6,3.2,3.4,10.5,4.7,3.8,2.9,2.2,4.5,10,3.5,3.2,3.5,11,4.8,3.7,2.5,1.8,199355000
10/1/1995,5.6,12.1,4.5,3.6,3.9,12.8,5.9,4.5,2.8,2.2,5.7,11.7,4.6,3.6,3.6,13.4,5.9,4.7,3,2.4,5.6,12.4,4.4,3.7,4.2,12.4,5.9,4.3,2.7,2,10.6,24.4,7.9,4.2,6.1,20.9,11,8,3.8,3.4,10.5,24.1,8,3.8,5.2,20.4,11.2,8.3,3.6,3.9,10.8,24.7,7.9,4.6,6.9,21.3,10.7,7.7,3.9,2.8,9.4,15.4,7.7,7.4,10.4,13.1,8.5,6.7,4,3.4,10.3,16.5,8.9,6.9,6.1,16.2,8.9,7.2,4.4,2,8.8,14.7,6.9,7.8,12.8,11.4,8.2,6.2,3.6,4.1,4.4,9.4,3.6,3.2,3.5,10.8,4.7,3.7,2.6,2,4.4,8.9,3.6,3.2,3.4,10.5,4.7,3.8,2.8,2.2,4.4,9.9,3.5,3.2,3.5,11,4.7,3.7,2.5,1.8,199192000
9/1/1995,5.7,12,4.5,3.7,4,12.8,5.9,4.5,2.8,2.2,5.7,11.7,4.6,3.6,3.6,13.4,5.9,4.7,3,2.4,5.6,12.3,4.4,3.8,4.2,12.4,5.9,4.4,2.7,2,10.7,24.5,8,4.4,6.2,20.8,11.1,8.1,3.8,3.3,10.5,24.2,8,4.1,5,20.5,11.2,8.5,3.7,3.9,10.9,24.7,8,4.7,7.2,21.1,10.9,7.7,4,2.7,9.4,15.3,7.7,7.5,10.1,13.1,8.4,6.8,3.9,3.2,10.3,16.5,8.9,6.9,5.9,16.4,8.9,7.1,4.4,2,8.8,14.5,6.9,7.9,12.6,11.4,8.1,6.4,3.5,3.9,4.4,9.4,3.6,3.2,3.5,10.8,4.7,3.7,2.6,1.9,4.4,8.9,3.6,3.2,3.4,10.5,4.7,3.8,2.8,2.2,4.5,9.8,3.6,3.3,3.6,10.9,4.8,3.7,2.5,1.8,199005000
8/1/1995,5.7,12,4.6,3.7,3.9,12.8,5.9,4.6,2.9,2.1,5.7,11.6,4.7,3.6,3.7,13.5,5.8,4.8,3,2.4,5.6,12.3,4.4,3.8,4.1,12.4,5.9,4.4,2.7,2,10.7,23.9,8.1,4.6,6,20.5,11,8.2,3.9,3.4,10.4,23.6,8,4.4,5.2,20.3,11,8.4,3.6,3.9,10.9,24.3,8.1,4.7,6.7,20.7,11,7.8,4.1,2.8,9.5,15.4,7.8,7.6,9.1,13.2,8.4,6.9,4,3,10.5,16.7,9,6.9,4.2,16.7,8.7,7.3,4.5,2.5,8.8,14.6,6.9,8.2,12,11.5,8.1,6.5,3.6,3.3,4.5,9.3,3.6,3.3,3.5,10.8,4.7,3.8,2.6,1.9,4.4,8.8,3.7,3.1,3.5,10.6,4.7,3.9,2.8,2.2,4.5,9.8,3.6,3.4,3.4,10.9,4.8,3.7,2.5,1.8,198801000
7/1/1995,5.7,11.9,4.6,3.7,3.9,12.8,5.9,4.6,2.9,2.1,5.7,11.6,4.7,3.6,3.7,13.5,5.9,4.8,3,2.4,5.7,12.2,4.5,3.9,4.1,12.4,5.9,4.5,2.8,1.9,10.6,23.6,8.1,4.8,6,20.1,11,8.3,3.8,3.3,10.4,23.4,8,4.8,4.7,19.9,11.1,8.5,3.5,3.7,10.9,23.9,8.2,4.7,7.2,20.3,11,8,4,2.9,9.5,15.4,7.8,7.6,9,13.3,8.3,6.8,4.2,2.5,10.5,16.7,9.1,6.5,3.5,16.6,8.9,7.3,4.9,2.5,8.8,14.5,6.9,8.3,12.3,11.6,7.9,6.5,3.6,2.5,4.5,9.3,3.6,3.3,3.5,10.8,4.8,3.8,2.7,1.9,4.5,8.9,3.7,3.1,3.6,10.7,4.7,3.9,2.8,2.1,4.5,9.8,3.6,3.4,3.4,10.9,4.8,3.7,2.6,1.8,198615000
6/1/1995,5.7,11.9,4.6,3.7,4,12.9,5.9,4.6,2.9,2.1,5.7,11.5,4.7,3.5,3.7,13.5,5.9,4.8,3,2.3,5.7,12.3,4.5,3.9,4.2,12.4,6,4.5,2.8,1.9,10.6,23.4,8.1,4.6,6.8,20.1,11,8.1,3.8,3.3,10.3,23.1,7.9,4.6,4.6,19.6,11,8.3,3.6,3.6,10.9,23.6,8.3,4.6,8.9,20.5,11,7.9,4,3,9.6,15.5,7.9,7.4,9.1,13.3,8.5,7,4.2,2.3,10.5,16.6,9.2,6.5,3.9,16.5,9.1,7.5,4.7,2.6,8.9,14.8,7,8.1,12.4,11.8,8,6.6,3.8,2.2,4.5,9.4,3.7,3.3,3.4,10.8,4.8,3.9,2.7,1.9,4.5,8.8,3.7,3.1,3.6,10.8,4.7,3.9,2.8,2,4.5,9.9,3.6,3.5,3.3,10.9,4.9,3.8,2.6,1.8,198453000
5/1/1995,5.8,12,4.7,3.7,3.9,13,6,4.7,2.9,2,5.8,11.6,4.8,3.5,3.7,13.6,5.9,4.8,3,2.3,5.8,12.4,4.6,3.9,4.1,12.6,6,4.5,2.9,1.9,10.7,23.5,8.1,4.8,6.7,20.3,11.1,8.1,3.7,3.2,10.3,23.3,7.9,4.6,4.2,19.6,11.2,8.3,3.6,3.3,11,23.6,8.3,4.9,9.1,20.9,11.1,7.9,3.9,3.1,9.7,15.8,8,7.4,8.8,13.5,8.6,7,4.3,2.5,10.6,16.7,9.2,6.7,3.9,16.7,9.2,7.4,4.5,3.3,9,15.2,7.1,8,11.9,11.9,8.2,6.6,4.1,2,4.5,9.4,3.7,3.3,3.5,10.9,4.8,3.9,2.7,1.9,4.5,8.8,3.7,3.1,3.6,10.9,4.7,4,2.8,2,4.6,9.9,3.7,3.5,3.3,10.9,4.9,3.8,2.6,1.7,198286000
4/1/1995,5.8,12.1,4.7,3.8,3.9,13,6,4.7,2.9,2,5.8,11.6,4.8,3.5,3.7,13.7,6,4.8,3,2.3,5.8,12.5,4.6,4,4.1,12.6,6,4.6,2.8,1.9,10.8,23.7,8.2,4.9,6.7,20.4,11.3,8.3,3.6,3.4,10.5,23.7,8.1,4.7,4.3,19.7,11.5,8.4,3.6,3.4,11.1,23.8,8.4,5.2,9,20.9,11.1,8.2,3.8,3.3,9.7,15.7,8,7.2,8.3,13.5,8.7,6.9,4.3,2.6,10.6,16.6,9.2,6.6,4,16.5,9.3,7.4,4.6,3.8,9,15.1,7.2,7.6,10.9,11.9,8.3,6.5,4.1,1.8,4.6,9.4,3.7,3.3,3.5,11,4.8,3.9,2.7,1.8,4.5,8.7,3.8,3.1,3.6,11,4.7,4,2.8,2,4.6,10,3.7,3.5,3.3,10.9,4.9,3.9,2.6,1.7,198148000
3/1/1995,5.8,12.2,4.7,3.8,3.9,13.2,6,4.8,2.9,2,5.8,11.6,4.8,3.5,3.9,13.8,6,4.9,3,2.2,5.8,12.7,4.6,4,4,12.8,6.1,4.6,2.8,1.9,10.9,23.9,8.3,4.9,6.8,20.7,11.4,8.3,3.7,3.4,10.6,23.6,8.2,4.4,4.3,20.1,11.5,8.4,3.6,3.4,11.2,24.1,8.5,5.4,9.4,21.2,11.3,8.1,3.7,3.5,9.8,16,8.1,7.1,8.2,13.6,8.8,7,4.4,2.8,10.7,17.1,9.2,6.7,4.2,16.4,9.5,7.5,4.8,3.7,9.2,15.4,7.3,7.4,10.7,12.2,8.4,6.6,4.1,2.2,4.6,9.5,3.7,3.4,3.5,11.1,4.8,4,2.7,1.8,4.5,8.7,3.8,3.1,3.8,11.2,4.7,4,2.8,2,4.6,10.1,3.7,3.6,3.2,11.1,5,3.9,2.6,1.7,198007000
2/1/1995,5.9,12.3,4.8,3.9,4,13.4,6.2,4.8,2.9,2,5.9,11.6,4.9,3.7,3.9,14,6.1,4.9,3,2.3,5.9,12.8,4.7,4.1,4,12.9,6.2,4.7,2.8,1.9,11.1,24.1,8.6,4.9,6.9,20.9,11.7,8.4,3.7,3.5,10.8,23.7,8.4,4.4,4.5,20.6,11.8,8.5,3.7,3.4,11.5,24.4,8.7,5.5,9.5,21.1,11.7,8.4,3.7,3.5,9.8,15.9,8.2,7.3,8.4,13.6,8.9,7.1,4.4,2.9,10.7,16.9,9.3,7,4.1,16.3,9.6,7.7,4.9,3.8,9.3,15.3,7.5,7.5,11.3,12.3,8.4,6.6,4,2.4,4.7,9.6,3.8,3.5,3.5,11.3,4.9,4,2.7,1.8,4.6,8.8,3.8,3.3,3.8,11.5,4.8,4,2.8,2,4.7,10.3,3.8,3.7,3.2,11.3,5.1,4,2.6,1.7,197886000
1/1/1995,6,12.4,4.9,4,4,13.4,6.3,4.9,3,2,6,11.7,5,3.8,3.8,14.2,6.1,5,3.1,2.2,6.1,13,4.8,4.3,4.1,12.9,6.4,4.9,2.9,1.9,11.3,24.2,8.8,5.1,6.8,21,12.1,8.7,3.7,3.3,10.9,23.8,8.6,4.4,4.6,20.8,12,8.6,3.8,3.2,11.8,24.6,9.1,5.8,9.2,21.2,12.2,8.8,3.6,3.4,9.9,15.8,8.3,7.4,8,13.7,9,7.3,4.6,3.2,10.7,16.7,9.3,7.1,3.9,16.3,9.3,7.8,5.1,3.7,9.4,15.3,7.6,7.6,10.8,12.3,8.7,6.9,4.1,2.9,4.8,9.8,3.9,3.6,3.5,11.4,5.1,4.1,2.7,1.8,4.7,8.9,3.9,3.4,3.7,11.6,4.8,4.1,2.8,2,4.8,10.6,3.8,3.8,3.3,11.3,5.2,4.1,2.7,1.7,197753000
12/1/1994,6.1,12.5,5,4.1,4,13.6,6.4,5,3,2,6.1,11.8,5.1,3.8,3.9,14.4,6.2,5.1,3.1,2.3,6.2,13.2,4.9,4.4,4,13,6.6,5,2.9,1.9,11.5,24.6,9,5.3,6.5,21.4,12.3,8.9,3.7,3.3,11.1,23.9,8.7,4.7,4.6,21.2,12.1,8.8,3.9,3.1,12,25.2,9.3,5.9,8.6,21.6,12.5,9.1,3.5,3.4,9.9,15.8,8.4,7.2,7.7,13.6,8.9,7.5,4.5,3.4,10.7,16.6,9.3,6.8,4.2,16.4,9.1,7.9,5.1,3.6,9.4,15.3,7.7,7.5,10.2,12.2,8.7,7.2,4.1,3.3,4.8,9.9,3.9,3.7,3.5,11.6,5.1,4.2,2.8,1.9,4.7,9,4,3.4,3.8,11.8,4.9,4.2,2.9,2.1,4.9,10.8,3.9,3.9,3.3,11.5,5.4,4.1,2.7,1.7,197765000
11/1/1994,6.2,12.6,5.1,4.2,4,13.7,6.5,5.1,3.1,2.1,6.1,11.8,5.1,3.8,4,14.5,6.2,5.2,3.1,2.3,6.3,13.3,5,4.5,4,13.2,6.7,5,3,1.9,11.7,24.9,9.2,5.6,6.2,21.6,12.5,9.2,3.7,3.3,11.2,24,8.9,5,4.4,21.2,12.3,9.1,3.8,3,12.3,25.7,9.5,6.2,8.4,22,12.7,9.3,3.6,3.6,10,15.7,8.5,7.3,8.2,13.8,8.9,7.4,4.6,3.8,10.7,16.5,9.4,6.2,4.5,16.6,9,7.8,5,3.8,9.6,15.2,7.8,8.1,10.7,12.4,8.8,7.1,4.2,3.8,4.9,10,4,3.7,3.6,11.7,5.2,4.2,2.8,1.9,4.8,9.1,4,3.5,3.8,11.9,4.9,4.3,2.9,2.1,5,10.9,4,3.9,3.3,11.5,5.5,4.2,2.8,1.7,197607000
10/1/1994,6.3,12.7,5.1,4.2,3.9,13.8,6.6,5.2,3.1,2.2,6.2,11.9,5.2,3.8,3.8,14.6,6.3,5.2,3.2,2.4,6.4,13.4,5.1,4.5,3.9,13.3,6.9,5.1,3,2,11.9,25.3,9.3,5.6,6,21.8,12.7,9.4,3.7,3.4,11.3,24.3,9,5.1,3.9,21.6,12.3,9.3,3.7,3,12.5,26.4,9.6,6.1,8.3,22.1,13,9.5,3.8,3.9,10.1,15.9,8.6,7.2,8.3,13.9,9.1,7.5,4.7,4.3,10.8,16.8,9.4,6.3,3.9,16.7,9.1,7.8,5.1,4.4,9.7,15.3,8,7.9,11.2,12.5,9,7.3,4.4,4.1,5,10.1,4.1,3.8,3.4,11.8,5.3,4.3,2.9,1.9,4.8,9,4.1,3.5,3.8,12,5,4.3,2.9,2.2,5.1,11,4.1,4,3.2,11.6,5.6,4.2,2.8,1.8,197430000
9/1/1994,6.3,12.8,5.2,4.3,3.8,13.9,6.7,5.3,3.1,2.2,6.2,11.9,5.3,3.9,3.7,14.6,6.3,5.4,3.2,2.5,6.4,13.5,5.2,4.6,3.8,13.4,7,5.2,3.1,2.1,11.9,25.3,9.4,5.8,5.6,21.8,12.7,9.4,3.8,3.5,11.3,24.1,9,5.3,3.7,21.5,12.3,9.3,3.8,2.9,12.6,26.6,9.7,6.3,7.9,22.1,13.1,9.6,3.9,4.3,10.3,16.3,8.7,7.3,8.8,14.1,9.3,7.6,4.9,4.5,10.9,17.1,9.6,6.5,4,16.8,9.3,8,5.3,5,9.9,15.8,8.1,7.8,11.8,12.8,9.2,7.3,4.6,4.2,5,10.1,4.2,3.9,3.3,11.8,5.4,4.4,2.9,2,4.9,9.1,4.2,3.6,3.6,12.1,5,4.4,2.9,2.3,5.1,11,4.1,4.1,3.1,11.7,5.7,4.3,2.8,1.8,197248000
8/1/1994,6.4,12.8,5.3,4.4,3.8,13.9,6.7,5.3,3.2,2.3,6.3,11.9,5.3,4,3.6,14.6,6.4,5.4,3.2,2.5,6.5,13.7,5.3,4.7,3.9,13.5,7.1,5.2,3.1,2.2,12.1,25.6,9.5,5.9,5.5,22,12.8,9.4,4,3.5,11.4,24,9.2,5.2,3.2,21.5,12.4,9.3,4,2.7,12.7,27.1,9.8,6.6,8.2,22.5,13.3,9.6,4.1,4.3,10.3,16.2,8.7,7.5,9.1,14,9.4,7.7,4.9,4.4,10.9,17.1,9.5,7.1,4.7,16.7,9.5,8,5.4,4.7,9.9,15.7,8.2,7.8,11.8,12.7,9.3,7.4,4.5,4.3,5.1,10.1,4.2,4,3.3,11.9,5.5,4.4,2.9,2.1,4.9,9.1,4.2,3.6,3.6,12.1,5.1,4.5,2.9,2.3,5.2,11.1,4.2,4.2,3.1,11.8,5.8,4.4,2.9,1.9,197043000
7/1/1994,6.5,12.8,5.3,4.4,3.7,13.9,6.8,5.4,3.1,2.3,6.3,11.9,5.4,4,3.4,14.5,6.4,5.5,3.2,2.5,6.6,13.7,5.3,4.8,3.8,13.5,7.1,5.4,3.1,2.2,12.1,25.5,9.6,5.9,5.2,21.9,12.9,9.6,4.1,3.7,11.5,24,9.4,5,2.9,21.6,12.4,9.5,4,3,12.8,27,9.8,6.8,7.7,22.2,13.3,9.7,4.3,4.4,10.3,16.3,8.7,7.7,8.6,14,9.3,7.7,4.7,4.5,10.9,17.1,9.4,7.4,4.7,16.7,9.4,8,5.1,5.1,9.9,15.7,8.2,8,10.9,12.7,9.3,7.5,4.3,4.1,5.2,10.2,4.3,4,3.2,11.9,5.5,4.5,2.9,2.1,5,9.1,4.3,3.6,3.4,11.9,5.1,4.5,2.9,2.3,5.3,11.2,4.3,4.3,3.1,12,5.9,4.5,2.9,1.9,196859000
6/1/1994,6.5,12.9,5.4,4.5,3.5,13.9,6.9,5.5,3.2,2.3,6.4,11.9,5.4,4.1,3.3,14.5,6.5,5.5,3.2,2.6,6.7,13.7,5.4,4.9,3.6,13.5,7.2,5.5,3.2,2.2,12.3,25.6,9.8,6.1,4.2,21.9,13.1,9.7,4.2,3.7,11.8,24.3,9.6,5.3,3,21.7,12.7,9.7,3.9,2.8,12.8,27,10,6.8,5.6,22,13.4,9.7,4.5,4.7,10.4,16.1,8.8,8.4,7.8,14.1,9.4,7.7,4.7,4.4,11,17.2,9.4,7.9,4.1,16.9,9.4,7.9,5.2,5,10,15.5,8.3,8.7,10.1,12.8,9.4,7.5,4.4,3.9,5.2,10.2,4.4,4,3.1,12,5.6,4.6,2.9,2.1,5,9,4.3,3.7,3.2,11.8,5.2,4.6,2.9,2.4,5.4,11.3,4.4,4.3,3,12.1,6,4.6,2.9,1.9,196693000
5/1/1994,6.6,13,5.5,4.6,3.4,14,7,5.6,3.2,2.3,6.4,11.9,5.5,4.1,3.2,14.4,6.6,5.6,3.2,2.6,6.8,13.9,5.5,5,3.6,13.7,7.3,5.6,3.2,2.2,12.5,25.9,9.9,6.2,4.2,22.1,13.2,9.9,4.2,3.9,11.9,24.5,9.7,5.3,3.2,22,12.9,9.8,3.9,2.9,13,27.3,10.2,7.1,5.2,22.2,13.6,10.1,4.6,5,10.3,15.9,8.8,8.5,8.1,14,9.5,7.5,4.7,4.1,10.9,17.3,9.3,7.7,3.8,16.6,9.5,7.8,5.4,4.4,10,15.1,8.4,9,10.8,12.8,9.6,7.3,4.2,3.9,5.3,10.4,4.4,4.1,3,12.1,5.7,4.7,2.9,2.1,5,9.1,4.4,3.7,3.2,11.8,5.2,4.6,2.9,2.4,5.5,11.5,4.5,4.4,3,12.3,6.1,4.7,2.9,1.9,196510000
4/1/1994,6.7,13.1,5.6,4.6,3.3,14.1,7.1,5.7,3.2,2.4,6.5,12.1,5.5,4.1,3.1,14.5,6.7,5.6,3.2,2.7,6.9,14,5.6,5,3.5,13.8,7.5,5.7,3.2,2.2,12.6,26.1,10,6.5,3.9,22.3,13.4,9.9,4.4,3.7,12,24.8,9.7,5.3,3.2,22.2,13.1,9.7,3.9,2.8,13.2,27.5,10.3,7.7,4.7,22.4,13.7,10.2,4.9,4.8,10.4,16.1,8.8,8.6,8,14.1,9.6,7.6,4.6,4.1,10.9,17.5,9.3,7.4,3.7,16.7,9.4,7.8,5.3,4.3,10.1,15.2,8.5,9.4,10.7,12.9,9.7,7.5,4.1,4,5.4,10.5,4.5,4.1,3,12.2,5.8,4.7,3,2.1,5.1,9.2,4.4,3.7,3.1,11.9,5.3,4.7,3,2.5,5.6,11.6,4.6,4.4,2.9,12.3,6.3,4.8,2.9,1.9,196363000
3/1/1994,6.7,13.1,5.6,4.6,3.2,14.1,7.2,5.7,3.3,2.4,6.5,12.1,5.6,4.1,3,14.5,6.7,5.6,3.2,2.7,6.9,14.1,5.7,5.1,3.4,13.8,7.6,5.8,3.3,2.2,12.7,26.5,10.1,6.8,3.6,22.4,13.5,10.1,4.4,3.8,12,25,9.8,5.5,3.4,22.2,13.3,9.7,3.7,3.1,13.5,27.9,10.6,8.1,3.8,22.7,13.8,10.6,5.1,4.7,10.4,15.9,8.9,8.5,7.4,14,9.6,7.7,4.7,4,10.7,17.2,9.2,7.1,3.1,16.5,9.4,7.7,5.2,4.3,10.2,15.1,8.6,9.5,10.1,12.8,9.9,7.7,4.2,3.9,5.4,10.5,4.6,4.1,2.9,12.2,5.8,4.8,3,2.2,5.1,9.2,4.5,3.7,3,11.9,5.3,4.7,3,2.5,5.6,11.7,4.7,4.4,2.9,12.4,6.3,4.9,3,1.9,196213000
2/1/1994,6.8,13.2,5.7,4.6,3.2,14.1,7.2,5.7,3.3,2.4,6.5,12.1,5.6,4,3,14.5,6.7,5.6,3.2,2.8,7,14.1,5.8,5.1,3.4,13.9,7.7,5.8,3.4,2.2,12.8,26.8,10.2,6.9,3.8,22.6,13.6,10.1,4.3,3.9,12,25.1,9.7,5.3,3.4,22,13.1,9.7,3.5,3.2,13.7,28.5,10.7,8.6,4.3,23,14.1,10.7,5.2,4.7,10.5,16.3,9,8.2,6.5,14.1,9.7,7.8,4.6,3.8,10.9,17.8,9.3,7.1,2.7,16.6,9.4,7.8,5.2,4.3,10.2,15.3,8.8,9,8.9,12.9,10,7.8,4.1,3.5,5.5,10.5,4.6,4.1,2.9,12.2,5.9,4.8,3.1,2.2,5.1,9.2,4.5,3.7,2.9,11.9,5.3,4.7,3.1,2.6,5.7,11.6,4.8,4.4,2.9,12.4,6.4,4.9,3.1,1.9,196090000
1/1/1994,6.8,13.3,5.8,4.6,3.2,14.2,7.2,5.8,3.3,2.5,6.5,12.2,5.6,4,3,14.4,6.7,5.7,3.3,2.9,7.1,14.3,5.9,5.1,3.2,14.1,7.7,5.9,3.4,2.3,12.9,27.1,10.1,7,3.7,22.5,13.6,10.3,4.3,3.8,12,25.4,9.7,5.4,3.3,22,13.2,9.9,3.5,3.2,13.7,28.8,10.6,8.7,4.2,23,14,10.8,5.2,4.4,10.6,16.6,9,8.4,6.1,14.3,9.9,7.9,4.5,3.6,10.9,17.9,9.3,7.5,2.3,16.6,9.6,8,4.8,4.3,10.4,15.8,8.8,9.1,8.6,13.2,10.1,7.8,4.2,3,5.5,10.5,4.7,4,2.9,12.3,5.9,4.9,3.1,2.3,5.2,9.3,4.5,3.6,3,11.8,5.3,4.8,3.1,2.6,5.8,11.6,4.9,4.3,2.8,12.6,6.4,5,3.1,2,195953000
12/1/1993,6.9,13.4,5.8,4.6,3.1,14.3,7.3,5.9,3.4,2.5,6.6,12.3,5.6,4,3,14.5,6.8,5.7,3.3,2.8,7.2,14.3,6,5.1,3.1,14.2,7.8,6,3.5,2.3,13,27.2,10.2,7,3.8,22.7,13.7,10.3,4.4,3.7,12.2,25.8,9.8,5.2,3.5,22.3,13.3,10,3.5,3.2,13.8,28.7,10.7,8.8,4.2,23.1,14.1,10.7,5.3,4.2,10.7,16.8,9.1,8.2,5.9,14.4,10.1,7.8,4.4,3.5,10.9,17.9,9.2,7.5,1.9,16.5,9.7,8,4.6,4.2,10.5,16.1,8.9,8.7,8.5,13.4,10.3,7.7,4.3,2.9,5.5,10.5,4.8,4,2.8,12.3,6,4.9,3.1,2.3,5.2,9.3,4.6,3.6,3,11.9,5.4,4.8,3.1,2.6,5.8,11.6,4.9,4.4,2.7,12.6,6.5,5.1,3.1,2.1,195794000
11/1/1993,7,13.5,5.9,4.7,3.1,14.4,7.4,5.9,3.4,2.5,6.7,12.5,5.7,4,3.1,14.7,6.9,5.8,3.4,2.8,7.3,14.5,6.1,5.2,3,14.3,7.8,6.1,3.5,2.3,13.2,27.7,10.4,6.9,3.8,23,13.9,10.4,4.5,3.4,12.3,26.3,9.9,5.1,3.5,22.6,13.5,10.1,3.7,2.9,14,29,10.9,8.7,4.1,23.3,14.4,10.8,5.5,3.8,10.8,17.1,9.1,8.3,5.3,14.5,10.2,8,4.4,3.4,11.1,18.3,9.3,8,1.7,16.6,9.9,8.1,4.7,4.4,10.6,16.3,9,8.5,7.6,13.5,10.4,7.9,4.2,2.7,5.6,10.6,4.8,4.1,2.8,12.4,6,5,3.2,2.3,5.3,9.4,4.6,3.6,3.1,12,5.4,4.8,3.2,2.6,5.9,11.7,5,4.5,2.6,12.6,6.5,5.2,3.2,2.1,195625000
10/1/1993,7.1,13.7,6,4.7,3.1,14.6,7.5,6,3.5,2.5,6.7,12.6,5.7,4,3.2,14.9,6.9,5.8,3.4,2.8,7.4,14.6,6.2,5.2,3,14.4,7.9,6.2,3.6,2.3,13.3,27.7,10.5,6.9,4,23.2,14.1,10.4,4.6,3.2,12.5,26.2,10.1,5.1,3.6,22.8,13.6,10.1,3.8,2.8,14.1,29.2,10.9,8.7,4.4,23.4,14.5,10.9,5.6,3.6,10.9,17.3,9.2,8.6,5.4,14.8,10.2,8,4.4,3.4,11.2,18.7,9.3,7.9,1.8,17,9.8,8.2,4.9,4.3,10.8,16.5,9.1,9,7.6,13.8,10.5,7.8,4,2.7,5.7,10.7,4.9,4.1,2.9,12.5,6.1,5,3.3,2.3,5.3,9.5,4.6,3.6,3.3,12.2,5.4,4.8,3.3,2.6,6,11.8,5.1,4.5,2.6,12.7,6.6,5.2,3.3,2.2,195444000
9/1/1993,7.1,13.7,6,4.7,3.2,14.7,7.5,6,3.6,2.5,6.7,12.7,5.8,4,3.3,15,6.9,5.8,3.5,2.8,7.4,14.7,6.2,5.3,3.1,14.5,8,6.2,3.7,2.3,13.5,28.1,10.7,6.8,3.9,23.4,14.3,10.6,4.6,3.2,12.6,26.7,10.2,4.9,3.5,23.3,13.8,10.1,3.8,2.9,14.4,29.4,11.2,8.6,4.4,23.5,14.8,11.2,5.6,3.6,11,17.2,9.3,8.5,5.3,14.9,10.2,7.9,4.3,3.3,11.3,18.7,9.4,7.8,1.8,17.3,9.7,8.1,4.9,4.3,10.8,16.3,9.2,9.1,7.5,13.7,10.6,7.7,3.8,2.6,5.7,10.7,4.9,4.1,3,12.6,6.1,5.1,3.4,2.4,5.3,9.5,4.6,3.6,3.4,12.2,5.4,4.8,3.3,2.6,6,11.8,5.2,4.6,2.7,12.8,6.7,5.3,3.4,2.2,195259000
8/1/1993,7.2,13.9,6.1,4.7,3.2,14.8,7.6,6,3.6,2.5,6.8,12.9,5.8,4,3.4,15.2,7,5.8,3.5,2.8,7.5,14.8,6.3,5.3,3,14.6,8.1,6.3,3.7,2.4,13.6,28.5,10.8,6.6,4.1,23.4,14.4,10.7,4.5,3.4,12.8,27.4,10.2,4.5,3.8,23.5,13.9,10.2,3.7,2.9,14.5,29.5,11.3,8.6,4.5,23.4,14.9,11.4,5.5,3.9,11.1,17.4,9.4,8.3,5,15,10.4,8,4.3,3.3,11.4,19,9.6,7.6,1.8,17.3,10.1,8.3,4.8,4.1,10.9,16.5,9.3,8.9,7.1,13.9,10.6,7.8,3.8,2.6,5.8,10.8,5,4.2,3,12.7,6.1,5.1,3.4,2.4,5.4,9.6,4.7,3.7,3.4,12.4,5.5,4.8,3.4,2.6,6.1,11.9,5.2,4.6,2.7,12.9,6.7,5.4,3.5,2.2,195063000
7/1/1993,7.3,14,6.1,4.8,3.2,15,7.7,6,3.7,2.5,6.9,13.1,5.8,4.1,3.6,15.4,7.1,5.8,3.6,2.7,7.6,14.8,6.4,5.3,2.9,14.7,8.2,6.3,3.8,2.4,13.8,28.8,10.9,6.6,3.8,23.5,14.7,10.7,4.5,3.3,12.9,27.7,10.3,4.5,3.6,23.5,14.3,10.2,3.5,2.5,14.7,29.8,11.5,8.7,4,23.5,15.2,11.3,5.6,4.1,11.2,17.5,9.6,8.2,5.3,15.1,10.6,8.1,4.5,3.1,11.6,19,9.8,7.1,2.7,17.5,10.2,8.3,5.2,3.6,11,16.5,9.5,9,7.1,14,10.8,7.8,3.9,2.7,5.8,10.9,5,4.3,3,12.8,6.2,5.1,3.5,2.4,5.4,9.8,4.7,3.8,3.6,12.7,5.5,4.8,3.4,2.7,6.2,11.9,5.3,4.7,2.6,13,6.8,5.4,3.6,2.2,194882000
6/1/1993,7.3,14.1,6.2,4.9,3.3,15.1,7.7,6.1,3.7,2.5,6.9,13.2,5.9,4.2,3.8,15.5,7.2,5.8,3.6,2.8,7.6,14.9,6.4,5.4,2.9,14.8,8.2,6.3,3.8,2.4,13.9,29.1,11,6.7,3.8,23.7,14.8,10.9,4.4,3.2,13,28,10.4,4.4,3.6,23.6,14.2,10.3,3.4,2.6,14.8,30.1,11.6,8.9,4,23.9,15.3,11.5,5.5,3.9,11.3,17.7,9.7,7.8,5.9,15.2,10.7,8.1,4.7,3.2,11.7,19.2,9.9,6.7,3.8,17.4,10.4,8.4,5.8,3.5,11.1,16.8,9.5,8.6,7.2,14.1,10.8,7.9,3.8,3,5.9,11,5,4.4,3.2,13,6.2,5.2,3.5,2.4,5.5,9.9,4.7,3.9,3.9,12.9,5.5,4.9,3.4,2.7,6.2,12,5.3,4.7,2.6,13.1,6.8,5.4,3.6,2.3,194719000
5/1/1993,7.4,14.3,6.2,4.9,3.4,15.2,7.8,6.1,3.8,2.6,7,13.4,5.9,4.2,4,15.6,7.2,5.9,3.6,2.8,7.7,15.1,6.5,5.5,3,14.9,8.3,6.4,3.9,2.5,14,29.3,11.1,6.6,4.1,23.5,14.9,11.1,4.3,3.1,13.1,28.2,10.5,4.2,3.6,23.3,14.3,10.7,3.3,2.5,14.9,30.3,11.6,9,4.7,23.7,15.5,11.5,5.5,3.7,11.5,18,9.8,8.1,5.5,15.4,10.7,8.3,4.8,3.5,11.7,19,10,6.8,4.1,17.4,10.3,8.4,6.1,3.7,11.4,17.3,9.7,9.1,6.5,14.4,11,8.2,3.8,3.3,5.9,11.1,5.1,4.5,3.3,13.1,6.2,5.2,3.6,2.5,5.5,10.1,4.7,3.9,4,13.2,5.6,4.9,3.4,2.7,6.3,12,5.4,4.9,2.7,13.1,6.8,5.4,3.7,2.3,194549000
4/1/1993,7.4,14.3,6.3,5,3.5,15.3,7.8,6.2,3.8,2.6,7,13.4,5.9,4.2,4.2,15.6,7.2,5.9,3.6,2.7,7.8,15.1,6.5,5.6,3.1,15.1,8.3,6.4,4,2.5,14.1,29.5,11.2,6.5,4.4,23.6,15,11.3,4.3,3.2,13.2,28.5,10.7,4.1,3.8,23.3,14.3,11.2,3.3,2.6,15,30.4,11.8,8.8,5.1,23.7,15.7,11.6,5.6,3.9,11.6,18,9.9,8.5,6.1,15.5,10.9,8.3,5,3.3,11.8,18.9,10.1,7.1,5.1,17.5,10.5,8.4,6.2,3.3,11.5,17.5,9.8,9.5,6.7,14.6,11.2,8.1,4,3.2,5.9,11.1,5.1,4.5,3.3,13.2,6.3,5.2,3.6,2.5,5.5,10,4.7,3.9,4.2,13.1,5.6,4.8,3.5,2.7,6.3,12,5.4,4.9,2.7,13.2,6.8,5.5,3.7,2.4,194398000
3/1/1993,7.5,14.3,6.3,5,3.7,15.3,7.8,6.2,3.8,2.6,7,13.4,5.9,4.2,4.3,15.6,7.2,5.9,3.6,2.7,7.8,15.1,6.6,5.6,3.2,15,8.4,6.4,3.9,2.5,14.1,29.4,11.3,6.2,4.6,23.1,15.1,11.5,4.4,3.2,13.2,28.5,10.7,4.1,3.8,23,14.3,11.5,3.3,2.4,15,30.2,11.8,8.4,5.4,23.3,15.9,11.4,5.7,4.1,11.7,17.9,10,8.7,7,15.7,10.7,8.3,5.2,3.3,11.8,18.6,10.2,7,6.4,17.7,10.2,8.4,6.3,3.1,11.6,17.4,9.8,9.9,7.3,14.7,11,8.2,4.3,3.4,6,11.1,5.1,4.5,3.4,13.1,6.3,5.2,3.6,2.5,5.5,10.1,4.7,3.9,4.3,13,5.7,4.8,3.5,2.6,6.3,12.1,5.5,5,2.8,13.2,6.9,5.5,3.7,2.4,194248000
2/1/1993,7.5,14.3,6.3,5,3.6,15.3,7.9,6.2,3.8,2.6,7.1,13.3,6,4.2,4.3,15.5,7.3,6,3.6,2.6,7.8,15.2,6.6,5.7,3.1,15.1,8.4,6.5,3.9,2.5,14.1,29.1,11.4,6.2,4.2,22.9,15.1,11.6,4.5,3.1,13.3,28.2,10.8,4.2,3.6,22.5,14.3,11.7,3.3,2.1,15,29.9,12,8.2,4.8,23.2,15.9,11.4,5.9,4.2,11.7,17.7,10,8.7,7.4,15.7,10.6,8.2,5.4,3.2,11.8,18,10.3,6.6,7.5,17.7,10.1,8.3,6.3,3.3,11.6,17.6,9.8,10,7.3,14.8,11,8.2,4.6,3.2,6,11.2,5.1,4.6,3.4,13.2,6.4,5.2,3.6,2.4,5.6,10.1,4.8,3.9,4.3,12.9,5.7,4.9,3.5,2.6,6.4,12.3,5.5,5,2.8,13.4,6.9,5.6,3.7,2.3,194108000
1/1/1993,7.5,14.3,6.4,5.1,3.6,15.3,7.9,6.2,3.8,2.5,7.1,13.2,6,4.2,4.3,15.5,7.3,6,3.6,2.6,7.9,15.3,6.6,5.7,3.1,15.1,8.5,6.5,4,2.5,14.2,29,11.6,6,4.1,22.9,15.1,11.6,4.8,3.5,13.3,27.9,10.9,4.2,3.6,22.3,14.3,11.7,3.3,2.3,15.2,30,12.3,7.8,4.6,23.4,16,11.4,6.5,4.6,11.7,17.7,10,8.5,7.7,15.6,10.6,8.3,5.8,3.2,11.7,17.8,10.2,6.1,7.8,17.5,10,8.2,6.6,3.3,11.6,17.7,9.8,10,7.7,14.7,11.2,8.3,5.1,3.1,6,11.3,5.2,4.6,3.4,13.3,6.4,5.3,3.6,2.4,5.6,10.1,4.8,3.9,4.3,13,5.8,4.9,3.4,2.5,6.4,12.4,5.5,5.1,2.8,13.4,7,5.6,3.7,2.3,193962000
12/1/1992,7.5,14.3,6.4,5.1,3.6,15.2,7.9,6.2,3.8,2.5,7,13.2,6,4.2,4.2,15.3,7.3,6,3.6,2.5,7.9,15.3,6.7,5.8,3.2,15.2,8.5,6.5,4,2.5,14.2,28.9,11.5,6,4,22.7,15,11.6,4.9,3.6,13.1,27.6,10.8,4.2,3.4,21.9,14.1,11.6,3.3,2.4,15.2,30.2,12.3,7.7,4.5,23.3,15.9,11.5,6.8,5,11.6,17.6,9.9,8.7,7.9,15.5,10.6,8.3,6,3.2,11.5,17.4,10.1,6.2,8.6,17.2,9.8,8.2,6.9,3.3,11.7,17.7,9.8,10.4,7.5,14.6,11.2,8.4,5.4,3.1,6.1,11.3,5.2,4.6,3.4,13.3,6.5,5.3,3.6,2.4,5.6,10.1,4.8,3.9,4.2,12.9,5.8,4.9,3.4,2.4,6.5,12.4,5.5,5.1,2.9,13.5,7.1,5.6,3.7,2.3,193784000
11/1/1992,7.5,14.4,6.3,5.1,3.7,15.2,7.9,6.2,3.8,2.6,7,13.2,6,4.2,4.3,15.3,7.2,6,3.5,2.6,7.9,15.4,6.7,5.7,3.2,15.2,8.5,6.5,4,2.5,14.1,28.8,11.4,5.9,3.9,22.5,14.7,11.6,4.9,3.8,13.1,27.5,10.8,4.1,3.5,21.8,13.9,11.6,3.4,2.4,15.1,30.1,12.2,7.6,4.4,23.2,15.6,11.6,6.7,5.3,11.5,17.4,9.9,8.7,8.5,15.4,10.4,8.3,6.2,3.2,11.3,17,10,6,8.7,17,9.4,8.1,7.2,3.2,11.6,17.6,9.8,10.4,8.4,14.6,11.1,8.5,5.4,3.2,6.1,11.4,5.2,4.6,3.4,13.3,6.5,5.2,3.5,2.4,5.6,10.2,4.8,3.9,4.2,13,5.8,4.9,3.3,2.5,6.5,12.5,5.6,5.1,2.9,13.5,7.1,5.6,3.7,2.3,193621000
10/1/1992,7.5,14.3,6.3,5,3.7,15.1,7.9,6.3,3.7,2.5,7,13.2,5.9,4.2,4.2,15.1,7.2,6,3.5,2.6,7.9,15.3,6.6,5.6,3.3,15,8.5,6.5,3.9,2.5,13.9,28.8,11.3,5.7,3.8,22.2,14.6,11.6,4.9,3.9,13,27.7,10.6,4.1,3.6,21.5,13.8,11.7,3.4,2.6,14.9,29.8,12.1,7.3,4.1,22.8,15.4,11.6,6.6,5.4,11.4,17,9.8,8.4,8.5,15.1,10.3,8.2,6.3,3.1,11,16.3,9.8,6.1,8.3,16.6,9.2,8,6.9,2.7,11.6,17.5,9.8,10,8.6,14.4,11.2,8.3,5.9,3.3,6.1,11.5,5.2,4.6,3.5,13.3,6.5,5.3,3.5,2.4,5.6,10.3,4.8,3.9,4.1,13,5.9,4.9,3.2,2.5,6.5,12.6,5.5,5,3,13.5,7.1,5.6,3.7,2.3,193442000
9/1/1992,7.5,14.3,6.3,4.9,3.7,15,7.8,6.2,3.7,2.5,7,13.2,5.9,4.1,4.2,15,7.2,6,3.5,2.6,7.8,15.4,6.6,5.6,3.3,15,8.4,6.5,3.9,2.5,13.9,28.7,11.2,5.7,4,22,14.5,11.6,5,3.9,13.1,27.8,10.7,4.1,3.8,21.4,13.9,11.9,3.7,2.7,14.7,29.6,11.8,7.3,4.2,22.5,15.1,11.3,6.5,5.3,11.3,16.9,9.7,8.2,8.1,15.1,10.1,8.1,6.4,3.1,10.8,16,9.6,5.8,7.8,16.2,8.9,7.9,6.5,2.7,11.6,17.4,9.8,9.8,8.3,14.5,11,8.3,6.3,3.5,6.1,11.6,5.2,4.5,3.4,13.2,6.5,5.3,3.4,2.4,5.6,10.4,4.8,3.9,4.1,13,5.9,4.9,3.2,2.5,6.5,12.7,5.5,5,3,13.4,7.1,5.6,3.6,2.3,193229000
8/1/1992,7.4,14.2,6.2,4.8,3.7,14.9,7.8,6.2,3.6,2.5,6.9,13,5.9,4,4.2,14.8,7.1,6,3.4,2.5,7.8,15.4,6.5,5.4,3.3,14.9,8.4,6.4,3.8,2.5,13.8,28.5,11.2,5.6,3.8,21.8,14.3,11.5,5,3.9,13,27.5,10.7,4,3.6,21.3,13.7,11.8,3.9,2.8,14.5,29.4,11.7,7,4,22.2,14.9,11.2,6.2,5.1,11.2,16.7,9.7,8.2,8.3,15.1,9.8,8.1,6.3,3.1,10.6,15.5,9.5,5.6,8,16.1,8.4,7.8,6.3,2.7,11.7,17.5,9.8,9.9,8.5,14.7,10.9,8.3,6.3,3.5,6,11.5,5.1,4.4,3.5,13.1,6.5,5.3,3.3,2.3,5.6,10.3,4.7,3.8,4.1,12.8,5.8,4.9,3.2,2.4,6.4,12.7,5.5,4.8,3,13.3,7.1,5.6,3.5,2.3,193018000
7/1/1992,7.3,14.2,6.2,4.7,3.6,14.8,7.7,6.2,3.6,2.5,6.9,12.9,5.8,3.9,4.1,14.7,6.9,6,3.4,2.5,7.7,15.3,6.5,5.3,3.3,14.8,8.3,6.4,3.7,2.4,13.6,28.3,11.1,5.4,4,21.8,14,11.5,5.2,3.9,12.9,27.3,10.6,3.8,3.9,21.4,13.3,11.8,4.4,3,14.3,29.1,11.5,6.9,4.2,22,14.7,11,6.1,4.9,11.2,16.6,9.6,8.1,7.8,15,9.7,8,6.1,3.2,10.4,15.1,9.3,5.5,7.7,15.7,8.2,7.7,5.9,2.6,11.7,17.5,9.8,9.9,7.9,14.7,10.8,8.3,6.3,3.6,6,11.5,5.1,4.2,3.4,13,6.4,5.2,3.3,2.3,5.5,10.3,4.7,3.6,3.9,12.7,5.7,4.9,3.2,2.4,6.4,12.7,5.4,4.7,3.1,13.2,7,5.6,3.4,2.2,192826000
6/1/1992,7.3,14.1,6.1,4.6,3.6,14.6,7.6,6.1,3.6,2.5,6.8,12.9,5.7,3.7,3.9,14.5,6.8,5.9,3.5,2.6,7.7,15.3,6.4,5.2,3.4,14.7,8.3,6.3,3.7,2.4,13.4,27.9,10.9,5.1,4.2,21.4,13.8,11.2,5.3,3.8,12.7,27,10.4,3.6,4.1,21.2,13.1,11.4,4.7,3,14.2,28.7,11.4,6.5,4.2,21.6,14.6,10.9,6.1,4.8,11,16.3,9.5,8,7.5,14.8,9.4,7.9,6,3.1,10.1,14.8,9.1,5.5,7,15.5,7.9,7.6,5.6,2.6,11.5,17.2,9.7,9.7,7.8,14.5,10.5,8.2,6.3,3.4,6,11.6,5,4.1,3.4,12.9,6.4,5.2,3.3,2.3,5.5,10.3,4.6,3.4,3.7,12.6,5.6,4.8,3.2,2.4,6.4,12.8,5.4,4.6,3.1,13.1,7.1,5.5,3.3,2.2,192663000
5/1/1992,7.2,14,6,4.5,3.5,14.4,7.5,6,3.5,2.5,6.7,12.7,5.7,3.7,3.8,14.3,6.7,5.8,3.4,2.6,7.6,15.1,6.3,5.1,3.3,14.4,8.2,6.3,3.6,2.4,13.3,27.4,10.8,5.1,4,21.1,13.7,10.9,5.2,3.9,12.6,26.5,10.3,4.1,4.1,21,12.9,11,4.8,3.3,14,28.3,11.4,6,3.9,21.3,14.5,10.7,5.8,4.7,10.8,16.1,9.3,7.7,7.7,14.7,9.2,7.6,5.9,3,10.1,14.8,9.1,5.2,7.9,15.6,7.9,7.3,5.4,2.6,11.2,16.8,9.4,9.4,7.6,14.2,10.1,7.9,6.4,3.3,5.9,11.5,5,4.1,3.3,12.7,6.3,5.2,3.2,2.3,5.4,10.3,4.6,3.4,3.6,12.3,5.6,4.8,3.2,2.5,6.3,12.7,5.3,4.6,3,12.9,7,5.5,3.3,2.2,192503000
4/1/1992,7.1,13.9,6,4.4,3.4,14.3,7.4,6,3.5,2.5,6.7,12.7,5.7,3.6,3.7,14.3,6.7,5.7,3.4,2.7,7.5,15,6.3,5,3.3,14.3,8.1,6.2,3.6,2.4,13.1,27,10.7,4.9,4.1,20.9,13.6,10.8,5.2,3.9,12.4,26,10.2,4.1,4,20.6,12.9,10.7,4.9,3.4,13.9,27.9,11.3,5.8,4.2,21.1,14.3,10.8,5.6,4.4,10.6,15.9,9.2,7.3,7.6,14.6,9,7.4,6,3,10.1,15,9,4.9,8.2,15.7,7.8,7.1,5.2,2.8,11,16.5,9.3,8.9,7.2,14,9.9,7.7,6.5,3.1,5.9,11.5,5,4,3.2,12.6,6.3,5.2,3.2,2.3,5.4,10.4,4.6,3.3,3.4,12.4,5.5,4.8,3.1,2.5,6.3,12.6,5.3,4.5,3,12.8,6.9,5.5,3.3,2.2,192354000
3/1/1992,7.1,13.9,5.9,4.3,3.3,14.2,7.3,6,3.5,2.4,6.6,12.7,5.6,3.6,3.4,14.3,6.6,5.7,3.4,2.7,7.5,14.9,6.2,4.9,3.2,14.2,8,6.2,3.6,2.3,13,26.8,10.6,4.8,4.2,20.9,13.4,10.8,5.1,3.6,12.3,25.7,10.1,4.1,4.1,20.6,12.7,10.5,4.9,3.3,13.8,27.9,11.2,5.4,4.2,21.1,14,11,5.4,4,10.6,15.9,9.1,6.9,7.2,14.5,9,7.1,5.9,3,10,15.2,8.8,5.1,7.6,15.6,7.8,6.9,5.2,3.1,10.9,16.3,9.3,8.2,6.9,14,9.8,7.3,6.4,2.9,5.8,11.5,4.9,4,3,12.6,6.2,5.2,3.2,2.3,5.4,10.4,4.5,3.3,3.1,12.3,5.4,4.8,3.1,2.5,6.2,12.6,5.2,4.6,3,12.7,6.9,5.4,3.3,2.2,192204000
2/1/1992,7,13.8,5.9,4.3,3.4,14.1,7.2,5.9,3.5,2.4,6.6,12.7,5.5,3.6,3.4,14.2,6.5,5.7,3.4,2.6,7.4,14.8,6.2,4.8,3.3,14.1,7.9,6.2,3.6,2.3,12.9,26.8,10.4,4.5,4.5,20.9,13.1,10.7,5.1,3.6,12.3,25.8,10,4,4.3,20.7,12.6,10.3,5.1,3.4,13.6,27.8,10.9,5.1,4.8,21,13.6,11.1,5.2,3.9,10.4,15.7,9,7.1,7.2,14.4,8.8,7,5.6,2.9,9.8,15.2,8.6,5.1,8.1,15.4,7.7,6.8,4.9,2.7,10.8,16.1,9.2,8.5,6.7,13.9,9.7,7.2,6.1,3.1,5.8,11.4,4.9,4,3.1,12.5,6.1,5.1,3.2,2.3,5.4,10.3,4.5,3.3,3.1,12.2,5.4,4.9,3.1,2.5,6.2,12.4,5.2,4.5,3,12.6,6.8,5.4,3.3,2.2,192067000
1/1/1992,7,13.7,5.8,4.2,3.4,14.1,7.1,5.8,3.5,2.4,6.5,12.7,5.5,3.5,3.4,14.1,6.5,5.6,3.4,2.6,7.3,14.6,6.1,4.8,3.3,14,7.7,6.1,3.5,2.2,12.8,26.7,10.3,4.4,5,20.8,12.9,10.6,5.1,3.3,12.2,25.8,9.9,3.7,4.8,20.6,12.5,10.3,5.1,3.2,13.4,27.6,10.7,5,5.3,20.9,13.3,11,5.1,3.3,10.2,15.3,8.8,7.1,7.2,14.3,8.6,6.6,5.2,2.8,9.7,15.2,8.4,4.9,7.8,15.3,7.7,6.6,4.5,2.5,10.6,15.5,9.1,8.6,6.8,13.8,9.4,6.7,5.8,3,5.8,11.3,4.8,3.9,3,12.4,6,5.1,3.2,2.3,5.3,10.2,4.5,3.3,2.9,12.2,5.3,4.8,3.1,2.5,6.1,12.4,5.1,4.4,3.1,12.6,6.7,5.3,3.3,2.1,191953000
12/1/1991,6.9,13.6,5.7,4.1,3.3,14,7,5.8,3.4,2.3,6.5,12.6,5.4,3.5,3.3,14.1,6.4,5.6,3.4,2.6,7.2,14.4,5.9,4.7,3.3,13.9,7.5,5.9,3.5,2.2,12.6,26.5,10.1,4.3,4.9,20.7,12.6,10.5,4.9,3.3,12.1,25.8,9.8,3.7,4.8,20.7,12.3,10.1,5.1,3.2,13.1,27.1,10.4,5,5,20.7,13,10.9,4.6,3.4,10.1,15,8.7,6.8,6.7,14.2,8.4,6.3,5.1,2.6,9.7,15.3,8.4,4.7,6.8,15.3,7.7,6.4,4.3,2.3,10.3,14.8,8.9,8.3,6.6,13.7,8.9,6.2,5.8,2.9,5.7,11.3,4.8,3.9,3,12.4,5.9,5,3.1,2.2,5.3,10.2,4.4,3.2,3,12.1,5.3,4.7,3.1,2.4,6,12.3,5,4.4,3,12.5,6.5,5.3,3.2,2.1,191798000
11/1/1991,6.8,13.4,5.7,4.1,3.2,13.8,6.9,5.7,3.4,2.3,6.4,12.4,5.4,3.4,3.2,13.8,6.4,5.5,3.3,2.5,7.1,14.2,5.9,4.6,3.3,13.8,7.4,5.8,3.4,2.1,12.6,26.4,10.1,4.4,4.8,20.7,12.7,10.3,4.8,3.2,12.1,25.7,9.7,3.6,4.7,20.6,12.5,9.8,5,3.1,13.1,27,10.4,5.2,5,20.7,12.9,10.8,4.5,3.2,10.1,15,8.7,6.6,6.2,14.1,8.5,6.2,5.2,2.4,9.6,15.2,8.4,4.5,6.5,15,8,6.4,4.2,2.1,10.3,14.8,8.9,8.1,6,13.7,8.9,6,5.9,2.6,5.6,11.1,4.7,3.8,2.9,12.2,5.8,4.9,3.1,2.2,5.2,10,4.4,3.2,2.8,11.8,5.2,4.7,3,2.4,5.9,12.1,5,4.3,3,12.4,6.4,5.2,3.2,2.1,191657000
10/1/1991,6.7,13.2,5.6,4,3.2,13.7,6.8,5.5,3.3,2.3,6.3,12.3,5.3,3.2,3.1,13.7,6.3,5.4,3.3,2.5,7,14,5.8,4.6,3.2,13.8,7.3,5.7,3.4,2.1,12.6,26.3,10.1,4.5,4.8,20.8,12.7,10.1,4.8,3.2,12,25.5,9.7,3.6,4.4,20.7,12.4,9.5,5,3,13.2,27,10.5,5.4,5.2,20.9,13,10.7,4.6,3.5,9.9,14.8,8.6,6.5,5.6,14,8.3,6.2,5,2.2,9.5,15,8.3,4.2,6.5,14.7,8,6.5,4.2,2.2,10.1,14.7,8.7,8,5.1,13.6,8.6,5.9,5.7,2.1,5.5,10.9,4.6,3.7,2.9,12,5.8,4.8,3.1,2.2,5.1,9.8,4.3,3.1,2.8,11.6,5.2,4.6,3,2.4,5.8,11.9,4.9,4.2,3,12.3,6.3,5.1,3.1,2,191497000
9/1/1991,6.6,13,5.5,4,3.2,13.5,6.8,5.4,3.3,2.2,6.3,12.1,5.3,3.2,3.1,13.4,6.3,5.2,3.2,2.5,6.9,13.9,5.7,4.5,3.3,13.6,7.2,5.7,3.4,2,12.5,26,10,4.6,4.6,20.7,12.7,9.8,4.8,3.3,11.8,25,9.5,3.5,4.3,20.6,12.3,9,4.9,3,13.2,26.9,10.5,5.6,5,20.8,13,10.7,4.7,3.6,9.7,14.4,8.4,6.5,5.6,13.6,8.3,6.1,5.1,1.8,9.4,14.5,8.2,4.3,6.5,14.2,8,6.5,4.3,1.9,10,14.4,8.5,8,5,13.3,8.6,5.9,5.6,1.8,5.4,10.8,4.5,3.7,2.9,11.9,5.7,4.7,3,2.1,5.1,9.7,4.3,3,2.8,11.4,5.2,4.5,2.9,2.3,5.7,11.8,4.8,4.2,3,12.2,6.2,5,3.1,1.9,191302000
8/1/1991,6.5,12.9,5.4,3.9,3.1,13.3,6.7,5.4,3.2,2.2,6.2,12,5.2,3.2,3.1,13.3,6.3,5.2,3.1,2.5,6.8,13.6,5.6,4.5,3.2,13.4,7.1,5.6,3.3,2,12.5,25.9,10,4.5,4.7,20.6,12.8,9.6,4.8,3.2,11.8,24.9,9.5,3.6,4.4,20.3,12.4,8.9,4.9,2.9,13.2,26.9,10.5,5.4,5.1,20.9,13.1,10.5,4.7,3.5,9.5,14.2,8.2,6.4,5.1,13.3,8.3,5.9,5,1.6,9.2,14.4,8.1,4.2,5.7,13.9,8,6.1,4.3,1.6,9.7,14,8.3,7.9,4.7,12.9,8.5,5.6,5.5,1.7,5.4,10.6,4.5,3.7,2.9,11.7,5.6,4.7,3,2,5,9.6,4.2,3,2.7,11.3,5.1,4.5,2.8,2.3,5.6,11.5,4.7,4.2,3,11.9,6,4.9,3.1,1.9,191116000
7/1/1991,6.4,12.7,5.3,3.9,3.2,13.1,6.6,5.3,3.2,2.2,6.1,11.9,5.1,3.1,3.1,13.1,6.2,5.1,3.1,2.5,6.7,13.4,5.5,4.4,3.3,13.1,7,5.5,3.3,2,12.4,26,9.9,4.3,5.1,20.6,12.7,9.5,4.6,3,11.7,25.1,9.4,3.5,4.7,20.2,12.5,8.7,4.7,2.9,13.1,26.8,10.5,5.1,5.5,20.9,13,10.5,4.6,3.2,9.3,13.9,8.1,6.2,5.6,12.9,8.2,5.8,4.9,1.6,9.1,14.2,8,4.2,5.2,13.7,7.9,6,4.2,2,9.5,13.7,8.2,7.5,5.9,12.5,8.5,5.6,5.3,1.4,5.3,10.4,4.4,3.6,2.9,11.4,5.5,4.6,2.9,2,4.9,9.4,4.2,2.9,2.8,11.1,5,4.4,2.8,2.3,5.5,11.4,4.6,4.1,2.9,11.6,5.9,4.8,3,1.8,190946000
6/1/1991,6.3,12.5,5.3,3.8,3.1,12.8,6.5,5.2,3.1,2.1,6.1,11.7,5.1,3.1,3.1,12.9,6.2,5,3,2.4,6.6,13.1,5.4,4.3,3.2,12.8,6.8,5.4,3.2,1.9,12.4,25.9,9.9,4.4,5.3,20.6,12.7,9.6,4.6,2.9,11.7,25,9.3,3.5,5,20.5,12.5,8.7,4.5,2.6,13.1,26.7,10.4,5.2,5.6,20.8,12.8,10.6,4.7,3.3,9.2,13.5,8,6.2,6.2,12.7,8.1,5.7,4.6,1.8,9,14,7.9,4.3,5.9,13.6,7.8,6,3.8,2.3,9.3,13.2,8.1,7.4,6.4,12.2,8.4,5.5,5.3,1.4,5.2,10.1,4.3,3.5,2.8,11.1,5.4,4.5,2.9,1.9,4.9,9.2,4.1,2.9,2.7,10.8,5,4.3,2.7,2.2,5.4,11.1,4.5,4,2.8,11.3,5.8,4.7,2.9,1.8,190800000
5/1/1991,6.2,12.2,5.2,3.7,3,12.6,6.3,5.1,3.1,2,5.9,11.4,5,2.9,2.9,12.7,6,4.9,3,2.3,6.4,12.8,5.3,4.2,3.1,12.5,6.7,5.2,3.1,1.9,12.2,25.6,9.7,4.2,5.1,20.4,12.4,9.5,4.5,2.8,11.6,24.7,9.2,3.2,5.1,20.4,12.3,8.6,4.5,2.1,12.8,26.4,10.2,5.2,5.2,20.4,12.4,10.6,4.6,3.5,9,13.2,7.8,6,6,12.4,7.9,5.7,4.5,1.6,8.8,13.7,7.7,4,5.5,13.2,7.5,6.2,3.6,2.1,9.1,12.9,7.9,7.3,6.3,12,8.3,5.3,5.2,1.3,5,9.9,4.2,3.4,2.7,10.9,5.3,4.4,2.8,1.9,4.7,8.9,4,2.8,2.5,10.6,4.8,4.2,2.7,2.2,5.3,10.7,4.3,3.9,2.8,11.1,5.6,4.5,2.9,1.7,190650000
4/1/1991,6.1,12,5,3.6,3,12.3,6.2,5,3,2,5.8,11.2,4.9,2.9,2.9,12.5,5.9,4.8,2.9,2.2,6.3,12.6,5.2,4.1,3.1,12.2,6.5,5.1,3,1.8,12,25.3,9.5,4.1,5.2,20,12.2,9.3,4.5,2.8,11.4,24.3,9.1,3.3,5.4,20.3,12,8.5,4.4,2,12.6,26.2,9.9,5,4.8,19.8,12.3,10.3,4.6,3.7,8.8,13,7.7,5.9,5.9,12.2,7.7,5.7,4.4,1.8,8.7,13.5,7.6,4,5.5,13.1,7.2,6.3,3.7,2.3,9,12.6,7.8,7.2,6.1,11.8,8.1,5.2,4.8,1.5,4.9,9.6,4.1,3.3,2.7,10.6,5.1,4.2,2.7,1.8,4.7,8.7,4,2.7,2.5,10.3,4.8,4.1,2.7,2.1,5.1,10.5,4.2,3.8,2.8,10.8,5.5,4.4,2.7,1.7,190517000
3/1/1991,6,11.8,4.9,3.5,3,12.1,6.1,4.9,2.9,1.9,5.8,11.2,4.8,2.8,3,12.4,5.8,4.7,2.9,2.2,6.1,12.4,5,4,3,12,6.4,5,2.9,1.8,11.8,25.1,9.3,4.1,5,19.8,12,9.1,4.5,2.8,11.3,24.3,9,3.2,5.3,20.4,11.8,8.3,4.4,2,12.4,25.9,9.6,5,4.7,19.3,12.2,10,4.5,3.7,8.8,12.9,7.5,6.1,5.8,12,7.7,5.7,4.1,1.9,8.6,13.5,7.4,4.2,5.7,12.8,7.2,6.3,3.5,2.3,8.9,12.6,7.6,7.4,5.8,11.6,8.1,5.2,4.5,1.7,4.8,9.5,4,3.2,2.7,10.4,5.1,4.1,2.6,1.8,4.6,8.6,3.9,2.6,2.6,10.2,4.7,4,2.6,2.1,5,10.3,4.1,3.6,2.8,10.5,5.4,4.3,2.6,1.6,190381000
2/1/1991,5.8,11.6,4.8,3.4,3,11.9,6,4.7,2.8,1.9,5.7,11,4.7,2.7,3,12.3,5.7,4.6,2.8,2.2,5.9,12.1,4.8,3.9,3,11.6,6.2,4.8,2.7,1.8,11.7,24.8,9.2,4.2,5,19.7,11.9,8.9,4.2,2.7,11.2,24.1,8.9,3.2,5.6,20.5,11.7,8.2,4.1,1.9,12.2,25.5,9.5,5.1,4.2,19.1,12.1,9.6,4.2,3.7,8.5,12.7,7.3,5.7,5.4,11.7,7.5,5.6,4,2.2,8.5,13.5,7.2,4.1,5,12.5,7.1,6.3,3.3,2.6,8.6,12.2,7.4,6.9,5.8,11.2,7.8,5,4.5,1.9,4.7,9.3,3.9,3.1,2.7,10.2,4.9,4,2.6,1.8,4.5,8.6,3.8,2.6,2.7,10.1,4.6,3.9,2.6,2.1,4.8,10.1,3.9,3.5,2.8,10.2,5.2,4.1,2.5,1.6,190271000
1/1/1991,5.7,11.4,4.7,3.3,3,11.6,5.9,4.6,2.7,1.9,5.6,10.9,4.7,2.7,3,12.2,5.6,4.6,2.8,2.2,5.8,11.9,4.7,3.8,3,11.2,6,4.7,2.6,1.8,11.6,24.4,9.1,4.4,4.7,19.4,11.8,8.8,3.9,2.6,11.1,23.7,8.8,3.4,5.1,20.6,11.6,8.1,4.1,1.8,12,25,9.3,5.3,4.1,18.5,12.1,9.5,3.8,3.5,8.4,12.5,7.2,5.6,5.7,11.5,7.2,5.7,4,2.7,8.5,13.5,7.3,4.1,5.5,12.7,6.9,6.3,3.5,3.2,8.3,12,7.1,6.6,5.9,10.9,7.4,5.2,4.4,2.4,4.6,9.2,3.7,3,2.7,9.9,4.8,3.9,2.5,1.8,4.4,8.5,3.7,2.5,2.7,10,4.5,3.8,2.5,2.1,4.7,9.8,3.7,3.4,2.8,9.8,5,3.9,2.4,1.6,190163000
12/1/1990,5.6,11.2,4.6,3.3,3,11.4,5.8,4.6,2.6,1.9,5.5,10.8,4.6,2.7,3,12.1,5.6,4.5,2.7,2.2,5.7,11.7,4.6,3.7,3,10.9,6,4.6,2.6,1.8,11.5,24,9,4.5,4.9,19.1,11.9,8.6,3.9,2.4,11,23.3,8.8,3.4,5.4,20.2,11.6,8.1,3.8,1.7,11.9,24.8,9.3,5.5,4.4,18.3,12.2,9.3,3.9,3.1,8.2,12.3,7,5.5,6.1,11.1,7.1,5.8,3.7,3,8.5,13.4,7.2,4.2,5.8,12.5,6.9,6.4,3.5,3.4,8.1,11.7,6.9,6.4,6.2,10.4,7.2,5.3,4,2.7,4.5,9,3.7,3,2.7,9.7,4.7,3.8,2.4,1.8,4.4,8.4,3.7,2.5,2.6,9.9,4.4,3.8,2.5,2.1,4.6,9.7,3.7,3.4,2.7,9.6,4.9,3.9,2.4,1.6,190017000
11/1/1990,5.5,11.2,4.5,3.3,3,11.2,5.7,4.5,2.6,1.9,5.5,10.7,4.6,2.7,3,12,5.5,4.5,2.7,2.1,5.6,11.6,4.4,3.8,3,10.7,5.9,4.5,2.5,1.8,11.4,23.7,8.9,4.6,5,19.1,11.7,8.5,3.8,2.4,10.9,22.8,8.7,3.4,5.5,20.1,11.3,8,3.8,1.8,11.9,24.6,9.2,5.7,4.5,18.2,12.1,9.2,3.9,3.1,8.1,12.2,6.8,5.7,6.4,10.9,7,5.7,3.6,3.2,8.4,13.4,7.2,4.3,6,12.5,6.8,6.4,3.2,3.8,7.9,11.5,6.6,6.6,6.7,10.1,7.1,5.1,3.8,2.8,4.4,9,3.6,3,2.7,9.5,4.6,3.8,2.4,1.8,4.3,8.4,3.6,2.5,2.6,9.7,4.4,3.7,2.5,2,4.5,9.6,3.6,3.4,2.7,9.4,4.8,3.8,2.3,1.6,189872000
10/1/1990,5.5,11.1,4.4,3.3,3,11.1,5.6,4.4,2.6,1.9,5.4,10.6,4.5,2.7,3,11.8,5.4,4.4,2.7,2.1,5.5,11.6,4.4,3.7,3,10.6,5.8,4.5,2.5,1.8,11.3,23.4,8.9,4.6,5.6,19,11.6,8.5,3.7,2.3,10.8,22.5,8.6,3.5,5.9,19.7,11.3,8,3.7,2,11.8,24.3,9.1,5.7,5.2,18.4,11.9,9.1,3.8,2.6,8,12.2,6.7,5.7,7,10.7,7,5.7,3.7,3.3,8.4,13.5,7.1,4.4,6.3,12.4,6.8,6.4,3.3,4,7.8,11.5,6.5,6.6,7.5,9.9,7.1,5.1,3.9,2.8,4.4,9,3.5,3,2.7,9.4,4.6,3.7,2.4,1.8,4.3,8.4,3.6,2.6,2.6,9.6,4.3,3.7,2.5,2,4.4,9.6,3.5,3.3,2.7,9.2,4.8,3.8,2.3,1.6,189710000
9/1/1990,5.4,11.1,4.4,3.3,3,11,5.6,4.4,2.6,1.9,5.4,10.5,4.5,2.8,3.1,11.7,5.4,4.4,2.7,2.1,5.5,11.5,4.3,3.6,3,10.6,5.7,4.4,2.5,1.7,11.3,23.2,8.9,4.5,5.8,18.9,11.6,8.5,3.7,2.1,10.9,22.1,8.8,3.5,5.9,19.3,11.3,8.3,3.6,2.1,11.7,24.4,9,5.5,5.8,18.5,11.8,8.9,3.8,2.2,8,12.3,6.7,5.5,7.5,10.7,6.9,5.6,3.6,3.4,8.3,13.3,7.1,4.4,6.3,12.4,6.7,6.2,3.3,4.2,7.8,11.7,6.5,6.3,8.3,9.9,7.1,5.2,3.8,2.8,4.3,8.9,3.5,3,2.6,9.3,4.5,3.7,2.4,1.8,4.3,8.3,3.5,2.6,2.7,9.6,4.3,3.7,2.5,2,4.4,9.5,3.5,3.3,2.6,9.1,4.7,3.7,2.3,1.6,189528000
8/1/1990,5.4,11,4.4,3.2,3,10.9,5.5,4.4,2.6,1.9,5.4,10.4,4.5,2.7,3,11.5,5.4,4.4,2.7,2.1,5.4,11.5,4.3,3.6,2.9,10.6,5.6,4.3,2.5,1.7,11.3,23.1,8.8,4.6,6.1,18.9,11.4,8.6,3.7,2.1,10.8,22,8.7,3.5,6.1,19.2,11.2,8.4,3.5,2.1,11.7,24.2,8.9,5.6,6.1,18.6,11.5,8.9,4,2.1,7.9,12.2,6.6,5.5,7.4,10.6,6.9,5.6,3.6,3.7,8.2,13.1,7,4.2,6.3,12,6.7,6.2,3.2,4.4,7.8,11.7,6.4,6.4,8.3,9.9,7.1,5.2,4,3.2,4.3,8.9,3.5,2.9,2.6,9.2,4.5,3.6,2.4,1.8,4.3,8.3,3.5,2.6,2.6,9.5,4.3,3.6,2.5,2,4.4,9.5,3.4,3.2,2.5,9.1,4.7,3.7,2.3,1.6,189342000
7/1/1990,5.4,10.9,4.3,3.2,2.9,10.9,5.5,4.3,2.6,1.8,5.3,10.3,4.4,2.7,3,11.5,5.3,4.3,2.7,2.1,5.4,11.5,4.2,3.6,2.8,10.5,5.6,4.3,2.5,1.7,11.2,22.8,8.8,4.7,6.3,18.8,11.3,8.5,3.8,2.1,10.8,21.5,8.7,3.6,6,19,11.1,8.4,3.5,2,11.6,24,8.8,5.8,6.7,18.6,11.5,8.7,4.1,2.2,8,12.4,6.7,5.6,6.7,10.6,7,5.6,3.8,3.6,8.3,13.3,7,4.1,6.2,12.1,6.9,6.1,3.4,4.1,7.8,11.9,6.4,6.7,7.1,9.9,7,5.1,4.2,3.2,4.3,8.9,3.4,2.9,2.5,9.2,4.4,3.6,2.4,1.8,4.2,8.2,3.5,2.5,2.5,9.4,4.3,3.6,2.5,2,4.3,9.5,3.4,3.2,2.4,9,4.6,3.6,2.2,1.6,189188000
6/1/1990,5.3,10.9,4.3,3.2,2.9,10.8,5.5,4.3,2.5,1.8,5.4,10.3,4.4,2.8,3,11.5,5.4,4.4,2.6,2.1,5.3,11.4,4.2,3.6,2.8,10.5,5.6,4.2,2.5,1.7,11.1,22.5,8.7,4.7,6.6,18.5,11.4,8.4,3.9,2.1,10.8,21.3,8.8,3.7,6.1,18.8,11.3,8.3,3.6,2,11.5,23.7,8.7,5.7,7.1,18.3,11.4,8.4,4.2,2.2,8,12.7,6.7,5.5,6.3,10.7,7,5.6,4,3.8,8.3,13.6,7.1,3.7,5.4,12.2,7,6.2,3.9,4.2,7.8,12.2,6.4,6.7,7,10,7.1,5.1,4.1,3.5,4.3,8.8,3.4,2.9,2.4,9.2,4.4,3.6,2.3,1.7,4.3,8.2,3.5,2.6,2.5,9.5,4.3,3.6,2.4,2,4.3,9.4,3.3,3.1,2.3,9,4.6,3.5,2.2,1.6,189058000
5/1/1990,5.3,11,4.3,3.3,2.9,10.9,5.5,4.2,2.5,1.8,5.4,10.5,4.5,2.9,3,11.5,5.5,4.4,2.7,2.1,5.3,11.5,4.1,3.6,2.9,10.5,5.6,4.1,2.4,1.6,11.2,22.8,8.8,4.9,6.5,18.6,11.6,8.4,3.9,2,11,21.8,8.9,3.8,5.9,19.1,11.5,8.4,3.8,2,11.5,23.7,8.7,5.9,7.2,18.3,11.6,8.4,4.1,1.9,8.1,13,6.7,5.6,6.1,10.8,7.2,5.5,4,3.9,8.6,14.1,7.2,4.3,4.9,12.4,7.5,6,4.2,4.4,7.8,12.3,6.3,6.6,7.1,10,7,5.1,3.8,3.6,4.3,8.9,3.4,2.9,2.5,9.2,4.4,3.5,2.3,1.7,4.3,8.2,3.5,2.7,2.6,9.5,4.3,3.6,2.4,2,4.3,9.4,3.3,3.1,2.4,9,4.6,3.5,2.2,1.6,188913000
4/1/1990,5.3,10.9,4.3,3.3,2.9,10.8,5.5,4.2,2.5,1.8,5.4,10.4,4.5,2.9,3,11.4,5.5,4.3,2.7,2.1,5.3,11.5,4.1,3.6,2.8,10.5,5.5,4.1,2.4,1.6,11.2,22.7,8.8,5,6.3,18.6,11.6,8.4,4,2,11,21.8,8.9,3.9,5.6,18.9,11.7,8.4,3.9,2.1,11.5,23.5,8.7,5.9,7,18.4,11.4,8.5,4,2,8.1,13,6.7,5.7,5.8,10.8,7.3,5.3,4.1,3.9,8.6,13.9,7.3,4.4,3.9,12.3,7.7,5.8,4.6,4.2,7.8,12.5,6.2,6.7,7.4,10.1,6.9,5,3.8,3.6,4.2,8.8,3.4,2.9,2.4,9.1,4.4,3.5,2.3,1.7,4.3,8.2,3.5,2.7,2.7,9.5,4.3,3.6,2.4,1.9,4.2,9.4,3.3,3.1,2.3,8.9,4.5,3.4,2.2,1.6,188778000
3/1/1990,5.3,10.9,4.3,3.3,2.8,10.8,5.5,4.2,2.5,1.8,5.4,10.3,4.5,2.9,2.9,11.4,5.5,4.3,2.7,2.1,5.2,11.4,4.1,3.5,2.8,10.5,5.4,4,2.4,1.6,11.3,22.5,8.9,4.9,6.4,18.6,11.6,8.4,4,2.1,11,21.8,8.9,3.9,5.7,18.7,11.8,8.4,4,2,11.5,23.2,8.8,5.8,7.1,18.6,11.4,8.5,4,2.1,8.1,13,6.7,5.6,6.2,10.9,7.2,5.3,4.2,3.8,8.7,14.1,7.4,4.1,4,12.7,7.8,5.6,4.5,4.2,7.7,12.3,6.2,6.6,7.9,10,6.7,5,3.9,3.6,4.2,8.8,3.4,2.9,2.4,9.1,4.4,3.5,2.3,1.7,4.3,8.1,3.5,2.8,2.6,9.4,4.3,3.6,2.4,1.9,4.2,9.4,3.3,3,2.3,8.9,4.5,3.4,2.2,1.6,188630000
2/1/1990,5.3,10.9,4.2,3.2,2.8,10.7,5.4,4.2,2.6,1.8,5.4,10.4,4.4,2.9,2.8,11.3,5.5,4.3,2.7,2.1,5.2,11.3,4.1,3.5,2.7,10.4,5.4,4,2.5,1.6,11.3,22.5,8.9,4.9,6.5,18.5,11.6,8.5,4.1,2.2,11.1,22,8.9,3.8,5.7,18.6,11.8,8.6,4,2.1,11.5,23,8.9,5.8,7.4,18.5,11.4,8.5,4.3,2.4,8,12.9,6.6,5.6,5.9,10.8,7.2,5.1,4.2,3.8,8.7,14.1,7.4,4.2,3.7,12.6,7.9,5.5,4.9,4.3,7.6,12.2,6.1,6.6,7.5,9.9,6.7,4.8,3.7,3.4,4.2,8.7,3.4,2.9,2.3,9,4.4,3.5,2.3,1.7,4.2,8.1,3.5,2.7,2.5,9.3,4.3,3.6,2.5,1.9,4.2,9.3,3.3,3,2.2,8.8,4.5,3.4,2.2,1.6,188516000
1/1/1990,5.3,10.9,4.2,3.2,2.8,10.7,5.4,4.1,2.6,1.8,5.4,10.3,4.4,2.9,2.9,11.2,5.4,4.3,2.7,2.1,5.2,11.3,4.1,3.5,2.7,10.4,5.4,4,2.5,1.6,11.4,22.8,9,4.8,7,18.6,11.7,8.6,4.3,2.4,11.2,22.4,9,4,5.9,18.6,11.9,8.6,4.1,2,11.6,23.1,9,5.6,8.2,18.7,11.4,8.5,4.6,2.9,7.9,13,6.5,5.6,5.6,10.6,7.3,5.1,4.2,3.4,8.7,14.1,7.4,4.1,4,12.4,7.9,5.6,5,3.8,7.5,12.2,5.9,6.6,6.8,9.7,6.7,4.6,3.6,3.1,4.2,8.7,3.3,2.8,2.3,9,4.3,3.5,2.3,1.7,4.2,8,3.5,2.7,2.5,9.2,4.2,3.6,2.5,1.9,4.2,9.3,3.3,3,2.1,8.8,4.4,3.3,2.2,1.6,188413000
12/1/1989,5.3,10.9,4.2,3.2,2.7,10.7,5.4,4.1,2.6,1.8,5.4,10.4,4.4,2.8,2.9,11.3,5.4,4.3,2.7,2,5.2,11.5,4,3.4,2.5,10.4,5.4,4,2.5,1.6,11.4,22.9,9,4.9,6.9,18.7,11.6,8.5,4.6,2.6,11.3,22.8,9,4.1,6.1,18.8,12,8.7,4.3,2.1,11.6,23,9,5.8,7.7,18.6,11.2,8.4,4.9,3.2,8,13.2,6.5,5.7,5.3,10.7,7.3,5,4.3,3.3,8.7,14,7.4,4.7,4.2,12.5,7.9,5.5,5.1,3.8,7.6,12.7,5.9,6.5,6.1,9.8,6.9,4.7,3.6,2.9,4.2,8.8,3.3,2.8,2.2,9,4.3,3.5,2.3,1.6,4.2,8,3.4,2.6,2.5,9.2,4.2,3.5,2.5,1.8,4.2,9.4,3.2,3,2,8.8,4.4,3.4,2.2,1.5,187165000
11/1/1989,5.3,10.9,4.2,3.1,2.7,10.7,5.4,4.1,2.6,1.7,5.4,10.4,4.4,2.9,2.8,11.3,5.4,4.3,2.8,2,5.2,11.4,4.1,3.4,2.5,10.3,5.4,4,2.5,1.6,11.4,22.8,9,4.9,7,18.6,11.6,8.6,4.6,2.6,11.3,23,9,4.2,6,18.8,12,8.8,4.4,2.1,11.5,22.7,8.9,5.6,8,18.4,11.1,8.3,4.9,3.2,7.9,13.1,6.5,5.6,5.7,10.5,7.3,5.1,4.4,3.3,8.7,13.9,7.4,4.8,4.8,12.4,7.8,5.6,5.5,3.7,7.5,12.5,5.9,6.2,6.3,9.6,6.8,4.7,3.6,3.1,4.2,8.8,3.3,2.8,2.1,9,4.3,3.5,2.4,1.6,4.2,8,3.4,2.6,2.4,9.3,4.1,3.5,2.5,1.8,4.2,9.4,3.3,2.9,2,8.9,4.4,3.4,2.2,1.5,187017000
10/1/1989,5.3,10.9,4.2,3.1,2.6,10.7,5.3,4.2,2.6,1.7,5.4,10.4,4.4,2.8,2.8,11.3,5.3,4.3,2.8,2,5.2,11.3,4.1,3.4,2.5,10.3,5.3,4,2.4,1.6,11.4,22.6,9,4.8,6.8,18.3,11.5,8.7,4.6,2.6,11.3,22.9,9,3.9,6,18.7,12,8.9,4.5,1.8,11.4,22.3,8.9,5.6,7.6,18,11.1,8.6,4.7,3.5,8,13.1,6.5,5.3,6.5,10.6,7.2,5.1,4.1,3.4,8.8,14.2,7.5,4.5,5.1,12.6,7.8,5.7,5.3,3.5,7.4,12.3,5.9,5.9,7.4,9.6,6.7,4.7,3.2,3.4,4.2,8.7,3.3,2.8,2.1,9.1,4.3,3.5,2.3,1.6,4.2,8,3.4,2.6,2.4,9.3,4.1,3.5,2.5,1.9,4.2,9.4,3.3,2.9,1.9,8.9,4.4,3.4,2.2,1.4,186871000
9/1/1989,5.3,10.9,4.2,3.1,2.6,10.7,5.3,4.2,2.5,1.7,5.4,10.4,4.4,2.8,2.7,11.4,5.3,4.3,2.8,2,5.2,11.3,4.1,3.4,2.5,10.3,5.4,4.1,2.4,1.5,11.3,22.6,8.9,4.9,7,18.2,11.5,8.8,4.5,2.7,11.3,22.9,9,3.8,6.1,18.7,11.9,8.9,4.5,1.8,11.4,22.2,8.9,5.8,7.9,17.8,11,8.8,4.5,3.6,8,13.1,6.5,5.2,6.3,10.5,7.3,5.3,3.9,3.5,8.9,14.5,7.6,4.1,5.2,12.5,8,6.1,5.1,3.5,7.3,12.1,5.8,6,7,9.5,6.7,4.6,3.1,3.5,4.2,8.7,3.4,2.7,2,9.1,4.3,3.5,2.3,1.6,4.2,8,3.4,2.5,2.3,9.4,4,3.5,2.5,1.9,4.2,9.4,3.3,2.9,1.9,9,4.4,3.5,2.1,1.4,186726000
8/1/1989,5.3,10.9,4.2,3.1,2.5,10.8,5.3,4.2,2.5,1.7,5.4,10.5,4.4,2.8,2.7,11.5,5.3,4.4,2.7,2,5.2,11.2,4.1,3.3,2.4,10.3,5.4,4.1,2.3,1.5,11.3,22.4,8.9,4.9,6.5,18.2,11.4,8.8,4.4,2.8,11.3,22.9,9,4.1,5.6,19,11.8,8.7,4.6,1.9,11.3,22,8.8,5.7,7.5,17.5,11,8.8,4.3,3.6,7.9,13,6.5,5.2,6.2,10.4,7.2,5.3,3.8,3.4,8.9,14.6,7.6,4.2,5.4,12.7,8,6.2,4.9,3.8,7.2,12,5.7,5.9,6.7,9.3,6.6,4.5,3,3.1,4.2,8.8,3.4,2.7,2,9.2,4.3,3.5,2.3,1.5,4.2,8.1,3.5,2.6,2.3,9.6,4.1,3.6,2.5,1.9,4.2,9.4,3.3,2.9,1.9,9,4.5,3.4,2.1,1.4,186598000
7/1/1989,5.3,10.9,4.3,3.1,2.5,10.8,5.4,4.2,2.5,1.7,5.4,10.5,4.4,2.8,2.8,11.6,5.3,4.4,2.7,1.9,5.2,11.2,4.1,3.3,2.4,10.3,5.4,4.1,2.3,1.5,11.3,22.5,8.9,4.7,6,18.1,11.4,8.9,4.3,2.6,11.3,23.1,9,4,5.7,19,11.8,9,4.4,1.8,11.3,21.9,8.9,5.4,6.4,17.3,11,8.9,4.3,3.5,7.8,12.9,6.4,5.2,6.4,10.5,7,5.2,3.5,3.6,8.8,14.3,7.4,4.3,5.7,12.7,7.7,6.2,4.5,4,7.2,11.9,5.7,5.9,6.7,9.5,6.5,4.3,2.8,3.4,4.3,8.8,3.4,2.8,2.1,9.3,4.3,3.5,2.3,1.6,4.2,8.1,3.5,2.6,2.4,9.6,4.1,3.6,2.5,1.8,4.3,9.5,3.4,2.9,1.9,9.1,4.5,3.5,2.1,1.4,186483000
6/1/1989,5.3,10.9,4.3,3.1,2.6,10.8,5.4,4.3,2.5,1.7,5.4,10.4,4.4,2.8,2.8,11.5,5.3,4.4,2.7,1.9,5.2,11.3,4.2,3.3,2.4,10.4,5.4,4.1,2.4,1.5,11.4,22.7,9,4.7,5.5,18.2,11.4,9.1,4.2,2.5,11.4,23.3,9,4.1,5.4,19,11.8,9.2,4.3,1.9,11.3,22,8.9,5.2,5.7,17.5,10.9,9,4,3.2,7.8,12.6,6.4,5.2,6.4,10.4,7,5,3.3,3.5,8.6,13.8,7.4,4.4,5.5,12.5,7.5,5.9,4.2,3.8,7.2,11.9,5.7,5.8,6.8,9.4,6.6,4.2,2.7,3.4,4.3,8.8,3.4,2.7,2.1,9.3,4.3,3.5,2.3,1.6,4.2,8.1,3.5,2.5,2.5,9.6,4.1,3.6,2.5,1.8,4.3,9.5,3.4,2.9,1.9,9.2,4.5,3.5,2.2,1.4,186329000
5/1/1989,5.3,10.8,4.3,3,2.6,10.8,5.3,4.3,2.5,1.7,5.4,10.3,4.4,2.7,2.8,11.5,5.3,4.4,2.7,1.9,5.3,11.2,4.2,3.3,2.4,10.4,5.4,4.2,2.4,1.6,11.3,22.6,9,4.5,5.6,18.1,11.3,9.1,4.2,2.5,11.3,23.1,9,4.1,5.5,19,11.6,9.3,4.3,1.9,11.3,22.1,9,4.8,5.7,17.4,10.9,9,4.2,3.1,7.8,12.8,6.4,5.1,6.2,10.6,6.9,5.1,3.1,3.5,8.4,13.8,7.1,3.9,5.6,12.4,7.3,5.9,3.6,3.6,7.3,12.1,5.9,5.9,6.4,9.6,6.6,4.4,2.8,3.5,4.3,8.7,3.5,2.7,2.1,9.3,4.3,3.6,2.3,1.6,4.2,8,3.5,2.4,2.4,9.6,4.1,3.6,2.5,1.8,4.3,9.4,3.4,2.9,1.9,9.1,4.5,3.6,2.2,1.4,186181000
4/1/1989,5.4,10.9,4.3,3,2.6,10.9,5.4,4.4,2.5,1.7,5.4,10.5,4.5,2.6,2.9,11.5,5.3,4.5,2.6,1.9,5.3,11.3,4.2,3.3,2.4,10.4,5.5,4.2,2.4,1.6,11.5,23.1,9.1,4.5,5.7,18.2,11.4,9.3,4.2,2.4,11.5,23.7,9.1,4.1,6,19.2,11.6,9.7,4.1,1.9,11.5,22.6,9,4.9,5.5,17.4,11.2,8.9,4.2,2.9,7.8,13,6.4,5.1,6.7,10.6,6.9,5.3,3.1,3.5,8.4,13.9,7,3.7,6.4,12.3,7.1,6.1,3.4,3.4,7.5,12.4,5.9,6.1,6.9,9.8,6.8,4.7,2.9,3.5,4.3,8.7,3.5,2.7,2.1,9.3,4.3,3.6,2.3,1.6,4.2,8.1,3.5,2.4,2.4,9.5,4.1,3.6,2.5,1.8,4.3,9.4,3.5,2.9,1.9,9.1,4.5,3.6,2.2,1.5,186024000
3/1/1989,5.4,10.9,4.3,3.1,2.5,10.9,5.4,4.4,2.5,1.6,5.4,10.5,4.5,2.6,2.9,11.7,5.3,4.5,2.6,1.9,5.3,11.3,4.2,3.4,2.3,10.5,5.5,4.2,2.3,1.5,11.6,23.6,9.1,4.6,5.6,18.2,11.7,9.3,4.2,2.2,11.7,24.2,9.3,4.2,5.9,19.5,11.9,9.7,4.1,1.8,11.5,22.9,9,5,5.3,17.3,11.4,8.9,4.2,2.7,7.9,13.2,6.3,5.4,6.3,10.8,6.9,5.4,2.9,3.3,8.4,13.9,7,4.2,5.5,12.3,7.1,6.1,3.2,3.2,7.6,12.8,5.9,6.4,6.6,10,6.8,4.7,2.8,3.4,4.3,8.7,3.5,2.7,2.1,9.3,4.4,3.6,2.3,1.5,4.2,8,3.5,2.3,2.4,9.6,4.1,3.6,2.4,1.8,4.3,9.3,3.5,3,1.9,9.1,4.6,3.6,2.1,1.4,185897000
2/1/1989,5.4,11.1,4.4,3.1,2.6,11.1,5.5,4.4,2.5,1.6,5.5,10.6,4.5,2.6,2.9,11.8,5.3,4.5,2.6,1.9,5.4,11.5,4.3,3.4,2.3,10.6,5.6,4.3,2.3,1.4,11.8,24,9.2,4.7,5.5,18.4,11.9,9.5,4.1,2.3,11.9,24.5,9.4,4.3,5.9,19.8,12.1,9.8,4,1.9,11.6,23.4,9,5.1,5.2,17.3,11.7,9,4.1,2.6,8,13.6,6.4,5.6,6.8,11,7,5.5,3,3.1,8.4,13.9,6.9,4.3,5.2,12.3,7.1,6,3.1,2.7,7.8,13.4,6.1,6.5,7.6,10.4,6.9,5,3,3.4,4.3,8.8,3.5,2.7,2.1,9.4,4.4,3.6,2.3,1.5,4.3,8.2,3.5,2.3,2.5,9.7,4.2,3.6,2.4,1.8,4.4,9.4,3.5,3,1.9,9.3,4.6,3.7,2.1,1.3,185777000
1/1/1989,5.5,11.1,4.4,3.1,2.5,11.2,5.5,4.4,2.4,1.6,5.6,10.7,4.6,2.7,2.8,11.9,5.4,4.5,2.6,2,5.4,11.5,4.3,3.5,2.2,10.7,5.6,4.3,2.3,1.4,11.8,24.1,9.3,4.8,5.2,18.5,12,9.5,3.8,2.3,11.9,24.5,9.5,4.4,5.8,19.9,12.2,9.8,3.9,2.2,11.7,23.8,9.1,5.1,4.7,17.5,11.8,9.2,3.7,2.4,8.2,13.6,6.6,5.7,6.5,11.3,7.1,5.5,2.9,3,8.4,13.8,6.9,4.8,3.6,12.6,7,5.9,2.9,2.8,8.1,13.5,6.4,6.3,7.9,10.7,7.2,5.2,3,3.1,4.4,8.8,3.6,2.7,2,9.4,4.5,3.7,2.2,1.5,4.4,8.3,3.6,2.3,2.4,9.8,4.3,3.6,2.4,1.8,4.4,9.4,3.5,3,1.8,9.2,4.6,3.7,2.1,1.3,185644000
12/1/1988,5.5,11.1,4.5,3.1,2.5,11.2,5.6,4.4,2.4,1.6,5.6,10.7,4.6,2.7,2.8,12,5.5,4.6,2.6,2,5.5,11.5,4.3,3.5,2.4,10.7,5.7,4.3,2.3,1.4,11.9,24.3,9.2,4.7,5.1,18.6,12,9.6,3.7,2.3,12,24.5,9.5,4.4,5.2,20.2,12.1,9.9,3.9,2.2,11.7,24,8.9,5,5.1,17.4,11.8,9.2,3.5,2.3,8.1,13.5,6.5,5.5,6.5,11.3,7,5.4,3,2.7,8.3,14.1,6.7,4.1,2.8,12.5,7,5.9,2.8,2.6,8,13.2,6.4,6.6,8.3,10.7,7.1,4.9,3.1,2.7,4.4,8.8,3.6,2.8,2.1,9.5,4.5,3.7,2.2,1.5,4.4,8.2,3.7,2.3,2.5,9.8,4.3,3.7,2.4,1.9,4.4,9.3,3.6,3.1,1.9,9.3,4.7,3.7,2.1,1.3,185402000
11/1/1988,5.5,11.2,4.5,3.1,2.5,11.3,5.6,4.5,2.4,1.6,5.6,10.7,4.7,2.7,2.8,12,5.5,4.6,2.6,2.1,5.5,11.6,4.4,3.5,2.3,10.8,5.7,4.4,2.3,1.3,11.9,24.5,9.3,4.5,4.8,18.7,12,9.7,3.7,2.4,12,24.6,9.6,4.2,5,20.3,12.1,10,3.8,2.3,11.8,24.4,9,4.8,4.7,17.4,11.9,9.2,3.5,2.4,8.2,13.6,6.5,5.7,6.1,11.5,7.1,5.4,2.8,2.3,8.3,14,6.7,4.4,1.6,12.7,7,5.7,2.6,2.4,8.1,13.3,6.4,6.7,8.3,10.9,7.2,5.1,3,2.2,4.4,8.8,3.7,2.8,2.1,9.5,4.6,3.7,2.2,1.5,4.4,8.2,3.7,2.4,2.5,9.8,4.4,3.7,2.4,1.9,4.4,9.4,3.6,3,1.9,9.3,4.7,3.7,2.1,1.2,185244000
10/1/1988,5.6,11.2,4.5,3.2,2.5,11.3,5.7,4.5,2.4,1.6,5.7,10.8,4.7,2.8,2.8,12.2,5.6,4.6,2.5,2.2,5.5,11.7,4.4,3.5,2.3,10.8,5.8,4.4,2.3,1.3,12,24.9,9.3,4.5,4.8,18.9,12.1,9.7,3.7,2.3,12.2,25.1,9.6,4.6,4.9,20.7,12.1,10.1,3.7,2.4,11.8,24.7,9,4.5,4.6,17.4,12,9.2,3.6,2.2,8.2,13.7,6.6,6.2,4.8,11.6,7.2,5.4,3,2.1,8.3,14,6.7,4.6,0.9,12.7,7.1,5.4,2.8,2.6,8.2,13.5,6.5,7.4,6.7,11,7.3,5.4,3.1,1.8,4.5,8.8,3.7,2.8,2.2,9.5,4.6,3.7,2.2,1.5,4.5,8.2,3.8,2.4,2.6,9.9,4.5,3.8,2.4,2,4.5,9.4,3.6,3,1.9,9.3,4.8,3.7,2.1,1.2,185114000
9/1/1988,5.6,11.3,4.6,3.2,2.5,11.5,5.7,4.5,2.4,1.6,5.8,10.9,4.7,2.8,2.9,12.4,5.6,4.6,2.5,2.2,5.6,11.7,4.4,3.5,2.3,10.9,5.8,4.4,2.4,1.3,12.1,25.2,9.4,4.4,4.5,19,12.3,9.6,3.8,2.4,12.4,25.6,9.6,4.6,5.1,21.1,12.3,10,3.8,2.6,11.9,24.8,9.1,4.3,3.9,17.3,12.2,9.1,3.9,2.1,8.3,13.7,6.6,6.4,4.5,11.8,7.2,5.3,3.1,2.1,8.3,14.2,6.6,4.7,0.9,13.1,7.2,5,3,2.4,8.3,13.4,6.6,7.7,6.1,11.2,7.2,5.5,3.1,1.9,4.5,8.9,3.7,2.8,2.2,9.6,4.7,3.8,2.2,1.5,4.5,8.3,3.8,2.5,2.7,10,4.5,3.8,2.4,2,4.5,9.4,3.7,3.1,2,9.3,4.8,3.7,2.1,1.2,184962000
8/1/1988,5.7,11.4,4.6,3.3,2.6,11.5,5.8,4.5,2.5,1.6,5.8,11,4.8,2.9,2.9,12.4,5.7,4.7,2.6,2.2,5.6,11.7,4.5,3.5,2.3,10.9,5.9,4.4,2.4,1.3,12.2,25.3,9.5,4.5,4.7,19,12.4,9.8,4,2.4,12.5,25.8,9.8,4.5,5.1,21.2,12.6,10.2,3.7,2.7,12,24.8,9.2,4.5,4.3,17.3,12.3,9.2,4.3,2,8.4,14,6.6,6.4,4.8,12,7.2,5.4,3.1,2.1,8.4,14.7,6.5,4.8,1.4,13.2,7.2,5.1,3.3,1.9,8.3,13.5,6.6,7.6,6.4,11.3,7.1,5.6,3,2.3,4.5,8.9,3.7,2.9,2.3,9.6,4.7,3.8,2.3,1.5,4.6,8.4,3.8,2.5,2.7,10,4.5,3.8,2.4,2,4.5,9.4,3.7,3.1,2,9.4,4.8,3.8,2.1,1.2,184830000
7/1/1988,5.7,11.5,4.6,3.3,2.6,11.5,5.8,4.6,2.5,1.6,5.8,11.1,4.8,2.9,2.8,12.4,5.8,4.6,2.6,2.2,5.6,11.8,4.5,3.5,2.4,10.9,5.9,4.5,2.4,1.3,12.3,25.3,9.6,4.7,4.6,19.1,12.5,9.7,4.2,2.5,12.6,25.7,10,4.5,4.6,21.3,12.6,10.2,4,2.9,12.1,24.9,9.2,4.9,4.6,17.4,12.4,9.3,4.4,2.2,8.3,14.1,6.5,6.3,5.4,11.8,7.3,5.3,3.5,2.2,8.5,14.9,6.6,4.8,2.5,13.2,7.4,5,3.7,1.8,8.2,13.5,6.5,7.3,6.9,11.1,7.2,5.5,3.3,2.4,4.6,9,3.8,2.9,2.3,9.6,4.7,3.8,2.3,1.5,4.6,8.4,3.8,2.6,2.7,10,4.6,3.8,2.4,2,4.6,9.5,3.7,3.1,2,9.4,4.9,3.9,2.2,1.2,184729000
6/1/1988,5.8,11.5,4.7,3.3,2.5,11.6,5.9,4.6,2.5,1.7,5.9,11.2,4.8,2.9,2.7,12.5,5.8,4.7,2.6,2.2,5.7,11.8,4.6,3.6,2.4,11,6,4.6,2.4,1.4,12.4,25.3,9.7,4.9,4.5,19.1,12.6,9.9,4.2,2.7,12.7,25.6,10,4.6,4.1,21.3,12.5,10.3,4,3,12.2,25,9.4,5.2,4.8,17.3,12.7,9.4,4.5,2.4,8.3,14,6.6,6.2,5.2,11.7,7.3,5.5,3.6,2.1,8.5,15.1,6.5,4.8,3.2,13.2,7.5,5.2,3.9,1.6,8.2,13.2,6.6,7.2,6.2,11,7.1,5.7,3.5,2.3,4.6,9.1,3.8,2.9,2.3,9.7,4.8,3.9,2.3,1.5,4.6,8.6,3.8,2.6,2.6,10.1,4.6,3.8,2.4,2,4.6,9.6,3.8,3.1,2.1,9.5,4.9,3.9,2.2,1.2,184562000
5/1/1988,5.8,11.7,4.7,3.4,2.5,11.7,5.9,4.7,2.6,1.7,5.9,11.3,4.8,3,2.7,12.6,5.9,4.7,2.7,2.2,5.8,12,4.6,3.6,2.3,11.1,6,4.6,2.5,1.4,12.5,25.5,9.8,5,4.3,19.2,12.7,9.9,4.4,2.8,12.7,26,10,4.7,3.7,21.3,12.6,10.3,4,2.9,12.3,25,9.5,5.4,4.9,17.6,12.7,9.4,4.9,2.7,8.3,13.9,6.7,6.1,5.3,11.6,7.3,5.7,3.7,2,8.5,14.7,6.6,5,3.3,13,7.4,5.4,3.9,1.5,8.2,13.3,6.7,6.8,6.3,10.9,7.2,5.9,3.6,2.2,4.7,9.3,3.8,2.9,2.2,9.9,4.8,3.9,2.3,1.5,4.7,8.7,3.9,2.6,2.6,10.3,4.7,3.9,2.5,2,4.7,9.8,3.8,3.2,2,9.7,5,4,2.2,1.3,184374000
4/1/1988,5.9,11.8,4.8,3.4,2.4,11.8,6,4.7,2.6,1.8,6,11.4,4.9,3,2.5,12.7,5.9,4.7,2.7,2.2,5.8,12.1,4.7,3.7,2.3,11.2,6,4.8,2.5,1.5,12.6,25.5,9.9,5.3,3.9,19.5,12.7,9.8,4.6,3,12.8,26.1,10.1,4.6,2.8,21.6,12.7,10.1,4.1,3,12.5,24.9,9.7,5.8,4.8,17.9,12.7,9.5,5.2,3,8.3,13.8,6.7,6,4.4,11.5,7.3,5.7,3.8,2.1,8.5,14.6,6.7,5.1,2.4,13,7.5,5.4,3.8,1.8,8.2,13.2,6.7,6.6,5.4,10.8,7.2,6,3.8,2.3,4.8,9.4,3.9,3,2.2,10.1,4.9,4,2.4,1.6,4.7,8.8,3.9,2.6,2.6,10.5,4.7,3.9,2.5,2.1,4.8,10,3.9,3.2,2,9.8,5,4.1,2.3,1.3,184232000
3/1/1988,6,11.9,4.8,3.5,2.4,11.9,6,4.8,2.7,1.8,6,11.5,4.9,3.1,2.5,12.7,5.9,4.8,2.8,2.3,5.9,12.3,4.8,3.7,2.4,11.4,6.1,4.9,2.6,1.6,12.7,25.7,9.9,5.4,3.8,19.7,12.6,10,4.8,3.2,12.8,26.2,10.1,4.6,2.8,21.6,12.6,10.3,4.2,3.2,12.6,25.1,9.8,6.1,4.7,18.2,12.6,9.8,5.6,3.2,8.3,13.6,6.8,5.5,4.1,11.3,7.4,5.8,3.9,2.2,8.4,14.3,6.7,4.6,2.4,12.7,7.4,5.4,3.9,2.2,8.2,13.1,6.8,6.1,4.9,10.6,7.3,6.2,4,2.1,4.8,9.5,4,3.1,2.3,10.2,4.9,4.1,2.4,1.6,4.8,8.9,4,2.7,2.5,10.5,4.8,3.9,2.6,2.1,4.9,10.1,3.9,3.3,2.1,10,5,4.2,2.3,1.4,184111000
2/1/1988,6,12,4.9,3.5,2.5,12,6.1,4.9,2.7,1.9,6.1,11.5,5,3.2,2.5,12.9,6,4.8,2.8,2.3,6,12.4,4.8,3.7,2.5,11.5,6.1,5,2.7,1.6,12.8,25.9,10,5.5,3.7,19.8,12.6,10.2,5,3.2,13,26.5,10.2,4.7,2.7,21.5,12.8,10.5,4.5,3.2,12.6,25.2,9.7,6.2,4.6,18.4,12.4,9.9,5.6,3.2,8.3,13.5,6.8,5.6,4.2,11.3,7.4,6.1,3.8,2.2,8.5,14.3,6.8,5,3.1,12.9,7.4,5.7,3.5,2.3,8.2,13,6.8,6,4.7,10.5,7.4,6.4,4,2.1,4.9,9.6,4,3.1,2.3,10.4,5,4.1,2.5,1.7,4.9,8.9,4,2.8,2.5,10.7,4.9,4,2.6,2.2,4.9,10.2,4,3.3,2.2,10.2,5.1,4.3,2.4,1.4,183969000
1/1/1988,6.1,12.1,5,3.5,2.5,12.2,6.1,5,2.8,1.9,6.2,11.6,5,3.2,2.4,13,6.1,4.9,2.8,2.3,6.1,12.6,4.9,3.7,2.5,11.7,6.2,5,2.8,1.7,12.9,26.1,10,5.5,3.7,19.9,12.6,10.5,5.1,3,13.2,27.1,10.3,4.5,3,21.6,13,10.9,4.6,3,12.6,25.1,9.8,6.4,4.3,18.5,12.2,10.1,5.8,2.9,8.4,13.7,6.9,5.8,5.2,11.4,7.5,6,3.8,2.3,8.5,14.4,6.8,5.1,3.8,12.9,7.6,5.4,3.5,2.5,8.3,13.3,6.9,6.2,5.9,10.7,7.4,6.5,4,2.1,5,9.8,4.1,3.1,2.3,10.6,5,4.2,2.5,1.7,4.9,9,4.1,2.8,2.4,10.8,4.9,4,2.6,2.2,5,10.5,4.1,3.2,2.3,10.4,5.2,4.3,2.5,1.5,183822000
12/1/1987,6.2,12.2,5,3.5,2.4,12.3,6.2,5.1,2.8,1.9,6.2,11.8,5.1,3.2,2.4,13,6.2,5,2.8,2.3,6.2,12.7,5,3.7,2.5,11.9,6.2,5.1,2.8,1.7,13,26.3,10.1,5.5,3.8,19.9,12.8,10.8,5.2,2.7,13.3,27.6,10.3,4.4,3.4,21.4,13.2,11.3,4.7,2.8,12.8,25.1,10,6.5,4.2,18.7,12.3,10.4,5.8,2.6,8.7,14,7.1,5.9,6.4,11.7,7.7,6.4,3.8,2.4,8.7,14.6,7,5.3,4.5,13.1,7.8,5.8,3.4,2.5,8.7,13.7,7.2,6.3,7.3,11.1,7.7,6.9,4,2.3,5,9.8,4.2,3,2.2,10.7,5.1,4.2,2.5,1.8,5,9.1,4.1,2.8,2.2,10.9,4.9,4.1,2.6,2.2,5.1,10.5,4.2,3.2,2.2,10.6,5.2,4.4,2.5,1.5,183620000
11/1/1987,6.3,12.4,5.1,3.5,2.5,12.5,6.3,5.2,2.8,1.9,6.3,11.9,5.1,3.2,2.4,13.1,6.2,5.1,2.8,2.2,6.3,12.8,5.1,3.8,2.5,12,6.3,5.2,2.8,1.7,13.1,26.5,10.2,5.8,3.9,19.9,12.9,11.1,5.3,2.6,13.4,28,10.3,4.5,3.5,21.3,13.4,11.5,4.8,2.5,12.9,25.1,10.1,7,4.2,18.8,12.3,10.7,5.8,2.6,8.9,14.4,7.3,5.8,6.8,11.9,7.9,6.6,4,2.3,8.9,15,7.1,5,6.4,13.2,8.1,5.8,3.3,2.3,8.9,14,7.4,6.3,7.1,11.3,7.8,7.3,4.4,2.3,5.1,10,4.2,3.1,2.2,10.9,5.1,4.3,2.6,1.8,5,9.2,4.2,2.8,2.2,11.1,5,4.1,2.6,2.1,5.2,10.7,4.2,3.2,2.2,10.7,5.3,4.4,2.5,1.6,183470000
10/1/1987,6.4,12.5,5.2,3.6,2.5,12.6,6.3,5.3,2.9,1.9,6.4,12,5.2,3.2,2.4,13.2,6.3,5.2,2.8,2.2,6.4,12.9,5.2,3.8,2.5,12.2,6.4,5.3,2.9,1.7,13.3,26.6,10.4,6,4,20.1,13,11.3,5.3,2.7,13.5,27.9,10.5,4.4,3.7,21.2,13.6,11.7,4.9,2.5,13.1,25.3,10.2,7.4,4.4,19.2,12.4,10.8,5.8,2.8,8.9,14.4,7.4,5.5,8,12.1,7.9,6.6,3.7,2.3,8.9,15,7.1,5.1,8.1,13.4,8.1,5.9,3,2.1,9,14.1,7.5,5.8,7.9,11.4,7.8,7.3,4.3,2.5,5.2,10.1,4.3,3.1,2.2,11,5.2,4.4,2.6,1.7,5.1,9.4,4.2,2.8,2.1,11.2,5,4.2,2.7,2.1,5.3,10.8,4.3,3.3,2.2,10.8,5.4,4.5,2.6,1.6,183311000
9/1/1987,6.4,12.6,5.3,3.6,2.6,12.7,6.4,5.3,2.9,1.9,6.4,12.1,5.3,3.2,2.4,13.2,6.3,5.3,2.9,2.2,6.4,13,5.2,3.9,2.6,12.4,6.4,5.4,2.9,1.8,13.5,27,10.5,6.3,4.1,20.3,13.2,11.4,5.3,2.9,13.6,28.3,10.6,4.6,3.7,21.1,13.8,11.8,5,2.4,13.3,25.7,10.4,7.8,4.5,19.7,12.5,11,5.6,3.3,9.1,14.6,7.5,5.8,8.2,12.3,8.1,6.8,3.7,2.2,9,14.9,7.3,5,7.9,13.5,8.1,6,3,1.9,9.2,14.3,7.7,6.2,8.3,11.7,8,7.4,4.3,2.4,5.2,10.2,4.3,3.1,2.2,11.1,5.3,4.4,2.7,1.8,5.1,9.4,4.3,2.8,2.1,11.3,5.1,4.2,2.7,2.2,5.3,10.8,4.4,3.3,2.3,10.9,5.4,4.6,2.6,1.6,183161000
8/1/1987,6.5,12.7,5.3,3.7,2.6,12.9,6.5,5.4,2.9,1.9,6.5,12.2,5.3,3.2,2.4,13.4,6.4,5.3,2.9,2.2,6.5,13.2,5.3,4,2.7,12.6,6.5,5.5,2.9,1.8,13.7,27.5,10.6,6.4,3.9,20.5,13.5,11.5,5.2,3,13.8,28.6,10.7,4.6,3.7,21,14.1,11.9,5.1,2.2,13.6,26.5,10.6,8,4.1,20.1,12.9,11.1,5.3,3.8,9.3,14.7,7.8,6,9.4,12.6,8.3,6.8,3.8,2,9.2,14.7,7.6,5.2,9.2,14.1,8.1,5.9,2.9,1.8,9.4,14.8,7.9,6.5,9.5,11.9,8.5,7.6,4.6,2.1,5.3,10.2,4.4,3.2,2.2,11.2,5.3,4.5,2.7,1.8,5.2,9.5,4.3,2.8,2,11.4,5.2,4.2,2.7,2.2,5.4,10.9,4.4,3.4,2.4,11.1,5.4,4.6,2.7,1.6,183002000
7/1/1987,6.6,12.8,5.4,3.7,2.6,13,6.6,5.4,2.9,2,6.6,12.3,5.4,3.2,2.4,13.6,6.5,5.4,2.8,2.2,6.6,13.2,5.4,4,2.8,12.7,6.6,5.5,2.9,1.9,13.9,28.1,10.7,6.4,3.8,20.7,13.8,11.8,5.2,3.1,14,29.2,10.8,4.8,3.8,21.4,14.3,12.1,5,2,13.8,27,10.7,7.9,3.9,20.1,13.2,11.3,5.3,4.3,9.6,15,8,6.3,8.8,12.9,8.6,7.2,3.7,1.9,9.4,15.1,7.8,5.3,8.3,14.5,8.3,6.2,2.5,2,9.7,15,8.1,7,9.1,12.1,8.7,8,4.6,1.8,5.3,10.3,4.4,3.2,2.3,11.3,5.3,4.5,2.6,1.9,5.3,9.6,4.4,2.8,2.1,11.5,5.2,4.3,2.7,2.2,5.4,10.9,4.4,3.4,2.4,11.2,5.5,4.6,2.6,1.7,182885000
6/1/1987,6.7,12.9,5.5,3.8,2.7,13.2,6.7,5.5,2.9,2,6.7,12.4,5.5,3.3,2.5,13.7,6.7,5.4,2.9,2.3,6.7,13.4,5.4,4.1,2.8,12.9,6.7,5.5,2.9,1.9,14.1,28.6,10.8,6.4,3.8,20.9,13.9,11.9,5.3,3.1,14.2,29.5,10.8,4.8,3.9,21.4,14.5,12.3,5.2,1.9,14,27.7,10.8,7.8,3.8,20.5,13.4,11.4,5.4,4.4,9.8,15.5,8.1,6.5,10.1,13.2,8.9,7.2,3.7,1.9,9.6,15.6,7.9,5.5,9.5,14.8,8.6,6.1,2.5,2.1,9.9,15.5,8.2,7.1,10.5,12.4,9.1,8,4.6,1.9,5.4,10.3,4.5,3.3,2.3,11.4,5.4,4.5,2.7,1.9,5.3,9.6,4.5,2.9,2.1,11.6,5.3,4.3,2.7,2.3,5.4,11,4.5,3.5,2.4,11.3,5.5,4.7,2.6,1.7,182703000
5/1/1987,6.8,13.1,5.5,3.8,2.8,13.3,6.8,5.5,2.9,2,6.8,12.6,5.6,3.4,2.5,13.8,6.8,5.5,2.9,2.3,6.7,13.5,5.5,4.1,2.9,13,6.8,5.5,2.9,1.9,14.3,28.8,11,6.4,4.1,21.1,14.2,12.1,5.3,3.2,14.3,29.7,11,4.7,4.4,21.6,14.7,12.5,5.3,2.1,14.2,27.9,10.9,7.9,3.9,20.7,13.7,11.5,5.2,4.3,10,15.7,8.2,6.6,11.2,13.4,9.1,7.1,3.8,2,9.9,16.2,8.1,5.4,10.5,15.2,9,6.1,2.6,2.1,10,15.4,8.3,7.4,11.6,12.6,9.2,8,4.6,1.9,5.5,10.4,4.5,3.3,2.4,11.5,5.5,4.5,2.6,1.9,5.4,9.7,4.5,3,2.1,11.7,5.4,4.4,2.7,2.3,5.5,11.1,4.5,3.5,2.5,11.4,5.6,4.6,2.6,1.7,182533000
4/1/1987,6.8,13.2,5.6,3.8,2.8,13.4,6.9,5.5,2.9,2,6.9,12.7,5.7,3.4,2.5,13.9,6.9,5.6,3,2.3,6.8,13.6,5.5,4,3,13,6.9,5.5,2.9,1.9,14.3,28.7,11.1,6.2,4.3,20.9,14.3,12.2,5.2,3.2,14.4,29.5,11.2,4.7,4.5,21.5,14.8,12.6,5.5,2.2,14.2,28,10.9,7.6,4.2,20.5,13.8,11.7,4.9,4.2,10.1,15.9,8.4,6.6,11.8,13.7,9.2,7.2,3.7,2,10,16.5,8.1,5.6,11.9,15.3,9.2,6.2,2.6,2.1,10.2,15.6,8.5,7.3,11.7,12.9,9.3,8,4.5,1.9,5.5,10.5,4.6,3.3,2.4,11.6,5.6,4.6,2.6,1.9,5.5,9.8,4.6,3.1,2,11.8,5.5,4.5,2.7,2.3,5.5,11.1,4.6,3.5,2.6,11.4,5.7,4.6,2.6,1.7,182344000
3/1/1987,6.9,13.2,5.6,3.8,2.8,13.5,7,5.6,2.9,2,6.9,12.7,5.7,3.5,2.6,14.1,7,5.6,3,2.3,6.9,13.7,5.6,4.1,3,13.1,7,5.5,2.8,1.9,14.5,28.8,11.2,6.2,4.7,21.1,14.5,12.3,5.2,3,14.6,29.5,11.3,4.7,4.9,21.7,15,12.6,5.6,2.1,14.3,28.1,11,7.6,4.5,20.7,13.9,11.9,4.7,4,10.2,15.9,8.5,7.1,12.2,13.9,9.3,7.3,3.7,1.7,10.2,16.5,8.3,6.4,12.8,15.5,9.4,6.4,2.6,1.7,10.3,15.6,8.6,7.5,11.9,13.1,9.2,8,4.5,1.8,5.6,10.6,4.6,3.3,2.4,11.6,5.7,4.6,2.6,1.9,5.5,9.8,4.7,3.1,2.1,11.9,5.6,4.5,2.7,2.4,5.6,11.2,4.6,3.5,2.6,11.4,5.8,4.6,2.6,1.7,182179000
2/1/1987,6.9,13.3,5.7,3.9,2.9,13.5,7.1,5.6,2.9,2,7,12.8,5.8,3.5,2.7,14.1,7,5.7,3,2.3,6.9,13.8,5.6,4.1,3.1,13.2,7.1,5.6,2.8,1.9,14.5,28.9,11.2,6.3,4.5,21.2,14.6,12.3,5.1,2.8,14.6,29.5,11.3,4.7,4.7,21.9,15,12.5,5.4,2,14.5,28.3,11.1,7.6,4.2,20.7,14.1,12.1,4.7,3.7,10.4,16,8.7,7,12.5,14.1,9.4,7.3,3.7,1.6,10.3,16.5,8.5,5.8,13.7,15.5,9.6,6.7,2.8,1.6,10.4,15.6,8.8,7.6,12,13.4,9.2,7.8,4.5,1.7,5.6,10.6,4.7,3.4,2.4,11.6,5.8,4.6,2.6,1.9,5.6,9.9,4.7,3.2,2.2,12,5.7,4.6,2.8,2.4,5.6,11.3,4.6,3.5,2.6,11.4,5.9,4.7,2.5,1.7,181998000
1/1/1987,7,13.3,5.7,4,3,13.6,7.1,5.6,2.9,2,7.1,12.9,5.8,3.7,2.8,14.2,7.1,5.7,3,2.3,6.9,13.8,5.6,4.2,3.1,13.2,7.1,5.6,2.8,1.9,14.5,28.9,11.1,6.4,4.5,21.1,14.7,12.3,5,3,14.5,29.5,11.2,4.9,4.9,21.7,15,12.4,5.4,1.9,14.5,28.4,11.1,7.8,4.1,20.7,14.3,12.1,4.5,4.1,10.6,16.2,8.8,7.1,11.7,14.3,9.5,7.6,3.9,1.8,10.6,16.9,8.8,5.5,12.8,15.7,9.8,7.1,3.1,1.7,10.5,15.8,8.8,7.9,11.1,13.6,9.2,8.1,4.5,1.8,5.7,10.6,4.7,3.5,2.5,11.7,5.8,4.6,2.6,1.9,5.7,10,4.8,3.4,2.3,12.1,5.8,4.7,2.8,2.4,5.6,11.2,4.6,3.6,2.7,11.5,5.9,4.6,2.5,1.7,181827000
12/1/1986,7,13.3,5.7,4.1,3,13.6,7.2,5.6,2.9,2,7.1,12.9,5.9,3.8,2.8,14.2,7.2,5.7,3.1,2.3,6.9,13.7,5.6,4.3,3.1,13.2,7.1,5.5,2.7,1.9,14.5,28.9,11.1,6.4,4.7,21.1,14.8,12.2,4.9,3.1,14.4,29.3,11.1,5,4.9,21.6,15,12.4,5.2,2,14.6,28.5,11.2,7.7,4.4,20.7,14.6,11.9,4.5,4.3,10.6,16.3,8.8,7.1,10.9,14.3,9.4,7.6,3.9,2,10.6,16.8,8.9,5.5,12.3,15.6,9.9,7,3.3,1.7,10.5,16,8.7,8,10.2,13.6,9.1,8,4.5,2.1,5.7,10.6,4.7,3.6,2.6,11.7,5.9,4.6,2.6,1.9,5.7,10,4.8,3.5,2.4,12.2,5.8,4.6,2.8,2.4,5.6,11.1,4.6,3.7,2.7,11.5,5.9,4.6,2.5,1.7,181547000
11/1/1986,7,13.3,5.7,4.1,3,13.6,7.2,5.6,2.8,2.1,7.1,12.9,5.9,3.9,2.8,14.2,7.3,5.7,3.1,2.3,6.9,13.7,5.6,4.3,3.2,13.2,7.2,5.5,2.6,1.9,14.6,29,11.2,6.2,4.9,21,15,12.2,4.9,3.2,14.5,29.3,11.2,4.9,5,21.6,15.1,12.3,5.3,2.1,14.8,28.8,11.3,7.4,4.8,20.6,14.8,12,4.5,4.4,10.5,16.2,8.8,7.4,11.4,14.3,9.4,7.5,3.9,2.1,10.6,16.9,8.8,6.1,12.5,15.6,9.8,7.1,3.4,1.9,10.5,15.8,8.7,8.2,10.8,13.7,9,7.8,4.2,2.3,5.7,10.6,4.7,3.7,2.6,11.7,5.9,4.6,2.6,2,5.8,10.1,4.9,3.6,2.4,12.2,5.9,4.7,2.8,2.4,5.6,11.1,4.6,3.7,2.7,11.4,5.9,4.6,2.4,1.7,181363000
10/1/1986,7,13.4,5.7,4.1,3.1,13.6,7.3,5.5,2.8,2.1,7.2,13,5.9,3.9,2.8,14.2,7.3,5.7,3.1,2.3,6.9,13.7,5.6,4.3,3.2,13.2,7.2,5.4,2.6,1.9,14.7,29.4,11.3,6,4.7,21.1,15.2,12.1,5.2,3.2,14.6,29.9,11.1,5,4.7,21.5,15.3,12.2,5.7,2.1,14.9,29,11.4,7,4.7,20.7,15,12,4.7,4.4,10.6,16.4,8.8,7.5,11,14.4,9.5,7.5,4.1,2.4,10.8,17,9,6.6,11.3,15.7,9.9,7.4,3.5,2.1,10.5,16.1,8.7,8.1,10.8,13.7,9.2,7.6,4.5,2.5,5.7,10.6,4.7,3.7,2.6,11.7,6,4.6,2.5,2,5.8,10,4.9,3.6,2.4,12.2,5.9,4.6,2.8,2.4,5.6,11.1,4.5,3.8,2.8,11.4,6,4.5,2.3,1.7,181186000
9/1/1986,7,13.5,5.7,4.1,3,13.6,7.3,5.5,2.8,2,7.2,13.1,5.9,3.9,2.9,14.3,7.4,5.7,3.1,2.3,6.9,13.9,5.5,4.2,3.1,13.1,7.3,5.4,2.6,1.9,14.8,29.6,11.3,5.7,4.9,21,15.3,12.1,5.3,2.9,14.6,30.2,11.1,4.7,4.7,21.5,15.5,12.3,5.5,1.9,14.9,29,11.5,6.7,5.2,20.6,15.2,12,5.1,4.1,10.7,16.9,8.7,7.4,10.8,14.5,9.5,7.5,4.1,2.5,10.9,17.2,9.1,6.7,11.9,16,9.9,7.5,3.5,2.1,10.5,16.7,8.5,7.8,10.2,13.7,9.3,7.5,4.6,2.7,5.7,10.6,4.7,3.7,2.6,11.7,6,4.5,2.5,1.9,5.8,10,4.9,3.6,2.4,12.3,6,4.6,2.8,2.4,5.6,11.1,4.5,3.8,2.7,11.4,6,4.5,2.3,1.7,180997000
8/1/1986,7,13.5,5.7,4.1,3,13.5,7.3,5.6,2.8,2,7.2,13.1,6,3.9,2.9,14.3,7.4,5.8,3.1,2.3,6.9,13.8,5.5,4.2,3.1,13.1,7.3,5.4,2.6,1.8,14.8,29.7,11.3,5.8,5.4,21.1,15.3,12.1,5.5,2.9,14.7,30.4,11.1,4.9,5.1,21.7,15.4,12.3,5.6,1.9,15,28.9,11.6,6.7,5.7,20.6,15.2,11.9,5.3,3.9,10.6,16.8,8.7,7.4,9.7,14.3,9.5,7.6,4.3,2.4,11,17.3,9.1,6.9,10.5,15.7,10.1,7.8,3.6,1.8,10.4,16.6,8.5,7.7,9.3,13.6,9.1,7.4,4.7,2.7,5.7,10.6,4.7,3.7,2.6,11.6,6,4.6,2.5,1.9,5.8,10,4.9,3.6,2.4,12.2,6,4.7,2.8,2.3,5.6,11.1,4.5,3.7,2.6,11.3,6,4.5,2.3,1.6,180828000
7/1/1986,7.1,13.5,5.7,4.1,3,13.5,7.4,5.6,2.9,1.9,7.3,13.1,6,4,3,14.2,7.4,5.8,3.2,2.3,6.9,13.9,5.6,4.1,3,13.1,7.3,5.4,2.7,1.7,14.8,29.5,11.3,6,5.7,21,15.3,12.1,5.4,2.6,14.7,30.4,11,5.1,5.7,21.4,15.6,12.3,5.5,2,14.9,28.7,11.5,6.8,5.7,20.6,15.1,11.9,5.3,3.3,10.6,16.8,8.6,7.5,9.9,14.2,9.5,7.5,4.2,2.3,11,17.2,9,7.4,10.4,15.6,10.2,8,3.9,1.4,10.4,16.6,8.4,7.6,9.6,13.6,9.1,7.2,4.5,2.9,5.7,10.7,4.7,3.7,2.6,11.7,6.1,4.6,2.6,1.8,5.9,10.1,5,3.7,2.6,12.3,6.1,4.7,2.9,2.3,5.6,11.2,4.6,3.7,2.6,11.3,6.1,4.5,2.4,1.6,180682000
6/1/1986,7.1,13.6,5.7,4.1,3.1,13.6,7.4,5.6,2.9,1.9,7.3,13.1,6,4,3.1,14.3,7.5,5.8,3.2,2.3,6.9,14,5.5,4.2,3.1,13.1,7.3,5.4,2.7,1.7,14.9,29.6,11.3,6.2,6.4,21,15.5,12.1,5.3,2.5,14.8,30.5,11.2,5.1,5.8,21.5,15.8,12.4,5.3,2.1,14.9,28.7,11.5,7.2,6.9,20.6,15.2,11.9,5.2,2.8,10.7,16.9,8.7,7.8,8.9,14.4,9.4,7.5,4.2,2.3,11.1,16.9,9.2,7.7,9,15.8,10,8,3.8,1.7,10.4,16.9,8.3,7.8,8.9,13.7,9,7.1,4.4,2.7,5.7,10.7,4.7,3.7,2.6,11.7,6.1,4.6,2.6,1.8,5.9,10.1,5,3.7,2.6,12.3,6.1,4.7,2.9,2.3,5.6,11.3,4.5,3.7,2.6,11.3,6.1,4.5,2.4,1.5,180503000
5/1/1986,7.1,13.6,5.8,4.2,3.1,13.6,7.4,5.6,2.9,1.9,7.3,13.1,6,4.1,3.1,14.3,7.5,5.9,3.2,2.3,6.9,14,5.5,4.3,3,13.2,7.3,5.4,2.7,1.6,14.8,29.5,11.2,6.4,6.4,21,15.4,12.1,5.3,2.4,14.7,30.4,11.1,5.3,5.5,21.4,15.7,12.2,5.3,2.1,14.9,28.7,11.4,7.4,7.3,20.7,15,11.9,5.3,2.7,10.7,16.8,8.7,8,8.6,14.4,9.5,7.5,4.2,2.3,11.1,16.6,9.3,8.4,9.2,15.7,10,8,3.9,2.3,10.4,16.9,8.4,7.7,8.3,13.8,9,7.1,4.5,2.3,5.8,10.8,4.7,3.8,2.6,11.7,6.1,4.6,2.6,1.8,5.9,10.2,5,3.7,2.8,12.4,6.1,4.7,2.9,2.3,5.6,11.3,4.6,3.8,2.5,11.3,6.1,4.5,2.4,1.5,180311000
4/1/1986,7.1,13.5,5.7,4.3,3.1,13.6,7.4,5.6,2.9,1.9,7.3,13.1,6.1,4.2,3.2,14.4,7.5,5.9,3.2,2.3,6.9,14,5.5,4.3,3,13.1,7.3,5.4,2.7,1.6,14.9,29.8,11.2,6.5,6.6,21.1,15.4,12.1,5.2,2.4,14.8,30.7,11.1,5.5,5.8,21.5,15.8,12.4,5.1,2.2,14.9,28.9,11.4,7.5,7.3,20.9,15.1,11.7,5.3,2.6,10.7,16.8,8.7,8.2,8.3,14.3,9.6,7.6,4.3,2.3,11.1,16.5,9.4,8.7,8.1,15.8,10.1,8.1,4.2,2.4,10.4,17,8.3,7.8,8.4,13.6,9.2,7.2,4.4,2.3,5.8,10.8,4.7,3.8,2.6,11.7,6.1,4.6,2.6,1.8,5.9,10.1,5,3.8,2.9,12.4,6.1,4.7,2.9,2.3,5.6,11.3,4.5,3.8,2.4,11.3,6.1,4.5,2.4,1.5,180148000
3/1/1986,7.1,13.5,5.8,4.3,3.2,13.6,7.4,5.6,2.9,1.9,7.4,13.1,6.1,4.2,3.4,14.4,7.5,5.9,3.2,2.3,6.9,13.9,5.5,4.3,3,13.1,7.3,5.4,2.7,1.7,14.9,29.7,11.3,6.7,6.6,21.2,15.5,12,5.3,2.5,14.8,30.7,11.1,5.7,5.6,21.4,15.9,12.4,5,2.2,15,28.9,11.4,7.7,7.6,21,15.2,11.5,5.6,2.8,10.7,16.7,8.8,7.8,7.9,14.2,9.7,7.5,4.3,2.6,11.1,16.5,9.5,8.2,7.2,15.9,10,7.9,4.4,2.9,10.4,16.8,8.4,7.6,8.2,13.4,9.5,7.1,4.2,2.4,5.8,10.7,4.8,3.8,2.7,11.8,6.1,4.6,2.6,1.8,6,10.2,5,3.8,3.1,12.5,6.1,4.7,2.9,2.3,5.6,11.3,4.6,3.8,2.5,11.3,6.1,4.5,2.4,1.5,179985000
2/1/1986,7.1,13.5,5.8,4.2,3.1,13.6,7.4,5.6,2.9,1.9,7.4,13.1,6.1,4.2,3.3,14.5,7.5,5.9,3.2,2.4,6.9,13.9,5.5,4.3,3,13.1,7.3,5.3,2.7,1.7,15,29.6,11.4,6.7,6.9,21.1,15.6,12.1,5.5,2.6,14.8,30.4,11.2,5.6,5.9,21.2,15.8,12.6,5.3,2,15.1,28.9,11.5,7.8,7.8,21,15.3,11.5,5.9,3.1,10.7,16.9,8.8,7.8,7.2,14.2,9.8,7.4,4.3,2.8,11.1,16.7,9.4,8.5,5.4,16.2,9.9,7.6,4.5,3.1,10.4,17,8.3,7.5,8,13.2,9.7,7.2,4.2,2.5,5.8,10.8,4.7,3.8,2.7,11.8,6.1,4.6,2.6,1.8,6,10.3,5,3.8,3,12.5,6.2,4.8,2.9,2.3,5.6,11.3,4.5,3.8,2.5,11.4,6.1,4.4,2.5,1.5,179821000
1/1/1986,7.1,13.5,5.8,4.2,3.1,13.6,7.4,5.6,3,1.9,7.4,13.1,6.1,4.1,3.3,14.5,7.5,5.9,3.2,2.4,6.9,14,5.5,4.3,3,13.1,7.4,5.3,2.8,1.6,15.1,29.8,11.5,6.6,6.8,21.2,15.7,12.1,5.6,2.6,14.9,30.4,11.4,5.6,5.3,21.5,16,12.6,5.1,2,15.2,29.2,11.6,7.6,8.4,21.1,15.4,11.5,6.2,3.2,10.5,16.5,8.7,7.5,7.5,14,9.6,7.2,4.3,2.8,11,16.3,9.3,8.3,5.8,16.1,9.5,7.4,4.4,3.4,10.2,16.7,8.3,7,8.5,13,9.6,7,4.2,2.5,5.8,10.8,4.7,3.8,2.6,11.8,6.1,4.6,2.7,1.7,6,10.2,5,3.7,3,12.6,6.1,4.7,2.9,2.3,5.6,11.4,4.5,3.8,2.4,11.3,6.1,4.4,2.5,1.5,179670000
12/1/1985,7.2,13.6,5.8,4.2,3.1,13.8,7.4,5.6,3,1.9,7.4,13.1,6.2,4.2,3.2,14.7,7.5,5.9,3.3,2.4,7,14.1,5.6,4.3,3.1,13.2,7.4,5.3,2.8,1.6,15.2,29.9,11.6,6.9,6.8,21.4,15.7,12.2,5.7,2.5,15,30.2,11.6,5.7,5.1,21.5,16.1,12.6,5.4,2.1,15.3,29.5,11.6,7.9,8.6,21.3,15.3,11.7,6.2,3,10.5,16.4,8.7,7.6,7.7,14.1,9.6,7.1,4.3,2.9,11,16,9.4,9,5.8,16.3,9.2,7.5,4.5,3.7,10.2,16.7,8.3,6.8,8.7,12.9,9.9,6.9,4.2,2.4,5.8,10.9,4.8,3.8,2.6,11.9,6.1,4.6,2.7,1.8,6,10.3,5.1,3.7,3,12.7,6.1,4.8,3,2.3,5.7,11.5,4.6,3.8,2.4,11.4,6.1,4.5,2.5,1.5,179112000
11/1/1985,7.2,13.6,5.8,4.3,3.1,13.8,7.4,5.6,3,1.9,7.4,13.1,6.2,4.2,3.2,14.7,7.5,5.9,3.3,2.4,7,14.1,5.6,4.3,3,13.3,7.4,5.3,2.9,1.7,15.2,29.9,11.6,7,7.1,21.5,15.7,12.1,5.8,2.5,15,30.1,11.6,5.9,5.1,21.5,16.1,12.5,5.3,2.1,15.4,29.8,11.6,8.1,9.1,21.5,15.3,11.6,6.4,2.9,10.5,16.5,8.7,7.5,6.4,14,9.6,7.2,4.3,3.4,11,15.9,9.5,8.6,3.6,16.3,9.2,7.6,4.6,3.8,10.2,16.8,8.3,6.9,7.9,12.9,9.8,6.9,4.1,3.1,5.9,10.9,4.8,3.8,2.6,12,6.1,4.6,2.8,1.8,6,10.3,5.1,3.7,3,12.7,6.1,4.8,3,2.3,5.7,11.5,4.6,3.8,2.4,11.5,6.1,4.5,2.6,1.6,178940000
10/1/1985,7.2,13.6,5.9,4.3,3.1,13.8,7.4,5.7,3.1,2,7.5,13,6.2,4.2,3.2,14.6,7.5,6,3.4,2.4,7,14.1,5.6,4.4,3,13.3,7.4,5.4,2.9,1.8,15.2,29.8,11.6,7.2,7.1,21.5,15.6,12.2,5.7,2.5,15.1,29.8,11.7,6.1,5.2,21.7,16,12.8,5.1,2.2,15.3,29.8,11.4,8.2,9.1,21.3,15.1,11.6,6.4,2.8,10.5,16.3,8.7,7.7,5.5,14,9.5,7,4.2,3.4,11,15.7,9.6,8.4,2.6,16.4,9.1,7.3,4.7,3.8,10.2,16.7,8.2,7.2,7,12.8,9.8,6.8,3.8,3.2,5.9,10.9,4.8,3.8,2.6,11.9,6.2,4.7,2.8,1.8,6.1,10.3,5.1,3.8,3,12.6,6.1,4.9,3.1,2.3,5.8,11.5,4.6,3.9,2.4,11.5,6.2,4.5,2.6,1.6,178770000
9/1/1985,7.3,13.6,5.9,4.4,3.1,13.8,7.4,5.7,3.1,2,7.5,13,6.3,4.3,3.2,14.6,7.5,6,3.4,2.4,7.1,14.1,5.6,4.4,3,13.3,7.4,5.4,2.8,1.8,15.3,29.7,11.6,7.5,7.1,21.7,15.6,12.3,5.5,2.8,15.2,29.5,11.9,6.4,5.3,21.8,16,13,5.1,2.5,15.3,29.8,11.4,8.5,9.1,21.6,15.1,11.5,6.1,3,10.5,16.1,8.8,7.9,5.8,13.9,9.6,7.1,4,3.7,11,15.7,9.6,9,2,16.2,9.4,7.5,4.6,4,10.1,16.5,8.2,7.2,7.7,12.7,9.8,6.8,3.6,3.6,5.9,10.9,4.9,3.9,2.6,12,6.2,4.7,2.8,1.9,6.1,10.3,5.1,3.8,3,12.6,6.2,4.9,3.2,2.3,5.8,11.5,4.7,3.9,2.3,11.6,6.2,4.6,2.6,1.6,178572000
8/1/1985,7.3,13.6,5.9,4.4,3.1,13.8,7.5,5.7,3.1,2.1,7.5,13,6.3,4.3,3.2,14.6,7.5,6.1,3.5,2.4,7.1,14.2,5.6,4.5,3,13.3,7.4,5.3,2.8,1.9,15.2,29.7,11.6,7.4,7,21.6,15.6,12.3,5.4,2.8,15.2,29.5,11.9,6.2,5.1,21.8,15.9,13.1,5,2.5,15.3,29.9,11.2,8.5,8.9,21.5,15.3,11.4,5.9,3.1,10.5,16,8.8,8,6,13.9,9.6,7.2,3.9,4,10.9,15.4,9.5,8.9,2,16,9.1,7.4,4.7,4.5,10.3,16.4,8.4,7.4,7.9,12.8,9.9,6.9,3.4,3.8,6,11,4.9,3.9,2.6,12,6.2,4.7,2.9,1.9,6.1,10.3,5.2,3.8,3,12.6,6.1,5,3.2,2.3,5.8,11.6,4.7,3.9,2.4,11.6,6.2,4.5,2.6,1.7,178405000
7/1/1985,7.3,13.7,5.9,4.4,3.1,13.9,7.5,5.7,3.1,2.1,7.6,13.1,6.3,4.3,3.1,14.7,7.5,6.1,3.4,2.5,7.1,14.2,5.6,4.5,3.1,13.3,7.5,5.4,2.8,2,15.4,30,11.7,7.2,7,21.8,15.7,12.4,5.5,3,15.3,29.6,12.1,5.9,4.9,22,15.9,13.2,5.2,2.6,15.5,30.3,11.2,8.5,9.3,21.6,15.4,11.4,5.8,3.4,10.5,15.9,8.9,8.1,6,14,9.5,7.2,4,4.1,10.9,15.1,9.6,9,2.5,16,8.9,7.5,4.8,4.4,10.3,16.5,8.4,7.6,7.8,13,9.9,6.9,3.4,4,6,11.1,4.9,3.9,2.6,12,6.2,4.8,2.8,2,6.2,10.5,5.2,3.8,2.9,12.7,6.2,5,3.2,2.3,5.8,11.6,4.7,4,2.5,11.6,6.2,4.6,2.6,1.8,178263000
6/1/1985,7.3,13.7,5.9,4.4,3,13.9,7.5,5.7,3.1,2.2,7.6,13.1,6.3,4.3,3.1,14.8,7.5,6.1,3.5,2.6,7.1,14.2,5.6,4.6,3,13.4,7.4,5.4,2.9,2,15.5,30.1,11.7,7.4,6.7,22,15.7,12.5,5.6,3.3,15.4,29.8,12.1,6.1,4.8,22.2,15.9,13.1,5.4,3,15.6,30.5,11.4,8.5,8.7,21.8,15.5,11.8,5.9,3.7,10.5,15.7,8.9,8.1,6.5,13.9,9.4,7.2,4.2,4.2,10.8,15,9.6,8.7,3,15.6,9,7.6,5.2,4.3,10.3,16.2,8.5,7.6,8.3,13,9.8,6.9,3.4,4.2,6,11,4.9,3.9,2.6,12.1,6.2,4.8,2.9,2,6.2,10.4,5.2,3.8,2.9,12.7,6.2,5,3.2,2.5,5.8,11.6,4.7,4,2.4,11.7,6.2,4.6,2.6,1.8,178096000
5/1/1985,7.3,13.7,5.9,4.4,3.1,13.9,7.4,5.7,3.1,2.2,7.6,13.1,6.3,4.3,3.2,14.7,7.5,6.1,3.5,2.6,7.1,14.2,5.6,4.5,3,13.3,7.4,5.4,2.9,2,15.6,30.1,11.9,7.2,6.7,21.9,15.8,12.7,5.7,3.5,15.4,29.7,12.1,6.2,4.8,22.2,16,13.3,5.3,3.1,15.8,30.5,11.6,8.3,8.7,21.7,15.7,12,6.3,3.9,10.5,15.8,8.8,8.1,6.1,13.9,9.3,7.3,4.4,4,10.7,14.8,9.6,8.5,2.2,15.5,8.7,7.7,5.8,3.6,10.3,16.4,8.4,7.9,8.4,13,9.7,6.9,3.4,4.3,6,11,4.9,4,2.6,12,6.2,4.8,2.9,2,6.2,10.5,5.2,3.8,3,12.7,6.2,5,3.2,2.5,5.8,11.5,4.7,4.1,2.4,11.6,6.2,4.6,2.6,1.8,177944000
4/1/1985,7.3,13.7,6,4.4,3.1,13.9,7.5,5.8,3.1,2.2,7.6,13.1,6.3,4.2,3.2,14.7,7.5,6.1,3.5,2.6,7.2,14.1,5.7,4.6,3.1,13.4,7.5,5.4,2.9,2,15.6,30.1,11.9,7,6.7,21.9,15.9,12.7,5.8,3.4,15.4,29.9,12.1,5.9,4.4,22.2,16,13.3,5.3,3,15.8,30.3,11.7,8.1,9,21.7,15.7,12,6.5,3.8,10.5,15.7,8.8,8.4,6.1,13.9,9.1,7.4,4.5,3.7,10.7,14.9,9.5,8.2,2.1,15.4,8.6,7.9,6.1,3.2,10.3,16.3,8.4,8.5,8.5,13.2,9.5,7,3.3,3.9,6,11,4.9,4,2.7,12.1,6.2,4.8,2.8,2.1,6.2,10.5,5.2,3.8,3.1,12.7,6.2,5,3.2,2.5,5.9,11.5,4.7,4.1,2.5,11.7,6.2,4.6,2.6,1.8,177799000
3/1/1985,7.4,13.8,6,4.4,3.1,14,7.5,5.8,3.1,2.2,7.6,13.3,6.3,4.2,3.2,14.7,7.5,6.2,3.5,2.7,7.2,14.2,5.7,4.6,3.1,13.5,7.5,5.5,2.9,2,15.7,30.4,12.1,6.8,6.2,22,16,12.8,5.8,3.5,15.5,30.3,12.2,5.6,4.1,22.2,16.1,13.5,5.4,3.1,16,30.5,11.9,8,8.4,21.8,16,12.1,6.4,4,10.6,16.1,8.8,8.7,6.5,14.1,9,7.7,4.7,3.7,10.8,15.2,9.5,8.2,2.2,15.4,8.5,8.2,6.4,2.6,10.5,16.7,8.3,9.1,9.1,13.4,9.4,7.3,3.3,4.3,6,11.1,4.9,4,2.8,12.1,6.2,4.8,2.8,2.1,6.2,10.6,5.2,3.8,3.2,12.7,6.2,5.1,3.2,2.6,5.9,11.6,4.7,4.1,2.5,11.8,6.3,4.6,2.6,1.8,177667000
2/1/1985,7.4,13.9,6,4.5,3.1,14,7.6,5.9,3.1,2.3,7.6,13.3,6.4,4.1,3.3,14.8,7.5,6.3,3.5,2.7,7.3,14.3,5.8,4.7,3,13.6,7.6,5.5,2.9,2.1,15.9,30.6,12.2,6.9,6.1,22.1,16.2,12.8,5.8,3.6,15.6,30.6,12.3,5.6,4.1,22.4,16.1,13.6,5.4,3.3,16.1,30.5,12,8.3,8.1,22,16.3,11.8,6.4,3.9,10.7,16.5,8.8,8.8,7,14.2,9.2,7.7,4.9,3.7,11,15.8,9.6,8.2,3.7,15.5,8.9,8.3,6.6,2.6,10.5,17,8.3,9.3,9.1,13.6,9.4,7.2,3.5,4.2,6.1,11.2,5,4,2.7,12.2,6.3,4.9,2.9,2.1,6.2,10.6,5.2,3.7,3.2,12.7,6.2,5.1,3.2,2.6,6,11.7,4.8,4.2,2.4,11.9,6.3,4.7,2.6,1.9,177516000
1/1/1985,7.5,13.9,6.1,4.5,3.1,14.1,7.6,5.9,3.2,2.3,7.7,13.4,6.4,4.1,3.4,14.8,7.5,6.3,3.5,2.7,7.4,14.4,5.8,4.8,3,13.7,7.7,5.5,2.9,2.2,15.9,30.6,12.2,7.2,6.1,22.1,16.3,12.7,6.1,3.7,15.7,30.6,12.4,5.6,4.4,22.3,16.1,13.6,5.8,3.5,16.1,30.6,12,8.7,7.7,22,16.4,11.7,6.5,3.8,10.8,16.7,8.8,9.3,6.7,14.4,9.3,7.6,4.8,3.6,11.1,16.2,9.5,8.4,3.8,15.6,9.1,8.2,6.5,2.3,10.6,17.1,8.3,9.9,8.5,13.6,9.5,7,3.4,4.3,6.2,11.3,5,4,2.8,12.3,6.3,4.9,2.9,2.2,6.3,10.7,5.2,3.7,3.3,12.8,6.2,5.1,3.2,2.6,6.1,11.8,4.9,4.2,2.4,12,6.4,4.7,2.6,2,177384000
12/1/1984,7.6,14.1,6.1,4.6,3.1,14.1,7.7,5.9,3.2,2.4,7.7,13.5,6.4,4.2,3.4,14.8,7.6,6.3,3.6,2.7,7.4,14.6,5.9,4.9,3,13.7,7.9,5.6,2.9,2.2,16.1,31,12.4,7.2,6.1,22.3,16.6,12.9,6.4,3.8,15.9,31.2,12.5,5.5,4.8,22.6,16.3,13.8,6.1,3.6,16.3,30.8,12.2,8.8,7.4,22,16.8,11.8,6.9,4,10.8,16.9,8.8,9.3,6,14.5,9.3,7.6,4.6,3.6,11.1,16.3,9.5,8.1,3.3,15.6,9.3,8.1,6.3,2,10.6,17.3,8.3,10.1,7.8,13.8,9.3,7.1,3.2,4.4,6.2,11.4,5.1,4.1,2.8,12.3,6.4,5,2.9,2.2,6.3,10.7,5.2,3.8,3.3,12.7,6.2,5.1,3.2,2.7,6.2,11.9,5,4.3,2.5,12,6.6,4.8,2.7,2,177306000
11/1/1984,7.7,14.2,6.2,4.7,3.3,14.3,7.8,6,3.2,2.3,7.8,13.6,6.5,4.2,3.5,14.9,7.7,6.4,3.6,2.7,7.5,14.7,6,4.9,3.1,13.9,8,5.7,2.9,2.2,16.3,31.5,12.5,7.3,6.1,22.4,16.9,13.2,6.6,3.8,16.2,32,12.7,5.6,4.9,22.8,16.7,14.2,6.2,3.6,16.4,31.1,12.3,9.1,7.1,22,17,12.1,7.1,4,10.9,16.8,9,9.3,6,14.7,9.4,7.5,4.7,3,11.2,16.2,9.7,7.9,3.9,15.9,9.4,7.9,6.2,1.9,10.7,17.3,8.4,10.2,7.4,14,9.4,7.1,3.4,3.5,6.3,11.5,5.1,4.1,2.9,12.4,6.5,5,2.9,2.2,6.3,10.8,5.3,3.9,3.4,12.8,6.3,5.2,3.2,2.7,6.2,12.1,5,4.3,2.6,12.2,6.7,4.9,2.7,2,177135000
10/1/1984,7.8,14.4,6.3,4.7,3.2,14.4,8,6.1,3.3,2.3,7.9,13.8,6.5,4.3,3.5,15.1,7.8,6.4,3.6,2.7,7.7,14.9,6.1,5,3.1,14,8.1,5.9,3,2.2,16.5,32.1,12.6,7.4,5.9,22.4,17.3,13.3,6.8,3.8,16.4,32.5,12.8,5.5,4.7,22.8,17.2,14.1,6.3,3.5,16.7,31.6,12.5,9.4,6.9,22.1,17.4,12.3,7.4,4.1,11.1,16.9,9.2,9.5,6.1,14.8,9.5,7.7,4.8,2.8,11.4,16.5,9.8,8.2,4.1,16.1,9.5,8.1,6.2,1.6,10.9,17.2,8.7,10.3,7.4,14.1,9.6,7.3,3.5,3.3,6.4,11.6,5.2,4.2,3,12.6,6.6,5.1,2.9,2.2,6.4,11,5.3,3.9,3.4,13,6.4,5.2,3.2,2.7,6.4,12.3,5.1,4.4,2.6,12.4,6.8,5.1,2.7,2,176956000
9/1/1984,7.9,14.6,6.4,4.7,3.2,14.5,8.1,6.2,3.3,2.3,8,14,6.5,4.2,3.5,15.2,7.8,6.5,3.6,2.7,7.8,15.1,6.2,5,3,14.2,8.3,6,3.1,2.2,16.7,32.6,12.8,7.4,5.8,22.4,17.6,13.4,7.2,3.6,16.6,33.2,13,5.5,4.4,23,17.6,14.2,6.6,3.2,16.9,32.1,12.6,9.3,6.9,22,17.6,12.6,7.9,4.1,11.1,16.9,9.2,9.6,5.4,14.9,9.6,7.7,4.9,2.4,11.4,16.6,9.8,8.3,4,16.1,9.6,8.1,6.2,1.5,11,17.2,8.9,10.4,6.4,14.3,9.7,7.3,3.7,2.8,6.5,11.8,5.3,4.2,2.9,12.7,6.7,5.2,3,2.2,6.5,11.1,5.3,3.9,3.4,13.1,6.4,5.3,3.2,2.7,6.5,12.5,5.2,4.4,2.6,12.5,6.9,5.2,2.8,2,176763000
8/1/1984,8,14.8,6.5,4.7,3.3,14.7,8.2,6.3,3.4,2.4,8.1,14.2,6.6,4.3,3.7,15.3,8,6.5,3.8,2.7,8,15.3,6.4,5.1,3.1,14.4,8.4,6.2,3.1,2.2,17,33,13.1,7.4,6.7,22.7,17.9,13.6,7.7,3.8,16.9,33.7,13.2,5.4,5.3,23.1,18.1,14,7.1,3.4,17.2,32.5,12.9,9.4,8,22.3,17.7,13,8.4,4.3,11.3,17.2,9.4,9.7,4.9,15.1,10,7.7,5,2.1,11.6,16.8,10,8.6,4,16.2,10,8.1,6.3,1.1,11.2,17.5,9.1,10.4,5.6,14.4,10,7.3,3.9,2.7,6.6,12,5.4,4.2,3,12.9,6.8,5.3,3,2.3,6.5,11.2,5.4,3.9,3.5,13.1,6.5,5.3,3.3,2.7,6.6,12.7,5.4,4.5,2.7,12.7,7.1,5.3,2.8,2.1,176583000
7/1/1984,8.2,15,6.6,4.8,3.4,14.9,8.4,6.5,3.5,2.4,8.2,14.3,6.7,4.3,3.7,15.4,8.1,6.6,3.8,2.8,8.2,15.7,6.6,5.1,3.2,14.6,8.7,6.4,3.2,2.3,17.3,33.7,13.3,7.6,7.3,23,18.2,13.9,8,3.7,17.1,34.2,13.3,5.6,5.7,23.3,18.3,14.3,7.3,3.2,17.6,33.2,13.3,9.5,8.7,22.7,18.2,13.3,8.9,4.2,11.5,17.5,9.6,9.7,4.4,15.3,10.3,7.8,5.1,2,11.8,17.2,10.1,8.5,4,16.4,10.1,8.2,6.5,1.1,11.4,17.8,9.3,10.5,4.6,14.6,10.4,7.5,4.1,2.5,6.7,12.2,5.5,4.3,3,13.1,7,5.4,3.1,2.3,6.6,11.3,5.5,3.9,3.4,13.3,6.6,5.4,3.3,2.8,6.8,13,5.5,4.5,2.7,12.9,7.3,5.5,2.9,2.1,176440000
6/1/1984,8.3,15.3,6.8,4.9,3.5,15.1,8.6,6.6,3.5,2.5,8.3,14.5,6.8,4.4,3.8,15.6,8.2,6.7,3.8,2.8,8.3,16,6.7,5.2,3.3,14.8,8.9,6.5,3.3,2.3,17.6,34,13.5,7.4,8,23,18.6,14.1,8.2,3.8,17.2,34.5,13.4,5.5,6.3,23.1,18.6,14.6,7.6,2.8,17.9,33.6,13.5,9.3,9.4,22.9,18.5,13.5,9.1,4.6,11.7,17.9,9.7,9.8,3.9,15.5,10.5,7.9,5.1,2,12,17.8,10.1,8.6,3.4,16.7,10.1,8.4,6.4,0.8,11.6,18,9.5,10.6,4.3,14.8,10.7,7.5,4.1,2.7,6.9,12.4,5.6,4.4,3,13.2,7.1,5.6,3.1,2.4,6.7,11.5,5.6,4,3.5,13.5,6.6,5.5,3.3,2.8,7,13.3,5.7,4.6,2.7,13,7.6,5.7,2.9,2.1,176284000
5/1/1984,8.5,15.7,7,4.9,3.5,15.4,8.8,6.8,3.6,2.5,8.5,14.9,7,4.5,3.7,15.9,8.3,7,3.9,2.9,8.6,16.4,6.9,5.3,3.3,15.1,9.2,6.7,3.3,2.4,18,34.9,13.8,7.7,8.2,23.4,19.1,14.5,8.3,3.9,17.7,35.6,13.7,5.7,6.3,23.6,19,15.1,7.8,3,18.3,34.3,13.9,9.6,9.8,23.3,19.1,13.9,9.1,4.7,12.1,18.5,10,9.7,4.2,16,10.7,8.1,4.9,2.1,12.4,18.3,10.5,8.5,3.8,17.4,10.3,8.9,5.9,0.8,11.9,18.6,9.7,10.5,4.4,15.2,11,7.5,4.1,2.7,7.1,12.8,5.8,4.4,3,13.5,7.3,5.8,3.2,2.4,6.9,11.8,5.7,4.1,3.4,13.8,6.8,5.7,3.4,3,7.2,13.6,5.9,4.6,2.7,13.3,7.8,5.9,3,2.2,176123000
4/1/1984,8.7,16,7.2,5,3.5,15.7,9.1,7,3.7,2.6,8.6,15.1,7.2,4.5,3.6,16.2,8.5,7.1,4,3,8.8,16.8,7.2,5.4,3.3,15.4,9.6,6.9,3.5,2.4,18.4,35.5,14.1,8,8.5,23.7,19.5,14.9,8.5,3.9,18,35.8,14,5.9,6.7,23.7,19.3,15.4,8.1,3.1,18.8,35.3,14.2,9.9,10.1,23.7,19.8,14.4,9,4.8,12.3,18.9,10.3,9.6,4.4,16.3,11.1,8.1,4.7,2.4,12.7,18.8,10.8,8.8,4.1,17.9,10.7,9.1,5.5,0.9,12.1,19,9.9,10.1,4.6,15.5,11.5,7.4,4.2,3.2,7.2,13,6,4.5,2.9,13.8,7.6,5.9,3.3,2.4,7,11.9,5.9,4.1,3.3,14,6.9,5.7,3.5,3,7.4,14,6.1,4.7,2.7,13.6,8.1,6.1,3.1,2.2,175969000
3/1/1984,9,16.3,7.4,5.2,3.5,16,9.3,7.2,3.8,2.6,8.8,15.3,7.3,4.6,3.5,16.4,8.7,7.1,4.1,3.1,9.1,17.2,7.4,5.6,3.5,15.7,9.9,7.2,3.6,2.4,18.7,35.9,14.4,8.3,9.3,23.9,20,15.3,8.7,4,18.3,36.2,14.2,6.1,7.3,24.1,19.6,15.6,8.4,3,19.2,35.7,14.6,10.3,11,23.8,20.3,15,9,4.9,12.6,19.3,10.6,9.6,4.7,16.7,11.5,8.2,4.8,2.6,13,19.4,11.1,9,4.6,18.3,11.2,9.2,5,0.8,12.3,19.3,10.2,9.9,4.7,15.7,11.8,7.2,4.7,3.6,7.4,13.3,6.2,4.7,2.8,14,7.8,6.1,3.4,2.4,7.1,12.1,6,4.3,3.1,14.2,7,5.8,3.6,3.1,7.6,14.4,6.3,4.9,2.7,14,8.5,6.3,3.3,2.1,175824000
2/1/1984,9.2,16.6,7.6,5.3,3.5,16.3,9.6,7.4,3.9,2.6,9,15.5,7.4,4.8,3.4,16.6,8.8,7.2,4.1,3.2,9.4,17.6,7.7,5.7,3.5,16,10.3,7.5,3.7,2.3,19,36.3,14.7,8.4,9.2,24,20.4,15.7,8.7,4.2,18.5,36.4,14.5,6.3,7,24.2,20,15.8,8.5,3.1,19.5,36.2,14.9,10.4,11.1,23.9,20.7,15.7,9.1,5.1,13,19.6,10.9,10,4.3,17,11.9,8.5,5.1,2.9,13.4,19.7,11.4,9.5,3.2,18.7,11.5,9.7,5.3,0.5,12.7,19.6,10.5,10.2,4.9,16,12.3,7.5,4.9,4.1,7.6,13.6,6.4,4.8,2.8,14.3,8,6.2,3.5,2.4,7.3,12.3,6.1,4.4,3,14.4,7.2,5.8,3.7,3.2,7.9,14.8,6.6,5.1,2.8,14.3,8.8,6.6,3.4,2.1,175679000
1/1/1984,9.4,17,7.8,5.5,3.5,16.6,9.9,7.6,4,2.6,9.1,15.7,7.6,4.9,3.2,16.8,9.1,7.3,4.2,3.3,9.6,18.1,7.9,5.9,3.7,16.4,10.6,7.8,3.8,2.3,19.3,36.6,15,8.5,9.4,24.2,20.7,16.1,9,4.3,18.8,36.7,14.7,6.5,7,24.4,20.4,15.9,8.4,3.3,19.9,36.5,15.3,10.5,11.5,24.2,21.1,16.3,9.7,5.2,13.4,20.2,11.2,10.5,4.7,17.4,12.3,9,5.5,3.1,13.8,20.3,11.8,10.1,2.6,19.1,11.7,10.5,6,0.1,13.1,20.2,10.8,10.8,5.8,16.4,12.7,7.8,5.1,4.5,7.8,13.9,6.6,4.9,2.9,14.6,8.3,6.4,3.6,2.4,7.4,12.5,6.2,4.5,2.8,14.6,7.4,6,3.7,3.3,8.2,15.2,6.8,5.2,2.9,14.7,9.2,6.8,3.4,2,175533000
12/1/1983,9.6,17.3,8,5.6,3.5,16.9,10.1,7.8,4.1,2.6,9.3,16,7.8,5,3.2,17.1,9.2,7.5,4.3,3.4,9.9,18.4,8.2,6,3.8,16.7,11,8,3.9,2.3,19.7,37,15.3,8.8,9,24.5,21.1,16.4,9,4.5,19,37,14.9,6.9,6.3,24.5,20.7,16.1,8.2,3.5,20.3,37,15.7,10.5,11.4,24.5,21.5,16.7,10.1,5.4,13.7,20.6,11.5,10.9,5.6,17.7,12.6,9.3,5.8,3,14.2,20.6,12.2,10.3,3.4,19.4,12,11,6.3,0.5,13.4,20.6,11.1,11.2,6.8,16.7,13.2,8,5.5,4.2,8,14.2,6.8,5,2.9,14.9,8.5,6.6,3.7,2.4,7.6,12.7,6.4,4.5,2.8,14.9,7.5,6.1,3.9,3.4,8.4,15.5,7,5.3,3,15,9.5,7,3.5,2,175121000
11/1/1983,9.8,17.6,8.2,5.7,3.5,17.2,10.4,7.9,4.1,2.6,9.5,16.2,8,5.1,3.1,17.4,9.4,7.6,4.4,3.4,10.1,18.8,8.4,6.1,3.8,17.1,11.3,8.2,4,2.3,19.9,37.2,15.6,8.9,8.7,24.8,21.3,16.6,9.2,4.6,19,36.8,15,7.1,6.2,24.6,20.6,16.1,8.3,3.4,20.8,37.6,16.2,10.5,10.9,25,22,17.2,10.2,5.6,14,21.1,11.7,11.2,6.3,17.9,13,9.7,6,3.7,14.5,21.3,12.4,10.6,2.9,19.6,12.4,11.4,6.6,0.7,13.7,21,11.3,11.5,7.9,17,13.5,8.2,5.5,5,8.2,14.5,6.9,5.1,2.9,15.3,8.8,6.7,3.7,2.4,7.8,13,6.6,4.6,2.7,15.2,7.7,6.2,4,3.4,8.6,15.9,7.2,5.4,3,15.3,9.8,7.2,3.6,2,174951000
10/1/1983,10,17.9,8.4,5.7,3.6,17.5,10.6,8.1,4.3,2.7,9.7,16.4,8.1,5.2,3.1,17.6,9.6,7.8,4.6,3.4,10.3,19.2,8.5,6.1,3.9,17.3,11.5,8.4,4,2.3,20.1,37.4,15.8,8.9,8.8,25.2,21.5,16.8,9.2,4.6,19.2,36.9,15.1,7.1,6.6,24.8,20.7,16.3,8.4,3.5,21.1,37.9,16.6,10.6,10.7,25.5,22.3,17.4,10.1,5.5,14.3,21.7,11.8,11.2,7.2,18,13.3,10,6.2,4.1,14.7,21.6,12.6,10.5,4.1,19.7,12.5,11.8,7.1,1.9,13.9,21.7,11.3,11.7,8.6,17.1,13.9,8.6,5.6,5.2,8.4,14.8,7.1,5.2,2.9,15.5,9,6.9,3.8,2.5,7.9,13.2,6.7,4.7,2.7,15.5,7.9,6.3,4.1,3.4,8.8,16.2,7.4,5.5,3.1,15.6,10,7.3,3.6,2.1,174779000
9/1/1983,10.2,18.1,8.5,5.8,3.7,17.6,10.7,8.2,4.3,2.7,9.8,16.6,8.2,5.2,3.2,17.7,9.7,7.8,4.7,3.6,10.5,19.4,8.7,6.2,4.1,17.5,11.7,8.5,4.1,2.3,20.3,37.6,16,9,8.7,25.3,21.6,17.1,9.2,4.8,19.2,36.9,15.1,7,6.7,24.7,20.7,16.5,8.4,4,21.4,38.2,16.8,10.8,10.5,25.8,22.5,17.8,10.1,5.6,14.4,22,12,11.1,8.2,18.2,13.5,10.2,6.6,4.7,15,21.9,12.8,10.1,4.8,20,12.6,12,7.9,3.3,14.1,22.1,11.4,11.6,9.9,17.1,14.2,8.8,5.4,5.3,8.6,15,7.2,5.2,3,15.7,9.2,7,3.9,2.5,8.1,13.4,6.9,4.7,2.7,15.6,8.1,6.4,4.2,3.5,8.9,16.4,7.5,5.5,3.2,15.7,10.2,7.5,3.7,2,174602000
8/1/1983,10.3,18.2,8.6,5.8,3.7,17.7,10.8,8.3,4.4,2.7,9.9,16.7,8.3,5.3,3.1,17.9,9.8,7.9,4.7,3.7,10.6,19.6,8.8,6.2,4.1,17.6,11.7,8.6,4.1,2.3,20.4,37.6,16.1,9.1,7.9,25.4,21.5,17.5,9,5.1,19.2,36.9,15.1,7,6.1,24.6,20.5,16.9,8.2,4.5,21.5,38.3,17.1,11,9.4,26,22.6,18.2,10,5.6,14.5,22.3,12,10.9,8.5,18.2,13.5,10.4,6.6,5.3,15.2,22.4,13,9.9,4.7,20.3,12.9,12.1,8,5.4,14.1,22.3,11.3,11.4,10.2,17.1,14.1,9.1,5.5,5.2,8.7,15.2,7.3,5.2,3.1,15.8,9.3,7,4,2.5,8.2,13.5,6.9,4.8,2.7,15.8,8.2,6.3,4.2,3.6,9,16.6,7.6,5.5,3.3,15.9,10.3,7.5,3.8,2,174440000
7/1/1983,10.3,18.3,8.6,5.8,3.7,17.8,10.9,8.3,4.3,2.7,9.9,16.8,8.3,5.2,3.1,17.9,9.9,7.9,4.6,3.8,10.6,19.6,8.8,6.2,4.1,17.7,11.8,8.6,4.1,2.2,20.4,37.4,16.1,9,7.3,25.3,21.5,17.5,8.8,5.5,19.2,36.9,15.2,6.9,5.9,24.4,20.6,17,7.9,5.2,21.5,37.9,17.1,11,8.4,25.9,22.4,18.1,9.9,5.8,14.7,22.6,12.1,10.8,8.6,18.4,13.7,10.6,6.4,5.5,15.3,22.5,13.1,9.7,4,20.4,13.1,11.9,7.6,6.1,14.2,22.7,11.4,11.5,10.9,17.3,14.2,9.5,5.4,5.2,8.7,15.3,7.3,5.2,3.1,15.9,9.3,7,3.9,2.4,8.2,13.6,6.9,4.8,2.8,15.8,8.3,6.3,4.2,3.5,9.1,16.7,7.6,5.5,3.3,15.9,10.3,7.5,3.7,1.9,174306000
6/1/1983,10.3,18.4,8.6,5.8,3.6,17.8,10.9,8.3,4.3,2.7,9.9,17,8.3,5.3,3,18,9.9,7.9,4.6,3.8,10.6,19.7,8.8,6.1,4.1,17.7,11.8,8.6,4.1,2.2,20.4,37.6,16.1,9.2,6.7,25.3,21.3,17.7,8.7,5.7,19.3,37.2,15.2,7,5.5,24.5,20.5,17.3,7.7,5.8,21.4,37.9,17,11.2,7.7,25.9,22.2,18.3,9.8,5.6,14.8,23.1,12.2,10.8,8.7,18.5,14,10.8,6.3,5.4,15.4,22.7,13.1,9.5,3.9,20.3,13.2,12,7.5,6.5,14.5,23.4,11.6,11.5,11,17.4,14.6,9.9,5.4,4.9,8.7,15.4,7.3,5.2,3.1,15.9,9.4,7,3.9,2.4,8.2,13.7,6.9,4.8,2.7,15.9,8.3,6.3,4.3,3.5,9.1,16.9,7.6,5.4,3.3,16,10.4,7.5,3.7,1.9,174125000
5/1/1983,10.3,18.4,8.5,5.8,3.6,17.7,10.9,8.2,4.3,2.6,9.9,16.9,8.2,5.2,3,17.8,9.8,7.8,4.7,3.7,10.6,19.8,8.8,6.2,3.9,17.7,11.8,8.6,4.1,2.1,20.2,37.5,15.9,8.9,6.5,25.1,21.1,17.7,8.6,5.8,19.2,37,15,6.7,6,24.2,20.3,17.4,7.8,5.5,21.2,38,16.8,11,6.9,25.8,21.8,18.2,9.7,6,14.8,23,12.1,11.1,8.7,18.3,14.2,10.7,6.4,5.6,15.3,22.6,13,9.9,3.4,20.2,13.3,11.5,7.4,6.7,14.5,23.3,11.6,11.7,11.5,17.3,14.8,10.1,5.5,5,8.7,15.4,7.3,5.2,3,15.9,9.4,6.9,4,2.3,8.2,13.7,6.8,4.8,2.6,15.7,8.2,6.3,4.3,3.4,9.1,16.9,7.6,5.5,3.3,16,10.4,7.5,3.7,1.8,173953000
4/1/1983,10.2,18.3,8.5,5.7,3.6,17.6,10.8,8.1,4.3,2.6,9.8,16.8,8.2,5.2,3.1,17.7,9.7,7.8,4.7,3.7,10.5,19.7,8.7,6.1,3.9,17.6,11.7,8.5,4.1,2.1,20,37.2,15.8,8.9,6.4,24.9,20.8,17.5,8.6,5.9,19.1,36.9,15,6.5,5.5,24,20.3,17.3,7.6,5.7,21,37.5,16.6,11.1,7.2,25.6,21.4,17.8,9.9,6.1,14.8,22.9,12.1,11.3,8.4,18.3,14.1,10.7,6.4,5.7,15.3,22.5,12.9,10.2,3.1,20.2,13.3,11.4,7.6,7.5,14.4,23.2,11.5,11.9,11.1,17.2,14.7,10.2,5.4,5,8.6,15.3,7.2,5.2,3.1,15.8,9.3,6.9,4,2.3,8.1,13.6,6.8,4.8,2.8,15.7,8.1,6.2,4.3,3.3,9,16.9,7.6,5.4,3.2,15.9,10.3,7.4,3.7,1.8,173794000
3/1/1983,10.1,18.3,8.4,5.6,3.6,17.5,10.7,8.1,4.3,2.6,9.8,16.7,8.1,5.2,3.2,17.6,9.7,7.7,4.7,3.7,10.4,19.6,8.5,5.9,3.9,17.4,11.5,8.3,4,2,19.8,36.9,15.5,8.9,6.3,24.7,20.6,17.3,8.6,6,18.9,36.6,14.8,6.6,5,23.5,20.1,17.4,7.4,6.2,20.7,37.3,16.3,11.1,7.3,25.6,21.1,17.2,9.9,5.8,14.6,22.7,11.9,11.5,8.4,18.1,13.8,10.7,6.2,5.4,15.1,21.9,12.8,10.8,2.6,20.2,12.7,11.2,7.7,8.1,14.3,23.3,11.3,11.8,11.2,17,14.6,10.3,4.9,4.3,8.6,15.3,7.2,5.1,3.1,15.7,9.2,6.8,3.9,2.2,8.1,13.6,6.8,4.8,3,15.6,8.1,6.2,4.4,3.3,9,16.9,7.5,5.2,3.3,15.8,10.2,7.3,3.6,1.8,173656000
2/1/1983,10,18.2,8.3,5.5,3.6,17.3,10.5,8,4.2,2.5,9.7,16.6,8.1,5.2,3.2,17.3,9.6,7.7,4.7,3.6,10.3,19.5,8.4,5.8,3.9,17.3,11.3,8.2,4,2,19.7,36.9,15.3,8.9,6.3,24.4,20.3,17.3,8.6,5.9,18.8,36.5,14.6,6.6,5.1,23.1,20,17.3,7.4,6.2,20.5,37.3,16,11,7.3,25.4,20.7,17.2,10.2,5.6,14.4,22.3,11.6,11.1,8.5,17.9,13.4,10.5,5.9,5.3,14.7,21.4,12.5,9.9,3.4,19.8,12.2,10.8,7.2,8.9,14.1,23,11.1,11.7,10.9,16.8,14.4,10.2,4.7,3.8,8.5,15.3,7.1,5,3.2,15.6,9.1,6.7,3.9,2.2,8.1,13.6,6.8,4.8,3,15.4,8.1,6.2,4.4,3.2,8.8,16.8,7.3,5.1,3.3,15.6,10,7.1,3.6,1.8,173505000
1/1/1983,9.9,18.1,8.1,5.4,3.6,17.1,10.3,7.9,4.2,2.5,9.6,16.6,8,5.1,3.3,17.2,9.5,7.6,4.6,3.7,10.1,19.4,8.2,5.7,3.8,17,11,8,3.9,2,19.5,36.8,15.1,8.7,6.5,24.3,20,17.3,8.5,5.7,18.6,36.3,14.4,6.4,4.9,22.9,19.6,17.3,7.4,6.2,20.4,37.3,15.8,10.8,7.8,25.3,20.4,17.2,9.9,5.3,14.1,22,11.4,10.6,8.1,17.6,13,10.3,5.6,5.2,14.4,21.1,12.2,9.4,4.1,19.6,12,10.3,6.6,9.7,13.9,22.7,10.9,11.2,10,16.6,13.9,10.3,4.7,3.3,8.4,15.2,6.9,4.9,3.1,15.4,8.9,6.6,3.8,2.2,8,13.6,6.7,4.7,3.1,15.4,8,6.2,4.3,3.2,8.6,16.6,7.1,5,3.2,15.4,9.8,6.9,3.5,1.8,173354000
12/1/1982,9.7,17.9,7.9,5.3,3.5,16.9,10.1,7.7,4,2.5,9.5,16.4,7.8,5,3.2,17,9.4,7.5,4.5,3.7,9.9,19.2,7.9,5.5,3.7,16.8,10.8,7.8,3.7,2,19.1,36.4,14.7,8.4,7,23.9,19.5,16.8,8.3,5.7,18.2,35.8,14,6.1,5.3,22.7,19,16.9,7.5,6.2,20,36.9,15.4,10.6,8.4,24.9,20.1,16.8,9.3,5.2,13.8,21.7,11.1,10.2,7.2,17.3,12.7,10,5.4,5.2,14.1,21,11.7,9.4,3.4,19.3,11.8,9.8,6,9.8,13.6,22.2,10.7,10.6,8.9,16.3,13.4,10.1,4.8,3.3,8.3,15.1,6.8,4.8,3,15.2,8.8,6.5,3.7,2.2,8,13.5,6.6,4.7,3,15.1,8,6.1,4.2,3.2,8.5,16.5,6.9,4.8,3,15.2,9.5,6.8,3.4,1.8,173199000
11/1/1982,9.5,17.7,7.7,5.1,3.5,16.5,9.9,7.6,4,2.5,9.4,16.3,7.7,4.9,3.2,16.6,9.2,7.4,4.4,3.7,9.7,18.9,7.7,5.3,3.7,16.4,10.5,7.7,3.6,1.9,18.8,36.1,14.4,8.1,7.4,23.5,19.2,16.7,8,5.5,18,35.7,13.8,5.9,5.1,22.3,18.8,16.7,7.2,6.1,19.6,36.4,14.9,10.2,9.2,24.3,19.6,16.7,8.9,4.9,13.5,21.3,10.8,9.9,6.6,16.9,12.5,9.8,5.4,4.8,13.7,20.6,11.4,9.8,3.4,18.8,11.6,9.7,5.8,9.6,13.3,21.8,10.4,10,8.1,15.9,13.2,9.9,5.1,2.7,8.1,14.9,6.6,4.6,3,14.9,8.6,6.4,3.6,2.2,7.8,13.3,6.5,4.5,3,14.8,7.8,6,4.1,3.2,8.3,16.3,6.7,4.7,3,14.9,9.2,6.6,3.3,1.8,173058000
10/1/1982,9.3,17.4,7.5,5,3.4,16.2,9.6,7.4,3.8,2.5,9.2,16,7.5,4.8,3.2,16.4,9,7.3,4.3,3.8,9.5,18.6,7.5,5.1,3.5,16,10.2,7.5,3.5,1.9,18.5,35.8,14.1,7.9,7.6,23.2,18.8,16.5,7.7,5.4,17.8,35.4,13.5,5.9,5.2,22.2,18.4,16.5,7,6.1,19.3,36.1,14.6,9.7,9.6,24,19.3,16.4,8.6,4.7,13.2,21,10.5,9.7,6.4,16.5,12.2,9.5,5.3,4.5,13.4,20.3,11,9.9,3.4,18.2,11.4,9.5,5.2,8.5,13,21.6,10.1,9.6,7.7,15.5,12.8,9.6,5.3,2.9,7.9,14.6,6.4,4.5,2.9,14.6,8.3,6.2,3.5,2.2,7.7,13.1,6.3,4.4,2.9,14.6,7.6,5.9,4,3.4,8.1,16,6.5,4.5,2.8,14.5,9,6.4,3.2,1.7,172881000
9/1/1982,9.1,17.2,7.3,4.8,3.4,15.9,9.4,7.2,3.7,2.4,9.1,15.8,7.4,4.7,3.3,16.2,8.8,7.2,4.2,3.8,9.2,18.4,7.2,5,3.4,15.7,10,7.2,3.4,1.8,18.3,35.4,13.8,7.7,7.9,23,18.5,16.1,7.4,5.1,17.6,35.2,13.3,5.7,5.5,22.3,18,16.3,6.8,5.6,18.9,35.5,14.2,9.6,10,23.5,19,16,8.2,4.7,12.8,20.6,10.2,9.4,5.8,16.1,11.8,9.3,5,4,13,19.7,10.7,9.9,2.7,17.8,11.1,9.4,4.5,6.9,12.7,21.1,9.8,9.2,7.1,15.2,12.4,9.2,5.4,2.8,7.7,14.4,6.2,4.4,2.8,14.3,8.1,6,3.4,2.2,7.6,12.9,6.2,4.4,3,14.4,7.5,5.9,3.9,3.4,7.9,15.8,6.2,4.4,2.7,14.2,8.7,6.2,3.1,1.7,172690000
8/1/1982,8.9,16.9,7.1,4.8,3.3,15.5,9.2,7,3.6,2.4,8.9,15.7,7.2,4.7,3.3,15.9,8.7,7.1,4.2,3.8,9,18,7,4.8,3.3,15.3,9.7,7,3.3,1.8,17.9,35,13.4,7.6,8.1,22.5,18.2,15.7,7.3,4.6,17.4,35.1,13,5.8,5.8,22,17.9,16,6.9,4.9,18.4,35,13.7,9.2,10,22.9,18.6,15.5,7.8,4.2,12.5,19.9,9.9,9,5.7,15.7,11.3,9.1,4.8,3.6,12.6,18.8,10.4,9.8,2.7,17.4,10.4,9.3,4.2,4.6,12.4,20.6,9.6,8.6,6.9,14.9,12.1,9,5.2,3.2,7.6,14.2,6,4.3,2.7,14,7.9,5.9,3.3,2.2,7.5,12.8,6.1,4.3,3,14.2,7.3,5.8,3.9,3.5,7.6,15.5,6,4.3,2.5,13.8,8.5,6,2.9,1.7,172511000
7/1/1982,8.8,16.6,6.9,4.6,3.2,15.2,9,6.9,3.6,2.4,8.8,15.4,7.1,4.6,3.3,15.6,8.5,7,4.2,3.8,8.7,17.7,6.8,4.7,3.1,14.9,9.4,6.9,3.2,1.8,17.7,34.7,13.1,7.5,8,22.3,18,15.4,7.3,4.3,17.2,34.6,12.8,5.7,5.5,21.8,17.7,15.5,7,4.5,18.2,34.8,13.4,9.1,10.2,22.6,18.3,15.3,7.6,4.2,12.1,19.4,9.5,8.7,6.2,15.3,10.7,8.9,4.6,3.4,12.4,18.8,10.1,9.7,4,17.2,10,9.5,4.3,3.8,11.9,19.8,9.2,8.2,7,14.4,11.4,8.6,4.8,3.3,7.4,14,5.9,4.2,2.6,13.6,7.7,5.8,3.2,2.2,7.3,12.5,6,4.3,3,13.8,7.2,5.7,3.9,3.6,7.5,15.2,5.8,4.1,2.4,13.5,8.2,5.9,2.8,1.7,172364000
6/1/1982,8.6,16.3,6.7,4.5,3.2,14.8,8.7,6.7,3.5,2.4,8.6,15.2,7,4.4,3.3,15.3,8.3,6.9,4.2,3.7,8.5,17.3,6.5,4.5,3.1,14.5,9.1,6.6,3,1.8,17.3,34.2,12.8,7.2,7.8,21.8,17.8,14.9,7.3,4.1,16.8,34.1,12.6,5.4,5.2,21.2,17.6,15,7.2,3.9,17.8,34.4,13,9,10.1,22.2,18,14.7,7.6,4.3,11.7,18.8,9.2,8.5,6,14.9,10.2,8.7,4.5,3.6,12.2,18.7,9.8,10,4.2,17.2,9.5,9.4,4.3,3.8,11.4,18.9,8.8,7.8,6.7,13.8,10.7,8.3,4.6,3.6,7.2,13.7,5.7,4.1,2.6,13.3,7.5,5.7,3.2,2.2,7.2,12.4,5.9,4.1,3,13.6,7,5.7,3.8,3.5,7.2,14.9,5.6,4,2.4,13.2,7.9,5.7,2.7,1.6,172190000
5/1/1982,8.4,16.1,6.6,4.3,3.2,14.6,8.5,6.7,3.4,2.4,8.5,15.1,6.9,4.2,3.3,15.2,8.2,6.7,4.1,3.7,8.3,17,6.3,4.4,3.2,14.2,8.8,6.6,2.9,1.8,17.1,33.8,12.6,7.3,7.9,21.6,17.5,14.6,7.1,3.9,16.7,33.8,12.4,5.3,5.3,21.3,17.4,14.4,7.2,3.9,17.5,33.8,12.7,9.1,10.2,21.9,17.6,14.7,7,3.9,11.4,18.5,8.9,8.1,5.7,14.6,9.8,8.6,4.3,3.7,12,18.5,9.6,9.5,4.4,16.9,9.3,9.1,4.4,4.6,11,18.5,8.4,7.3,6.2,13.3,10.3,8.2,4.2,3.4,7.1,13.5,5.6,3.9,2.7,13,7.3,5.6,3.1,2.2,7.2,12.3,5.8,3.9,3,13.4,6.9,5.6,3.8,3.6,7.1,14.6,5.4,3.8,2.4,12.8,7.6,5.6,2.7,1.6,172026000
4/1/1982,8.2,15.9,6.4,4.2,3.2,14.3,8.3,6.6,3.4,2.3,8.4,14.9,6.8,4.1,3.2,14.9,8.1,6.6,4.1,3.6,8.1,16.8,6.1,4.2,3.1,13.9,8.5,6.5,2.9,1.7,16.8,33.2,12.4,7,7.7,21.2,17.2,14.4,7.1,3.6,16.4,33.3,12.2,5.2,5.4,21,17.2,14.2,7.1,3.6,17.2,33.2,12.5,8.7,9.6,21.4,17.2,14.6,7,3.6,11.1,18.2,8.6,7.9,6.3,14.3,9.4,8.3,4.3,3.3,11.7,18.3,9.1,9.2,4.6,16.6,8.8,8.8,4.6,3.9,10.8,18.2,8.2,7.2,6.8,13.2,9.9,7.9,4,3,7,13.4,5.5,3.7,2.6,12.7,7.2,5.5,3,2.2,7.1,12.2,5.8,3.8,3,13.1,6.9,5.5,3.8,3.5,6.9,14.5,5.3,3.7,2.4,12.5,7.4,5.6,2.6,1.6,171844000
3/1/1982,8.1,15.7,6.2,4,3.1,14,8.1,6.5,3.3,2.3,8.3,14.8,6.6,4,3.2,14.7,7.9,6.6,4,3.6,7.9,16.5,5.9,4,3,13.5,8.2,6.4,2.8,1.7,16.5,32.9,12.1,6.5,7.5,20.9,16.8,14.1,7,3.4,16.2,32.9,12,5,5.6,20.9,16.8,13.9,7.1,3.1,16.8,32.9,12.2,7.9,9.1,21,16.8,14.3,6.8,3.7,10.9,18,8.3,7.5,6.5,13.9,9.1,8.2,4.2,3.3,11.3,18.2,8.7,8.3,4.6,16,8.6,8.6,4.7,3.5,10.6,17.9,8,7.1,7.2,12.9,9.6,7.8,3.9,3.2,6.8,13.2,5.3,3.6,2.5,12.5,6.9,5.5,3,2.2,7,12,5.7,3.7,3,13,6.7,5.5,3.6,3.5,6.7,14.2,5.1,3.6,2.2,12.1,7.2,5.4,2.5,1.6,171667000
2/1/1982,7.9,15.5,6.1,3.9,3,13.8,7.9,6.3,3.2,2.3,8.2,14.6,6.5,3.9,3.3,14.6,7.8,6.5,4,3.6,7.7,16.3,5.8,3.9,2.9,13.3,8,6.2,2.7,1.7,16.3,32.5,11.9,6.2,7.4,20.8,16.5,13.8,6.6,3.2,16.1,32.8,11.8,5,5.4,21.1,16.6,13.6,6.9,3,16.5,32.2,12,7.3,9.2,20.7,16.4,14,6.2,3.4,10.7,17.8,8.1,7.4,6.3,13.7,9.1,8,4,3.2,11.2,17.9,8.6,8.7,3.7,15.7,8.8,8.2,4.8,2.6,10.4,17.7,7.7,6.8,7.1,12.7,9.2,7.9,3.4,3.4,6.7,13,5.2,3.5,2.5,12.2,6.8,5.4,2.9,2.2,6.9,11.9,5.5,3.6,3.1,12.8,6.5,5.5,3.6,3.5,6.6,14,4.9,3.4,2.1,11.9,7,5.3,2.5,1.6,171489000
1/1/1982,7.8,15.3,6,3.8,3,13.6,7.8,6.2,3.1,2.2,8.1,14.4,6.4,3.9,3.3,14.4,7.7,6.4,3.9,3.5,7.6,16.1,5.6,3.7,2.9,13,7.9,6.1,2.6,1.7,16.1,32.1,11.7,6,7,20.6,16.3,13.6,6.3,3.1,16,32.6,11.7,5,5.5,21,16.5,13.5,6.7,2.7,16.2,31.7,11.8,6.8,8.3,20.2,16.1,13.7,5.9,3.5,10.6,17.6,8,7.3,5.9,13.6,8.9,7.8,3.8,3.1,11,17.4,8.6,8.5,2.9,15.4,8.8,8,4.6,2.1,10.3,17.8,7.6,6.7,6.9,12.7,9.1,7.7,3.1,3.5,6.6,12.8,5.1,3.4,2.5,12,6.6,5.3,2.9,2.1,6.8,11.7,5.5,3.6,3.1,12.7,6.4,5.4,3.6,3.5,6.4,13.8,4.8,3.3,2.2,11.7,6.8,5.2,2.4,1.5,171335000
12/1/1981,7.7,15.1,5.9,3.7,3.1,13.4,7.6,6.1,3.1,2.2,8,14.3,6.4,3.8,3.4,14.2,7.6,6.3,3.9,3.5,7.5,15.9,5.5,3.6,2.9,12.8,7.7,6,2.6,1.6,15.9,31.8,11.6,5.7,6.6,20.2,16.1,13.6,6.4,2.8,15.9,32.2,11.7,4.8,5.2,20.7,16.5,13.5,6.7,2.5,15.9,31.3,11.5,6.5,7.8,19.9,15.6,13.7,5.9,3.1,10.5,17.4,8,7.1,5.9,13.5,8.8,7.8,3.8,3,11,17.2,8.6,8,2.7,15.3,8.6,8,5,2.1,10.2,17.6,7.5,6.7,7.1,12.6,8.9,7.6,2.9,3.4,6.5,12.7,5,3.4,2.6,11.9,6.5,5.2,2.9,2.1,6.7,11.6,5.4,3.6,3.2,12.6,6.3,5.3,3.6,3.5,6.3,13.7,4.7,3.2,2.2,11.5,6.7,5.1,2.5,1.5,171166000
11/1/1981,7.6,15,5.8,3.7,3,13.2,7.5,6,3.1,2.1,8,14.2,6.3,3.8,3.4,14.2,7.5,6.3,3.9,3.5,7.3,15.7,5.4,3.5,2.7,12.6,7.5,5.9,2.6,1.5,15.7,31.4,11.5,5.6,6.2,20,15.9,13.5,6.4,2.8,15.9,32.1,11.7,4.8,5.2,20.7,16.3,13.5,6.9,2.4,15.6,30.8,11.3,6.3,7,19.5,15.3,13.4,5.8,3.1,10.4,17.3,7.8,7.1,5.8,13.4,8.6,7.7,3.7,3.1,11,17.1,8.6,7.9,2.7,15.4,8.4,8,5.1,2.5,10.1,17.5,7.3,6.7,6.9,12.5,8.8,7.4,2.7,3.2,6.4,12.6,4.9,3.3,2.5,11.7,6.4,5.1,2.9,2,6.6,11.5,5.3,3.6,3.2,12.5,6.2,5.2,3.6,3.4,6.2,13.5,4.6,3.2,2.1,11.2,6.5,5,2.4,1.4,170996000
10/1/1981,7.5,14.9,5.7,3.6,3,13.1,7.4,6,3.1,2.1,7.9,14.1,6.3,3.8,3.3,14.1,7.4,6.2,4,3.4,7.3,15.6,5.3,3.5,2.8,12.5,7.4,5.8,2.5,1.5,15.6,31.2,11.4,5.6,6,19.8,15.6,13.6,6.3,2.8,15.8,31.9,11.7,4.6,4.8,20.5,16.2,13.8,6.9,2.6,15.5,30.5,11.1,6.5,7.1,19.3,15.1,13.4,5.6,3,10.3,17.1,7.8,6.9,5.4,13.4,8.5,7.6,3.7,2.9,10.9,17.1,8.6,7.6,1.3,15.6,8.2,7.9,5.4,2.5,10,17.1,7.4,6.5,6.8,12.3,8.8,7.4,2.5,3,6.3,12.5,4.8,3.3,2.5,11.6,6.3,5.1,2.9,1.9,6.6,11.4,5.3,3.6,3.2,12.3,6.2,5.2,3.6,3.3,6.2,13.4,4.5,3.1,2.1,11.1,6.5,5,2.4,1.4,170809000
9/1/1981,7.5,14.8,5.7,3.6,2.9,13,7.4,6,3.1,2,7.9,13.9,6.3,3.8,3.2,14,7.3,6.2,4,3.3,7.2,15.5,5.3,3.5,2.7,12.4,7.4,5.9,2.5,1.5,15.5,30.9,11.4,5.5,5.4,19.5,15.5,13.7,6.4,2.9,15.7,31.3,11.8,4.7,4.2,20.1,16.1,13.9,7,3.1,15.4,30.5,11.1,6.1,6.4,19.1,15,13.5,5.6,2.7,10.4,17,7.9,6.9,5.3,13.4,8.5,7.5,3.9,3.1,10.9,17.1,8.5,7.4,1.3,15.6,8.2,7.5,5.6,3.4,10,16.9,7.4,6.6,6.6,12.3,8.8,7.6,2.7,3,6.3,12.5,4.8,3.3,2.5,11.5,6.3,5.1,2.9,1.9,6.6,11.4,5.3,3.6,3.1,12.3,6.2,5.2,3.6,3.2,6.1,13.4,4.5,3.1,2.1,11.1,6.4,5,2.4,1.4,170593000
8/1/1981,7.5,14.7,5.7,3.6,2.9,13,7.4,6,3.1,2,7.8,13.8,6.2,3.7,3.2,13.9,7.3,6.2,3.9,3.2,7.3,15.5,5.3,3.5,2.7,12.4,7.4,5.9,2.5,1.5,15.4,30.6,11.4,5.4,5.2,19.4,15.4,13.7,6.3,2.8,15.5,30.8,11.7,4.7,3.6,20,15.8,13.8,6.6,3,15.4,30.5,11.1,6.1,6.5,19,14.9,13.7,5.9,2.7,10.5,17.2,7.9,7.1,6.6,13.6,8.6,7.5,4.3,3,11,17.3,8.5,7.4,2.3,15.7,8.2,7.3,6,3.8,10.2,17.1,7.5,6.9,8,12.6,8.9,7.6,3.1,2.7,6.3,12.4,4.8,3.3,2.5,11.5,6.3,5.1,2.8,1.9,6.6,11.3,5.3,3.5,3.1,12.2,6.2,5.2,3.6,3.1,6.1,13.4,4.5,3.1,2.1,11,6.5,5.1,2.3,1.4,170399000
7/1/1981,7.5,14.7,5.8,3.6,2.9,13,7.4,6.1,3.1,2,7.9,13.8,6.3,3.7,3.1,13.9,7.3,6.2,4,3.2,7.3,15.5,5.4,3.5,2.8,12.4,7.5,6,2.5,1.5,15.3,30.2,11.3,5.3,5.7,19.2,15.2,13.8,6.2,2.7,15.3,30.3,11.5,4.7,4.1,19.8,15.4,13.9,6.5,2.8,15.3,30.2,11.1,5.8,7.1,18.7,14.9,13.7,5.8,2.5,10.5,17.1,8,7.2,6.5,13.7,8.6,7.5,4.3,3.3,11,17.1,8.5,7.7,0.9,15.8,8.2,7.1,5.8,5.2,10.3,17,7.7,6.8,8.2,12.6,8.9,7.8,3.3,2.5,6.4,12.5,4.9,3.3,2.5,11.5,6.4,5.1,2.8,1.9,6.6,11.4,5.3,3.5,3,12.3,6.2,5.2,3.7,3,6.2,13.4,4.6,3.2,2.2,11.1,6.5,5.1,2.3,1.4,170246000
6/1/1981,7.6,14.8,5.8,3.6,3,13,7.5,6.1,3.1,2,7.9,13.8,6.3,3.7,3.1,14,7.3,6.2,4,3.1,7.4,15.6,5.4,3.5,2.9,12.5,7.6,6,2.5,1.5,15.3,30.1,11.4,5.2,6,19.2,15.2,14,6,2.6,15.3,30.2,11.5,4.9,4.8,20.1,15.2,14.1,6.3,2.8,15.3,30,11.2,5.5,7.1,18.6,15.2,13.9,5.5,2.4,10.6,17.2,8.1,7.1,6.9,13.8,8.8,7.5,4.2,3.4,11,17,8.6,7.3,0.9,15.6,8.5,6.9,5.3,6.3,10.4,17.3,7.8,7,8.6,12.8,9.1,8,3.5,2.1,6.4,12.5,4.9,3.3,2.5,11.6,6.5,5.2,2.9,1.9,6.6,11.4,5.4,3.4,3,12.2,6.3,5.2,3.7,2.9,6.3,13.6,4.6,3.2,2.3,11.1,6.6,5.2,2.4,1.5,170042000
5/1/1981,7.6,14.8,5.8,3.6,3,13,7.5,6.1,3.1,2,7.9,13.8,6.3,3.7,3.1,13.8,7.3,6.2,4,3.1,7.4,15.7,5.5,3.5,3,12.5,7.7,6.1,2.5,1.5,15.3,29.9,11.3,5.2,6.3,19,15.1,14,6,2.4,15.3,30,11.4,5.1,4.8,19.8,15.1,14.2,6.4,2.6,15.3,29.9,11.2,5.3,7.6,18.4,15.2,13.8,5.4,2.2,10.6,17.1,8.1,7,7.5,13.7,8.9,7.5,4.3,3.1,10.9,16.9,8.4,7.5,0.9,15.3,8.6,7,4.9,5.6,10.5,17.2,7.9,6.7,9.3,12.8,9.2,7.8,3.8,2.1,6.5,12.6,5,3.3,2.5,11.5,6.5,5.2,2.9,1.9,6.6,11.3,5.4,3.4,2.9,12.2,6.3,5.2,3.8,2.9,6.3,13.7,4.7,3.2,2.3,11.2,6.7,5.2,2.3,1.5,169829000
4/1/1981,7.6,14.7,5.8,3.6,3,12.9,7.5,6.2,3,1.9,7.9,13.7,6.3,3.7,3,13.8,7.3,6.3,3.9,3.1,7.4,15.6,5.5,3.5,3.1,12.4,7.7,6,2.5,1.5,15.2,29.8,11.2,5.2,6.2,18.9,15,14.1,5.7,2.6,15.2,29.9,11.3,5.1,4.7,19.8,14.9,14.3,6.2,2.6,15.2,29.6,11.1,5.4,7.5,18.2,15.1,13.8,5.1,2.5,10.6,16.9,8.2,6.8,8,13.5,9.1,7.6,4.2,3.2,10.9,16.8,8.6,7.2,0.9,15.2,8.9,6.9,4.5,6,10.4,17,7.9,6.5,10.1,12.7,9.2,8,4,2.1,6.5,12.6,5,3.3,2.5,11.5,6.5,5.2,2.8,1.8,6.6,11.3,5.4,3.4,2.8,12.1,6.3,5.2,3.7,2.9,6.3,13.7,4.7,3.2,2.4,11.2,6.8,5.2,2.3,1.4,169641000
3/1/1981,7.6,14.6,5.8,3.6,3,12.9,7.5,6.1,3,1.9,7.8,13.6,6.3,3.7,2.9,13.6,7.3,6.3,3.9,3.1,7.4,15.5,5.5,3.5,3.1,12.4,7.7,6,2.4,1.5,15.1,29.4,11.2,5.4,6.2,18.7,14.9,14,5.6,2.8,15.2,29.8,11.3,5.1,4.5,19.6,14.9,14.2,6.2,2.8,15,29,11.1,5.6,7.8,18,14.9,13.9,4.7,2.9,10.7,16.9,8.3,6.6,7.7,13.6,9.3,7.4,4.3,3.3,11,16.8,8.8,7,1.9,15.4,9.1,6.8,4.5,5.9,10.4,16.9,8,6.4,9.4,12.6,9.4,7.9,4.3,2.2,6.4,12.5,5,3.2,2.6,11.4,6.5,5.2,2.8,1.8,6.6,11.2,5.4,3.4,2.7,11.9,6.3,5.3,3.7,2.9,6.3,13.6,4.7,3.2,2.5,11.2,6.8,5.2,2.3,1.4,169453000
2/1/1981,7.5,14.4,5.8,3.5,3,12.7,7.4,6.1,3,1.9,7.8,13.5,6.3,3.5,2.8,13.5,7.2,6.3,3.9,3,7.3,15.2,5.4,3.4,3.1,12.2,7.6,6,2.4,1.5,14.9,29,11.1,5.3,6.2,18.4,14.6,13.9,5.6,3,15,29.4,11.2,4.8,4.7,19.4,14.6,14.1,6.2,2.8,14.8,28.6,10.9,5.7,7.4,17.7,14.6,13.7,4.7,3.3,10.5,16.6,8.3,6.3,7.3,13.4,9.1,7.4,4.5,3.5,11,16.9,8.8,6.6,1.9,15.5,8.9,6.9,4.3,6.1,10.2,16.3,8,6.2,9,12.3,9.2,7.7,4.7,2.3,6.4,12.4,4.9,3.2,2.5,11.3,6.4,5.2,2.8,1.8,6.5,11.1,5.3,3.2,2.6,11.8,6.2,5.2,3.6,2.9,6.2,13.4,4.6,3.1,2.5,11,6.7,5.1,2.2,1.4,169280000
1/1/1981,7.4,14.3,5.7,3.4,3,12.5,7.3,6,3,2,7.7,13.4,6.2,3.4,2.9,13.4,7.2,6.2,3.9,3,7.1,15,5.3,3.4,3,12,7.4,5.9,2.3,1.5,14.7,29,10.8,5.2,6.2,18.4,14.3,13.8,5.5,3.2,14.8,29.4,11.1,4.6,4.5,19.4,14.4,13.9,6.4,2.9,14.6,28.5,10.6,5.8,7.7,17.6,14.2,13.7,4.4,3.5,10.3,16.2,8.2,5.9,7.2,13,9,7.2,4.7,3.4,11,17.1,8.7,6.2,1.8,15.4,9,6.9,4.6,6.3,9.9,15.6,7.8,5.8,8.9,11.8,9,7.4,4.8,2,6.3,12.2,4.9,3.1,2.5,11.1,6.3,5.1,2.7,1.8,6.5,11,5.3,3.1,2.7,11.6,6.2,5.2,3.6,3,6.1,13.2,4.5,3,2.4,10.8,6.5,5.1,2.2,1.4,169104000
12/1/1980,7.3,14.1,5.6,3.3,3,12.3,7.1,5.9,2.9,1.9,7.6,13.4,6.1,3.3,2.9,13.3,7,6.2,3.8,3,7,14.7,5.2,3.3,3.1,11.7,7.2,5.8,2.3,1.5,14.6,29,10.6,5.4,6.4,18.3,14.1,13.7,5.3,3.3,14.8,29.5,10.9,4.7,4.7,19.4,14.2,14,6.2,2.9,14.4,28.4,10.4,5.9,7.9,17.5,14.1,13.4,4.2,3.7,10.2,16,8,5.6,7.1,12.8,8.8,7.1,4.7,3.3,11,16.9,8.7,6.1,1.7,15.4,8.8,6.9,4.4,5.9,9.6,15.4,7.6,5.4,8.8,11.5,8.8,7.3,5,2,6.2,12,4.8,3,2.5,10.9,6.2,5.1,2.7,1.8,6.4,10.9,5.2,3.1,2.7,11.5,6.1,5.2,3.6,2.9,6,12.9,4.4,3,2.4,10.6,6.3,5,2.1,1.4,168883000
11/1/1980,7.2,14,5.4,3.3,3,12.2,7,5.9,2.9,1.9,7.6,13.4,6,3.2,2.9,13.2,6.9,6.2,3.8,3,6.9,14.5,5,3.3,3.1,11.5,7,5.6,2.3,1.5,14.4,28.7,10.4,5.3,6.5,18.1,13.7,13.5,5.2,3.3,14.6,29.3,10.6,4.6,4.6,19.2,13.9,13.8,6,2.9,14.2,28,10.1,5.9,8.1,17.3,13.6,13.2,4.1,3.7,10.1,16.1,7.9,5.2,6.6,12.8,8.7,7.1,4.9,3.2,11.2,17.5,8.8,5.4,1.7,15.7,8.9,7.1,4.3,5.6,9.4,15.1,7.4,5.1,8.4,11.3,8.5,7.1,5.3,1.9,6.1,11.9,4.6,3,2.6,10.7,6.1,5,2.6,1.8,6.3,10.9,5.2,2.9,2.7,11.3,6,5.2,3.5,2.9,5.9,12.7,4.3,3,2.5,10.4,6.2,4.9,2.1,1.4,168695000
10/1/1980,7,13.7,5.3,3.2,3,11.9,6.8,5.8,2.8,1.9,7.5,13.2,6,3.1,3,13.1,6.8,6.1,3.7,3,6.7,14.1,4.9,3.3,3,11.3,6.8,5.5,2.2,1.5,14.1,28.3,10.1,5,6.2,17.8,13.4,13.1,5.1,3.3,14.3,29.1,10.4,4.4,4.7,19,13.7,13.3,5.9,2.9,13.8,27.6,9.8,5.5,7.5,16.9,13.2,12.8,4.1,3.8,10,15.9,7.9,5.2,6.5,12.7,8.6,7.1,4.8,3,11.3,17.3,9,5.4,1.6,15.7,9.1,7.3,4.2,5.5,9.2,14.9,7.2,5.1,8.3,11.2,8.1,6.9,5.3,1.7,6,11.6,4.5,2.9,2.5,10.5,5.9,4.9,2.6,1.8,6.3,10.8,5.1,2.8,2.8,11.2,5.9,5.2,3.4,2.9,5.7,12.4,4.2,3,2.4,10.1,6,4.7,2.1,1.4,168503000
9/1/1980,6.9,13.5,5.2,3.1,3,11.7,6.7,5.6,2.8,1.9,7.4,13.2,5.8,3.1,3,12.9,6.8,6,3.6,3.1,6.5,13.8,4.7,3.2,3.1,11,6.6,5.3,2.3,1.4,13.8,28,9.8,5,6.4,17.5,13.1,12.7,5.1,3.1,14.1,29,10,4.3,4.7,18.8,13.4,13,5.8,2.3,13.5,27.1,9.6,5.5,7.7,16.6,12.8,12.4,4.1,4,9.9,15.9,7.7,5.1,6.3,12.5,8.5,7.1,4.9,2.8,11.3,17.6,9,5.2,1.5,15.7,9.1,7.6,4.1,5.4,9,14.8,6.9,5.1,8.1,10.9,8,6.8,5.5,1.4,5.8,11.5,4.4,2.9,2.6,10.3,5.8,4.8,2.6,1.8,6.2,10.8,5,2.8,2.8,11,5.8,5.1,3.3,3,5.6,12.1,4,2.9,2.5,9.8,5.8,4.6,2.1,1.3,168297000
8/1/1980,6.8,13.4,5.1,3.1,3.1,11.5,6.5,5.5,2.8,1.9,7.3,13.2,5.8,3,2.9,12.8,6.7,6,3.6,3.1,6.3,13.5,4.6,3.1,3.2,10.7,6.3,5.2,2.3,1.4,13.5,27.9,9.5,4.8,6.1,17.1,12.9,12.4,5.1,2.9,14,29.2,9.8,4.2,4.4,18.7,13.4,12.8,5.9,2,13.1,26.7,9.1,5.3,7.4,16,12.3,11.9,4,3.9,9.7,15.5,7.6,4.8,5.6,12.2,8.2,7,4.6,2.9,11.2,17.3,9,4.8,0.8,15.6,8.8,7.6,3.9,5.7,8.7,14.3,6.7,4.7,7.4,10.5,7.7,6.5,5.1,1.5,5.7,11.3,4.3,2.8,2.7,10.1,5.7,4.7,2.6,1.8,6.1,10.7,5,2.8,2.8,10.9,5.7,5,3.4,3.1,5.4,11.8,3.9,2.8,2.6,9.6,5.6,4.5,2.1,1.3,168103000
7/1/1980,6.6,13.2,4.9,3,3.1,11.2,6.3,5.4,2.8,1.8,7.3,13.1,5.7,3,3,12.6,6.6,6,3.7,3,6.1,13.2,4.4,3,3.1,10.4,6.1,5,2.2,1.4,13.3,27.7,9.2,4.8,5.7,16.9,12.7,12.1,5.3,2.9,14,29.5,9.7,4.3,4.2,18.7,13.5,12.7,6.2,2,12.7,26,8.8,5.2,6.9,15.5,11.9,11.6,4,3.8,9.5,15.4,7.4,4.5,5.2,12,8.1,6.7,4.8,3,11.1,17.3,8.8,4.3,0.8,15.1,8.9,7.6,4.1,5.5,8.5,14.1,6.5,4.5,6.9,10.3,7.5,6.1,5.2,1.7,5.6,11.1,4.2,2.8,2.7,9.9,5.5,4.6,2.6,1.7,6.1,10.6,4.9,2.7,2.9,10.8,5.6,5,3.4,3,5.3,11.5,3.7,2.8,2.6,9.3,5.4,4.3,2.1,1.2,167932000
6/1/1980,6.4,12.9,4.7,3,3,10.9,6.1,5.2,2.8,1.8,7.1,13,5.5,3,3,12.4,6.5,5.8,3.6,3.1,5.9,12.8,4.1,3,3,10,5.8,4.8,2.2,1.3,13,27.3,8.9,4.7,5.4,16.6,12.3,11.8,5.3,2.8,13.9,29.2,9.6,4.3,3.6,18.5,13.4,12.2,6.1,1.9,12.3,25.6,8.4,5.1,6.8,15.2,11.2,11.2,4.2,3.7,9.2,15,7.1,4.4,5.1,11.7,7.8,6.2,4.9,3.1,10.9,17,8.7,4.6,0.8,15,8.8,7.2,4.5,4.6,8.1,13.6,6.1,4.3,6.8,10,6.9,5.6,5.2,2.3,5.4,10.9,4,2.7,2.6,9.6,5.3,4.5,2.5,1.7,6,10.6,4.7,2.7,2.9,10.7,5.5,5,3.3,3.1,5.1,11.2,3.5,2.8,2.5,9,5.1,4.2,2.1,1.1,167643000
5/1/1980,6.3,12.6,4.6,2.9,3,10.7,5.9,5,2.8,1.8,7.1,12.9,5.4,2.9,3,12.4,6.4,5.7,3.6,3,5.7,12.3,3.9,2.9,3,9.7,5.5,4.5,2.2,1.3,12.8,27,8.7,4.5,4.9,16.4,12,11.4,5.4,2.8,13.7,29.1,9.4,4,3,18.4,13.2,12,5.9,1.8,11.9,25,8,5,6.4,14.9,10.6,10.8,4.6,3.9,9.1,14.9,7,4.5,4.9,11.6,7.7,5.9,4.7,3.2,11,17.2,8.8,4.8,0.8,15.3,8.8,7.2,4.4,4.7,7.8,13.3,5.9,4.2,6.5,9.7,6.7,5.1,5,2.4,5.3,10.6,3.9,2.7,2.7,9.4,5.1,4.3,2.6,1.7,5.9,10.5,4.6,2.7,3,10.6,5.4,4.8,3.3,3,4.9,10.7,3.4,2.7,2.5,8.7,4.8,3.9,2.1,1.2,167407000
4/1/1980,6.1,12.3,4.4,2.9,3,10.5,5.7,4.9,2.8,1.8,7,12.8,5.4,2.9,3,12.4,6.2,5.6,3.6,3,5.5,11.9,3.8,2.8,3,9.4,5.2,4.3,2.2,1.3,12.6,26.9,8.5,4.5,5.1,16.2,11.8,11.2,5.5,2.6,13.7,29.1,9.3,4.1,2.9,18.4,13.2,11.8,6.1,1.8,11.6,24.9,7.6,4.9,6.8,14.6,10.3,10.5,4.8,3.5,8.9,14.5,6.9,4.3,4.2,11.4,7.6,5.6,4.8,3.4,11,17,8.8,5.1,1.6,15.3,8.8,7.2,4.2,5.4,7.5,12.8,5.7,3.9,5.2,9.4,6.5,4.5,5.3,2.4,5.1,10.3,3.8,2.7,2.7,9.2,4.9,4.2,2.5,1.7,5.8,10.3,4.6,2.7,3,10.6,5.3,4.7,3.3,3,4.7,10.3,3.2,2.6,2.5,8.3,4.6,3.8,2,1.2,167197000
3/1/1980,6,12.2,4.3,2.8,3.1,10.4,5.6,4.8,2.7,1.8,7,12.8,5.3,2.9,3,12.4,6.2,5.5,3.6,3.1,5.3,11.7,3.6,2.8,3.1,9.1,5,4.2,2.2,1.3,12.5,26.9,8.3,4.4,5.1,16.1,11.6,11.1,5.4,2.4,13.6,29.2,9.2,4,3,18.4,13.1,11.8,5.8,1.6,11.4,24.8,7.4,4.7,6.7,14.4,10.1,10.3,4.9,3.1,8.8,14.3,6.8,4.5,4,11.2,7.4,5.7,4.7,3.3,11,16.7,8.8,5.7,1.7,15.1,8.8,7.4,4,5.6,7.4,12.6,5.5,3.8,4.8,9.2,6.3,4.5,5.3,2.2,5,10.2,3.6,2.6,2.8,9,4.8,4.1,2.5,1.7,5.8,10.3,4.5,2.7,3,10.6,5.2,4.6,3.4,3,4.5,10.1,3,2.6,2.6,8.1,4.4,3.7,2,1.2,166984000
2/1/1980,5.9,12.1,4.2,2.8,3.2,10.3,5.5,4.7,2.8,1.8,7,12.7,5.3,3,3.1,12.4,6.1,5.5,3.6,3.1,5.2,11.6,3.5,2.7,3.3,9,4.9,4.1,2.2,1.3,12.4,27,8.2,4.4,5.4,16,11.6,11,5.5,2.3,13.6,29.1,9.1,4,3.2,18.2,13,11.8,5.9,1.6,11.4,24.9,7.3,4.8,7.1,14.4,10.1,10.1,4.9,3.1,8.7,14.2,6.6,4.7,4.4,11,7.5,5.6,4.6,3,10.9,16.4,8.7,5.8,2.6,14.7,9,7.4,3.9,5.7,7.3,12.6,5.3,4.1,5.1,9,6.3,4.4,5.1,1.7,5,10.1,3.6,2.6,2.9,8.9,4.7,4,2.5,1.7,5.8,10.3,4.5,2.8,3,10.7,5.2,4.6,3.4,3.1,4.4,9.9,3,2.5,2.8,7.9,4.2,3.6,2,1.2,166759000
1/1/1980,5.9,12.1,4.2,2.8,3.3,10.2,5.4,4.7,2.8,1.8,7,12.7,5.3,3,3.1,12.3,6.1,5.5,3.6,3.1,5.1,11.5,3.4,2.7,3.4,8.9,4.8,4.1,2.2,1.3,12.4,26.8,8.2,4.7,5.5,15.9,11.7,11,5.3,2.1,13.6,29,9.1,4.4,3.5,18.1,13.1,12,5.8,1.4,11.4,24.7,7.3,4.8,7,14.3,10.2,10,4.8,2.7,8.6,14.1,6.5,4.8,4.5,10.8,7.5,5.6,4.5,2.8,10.8,16.3,8.6,5.8,3.6,14.5,8.9,7.4,3.7,5.1,7.1,12.5,5.2,4.2,4.8,8.8,6.3,4.4,5,1.7,5,10,3.5,2.6,3,8.8,4.6,4,2.5,1.7,5.8,10.3,4.5,2.8,3,10.6,5.2,4.6,3.4,3.1,4.3,9.8,2.9,2.5,3,7.8,4.2,3.6,2,1.2,166544000
12/1/1979,5.9,12,4.2,2.8,3.3,10,5.4,4.7,2.8,1.8,6.9,12.6,5.3,3,3.2,12.1,6.2,5.5,3.7,3.2,5.1,11.4,3.4,2.6,3.4,8.8,4.7,4.1,2.2,1.3,12.3,26.5,8.2,4.5,5.4,15.8,11.6,10.8,5.4,2,13.6,28.7,9.2,4.3,3.4,18.1,13.1,11.8,5.8,1.3,11.2,24.4,7.3,4.6,6.9,14.2,10,9.8,4.9,2.7,8.5,14.1,6.4,5,4.6,10.7,7.5,5.5,4.3,3,10.7,16.4,8.4,6,4.7,14.4,9,7.1,3.7,5.9,7.1,12.4,5.2,4.4,4.6,8.7,6.2,4.5,4.8,1.8,4.9,10,3.5,2.5,3,8.7,4.6,4,2.6,1.7,5.8,10.2,4.5,2.8,3.1,10.4,5.2,4.7,3.5,3.2,4.3,9.7,2.8,2.4,3,7.7,4.1,3.6,2,1.2,166300000
11/1/1979,5.9,11.9,4.2,2.8,3.4,10,5.4,4.7,2.8,1.9,6.9,12.5,5.3,3,3.2,12,6.2,5.5,3.8,3.2,5.1,11.4,3.4,2.6,3.5,8.8,4.7,4,2.2,1.3,12.3,26.4,8.1,4.5,5.7,15.6,11.8,10.6,5.6,2.2,13.5,28.5,9.1,4.6,3.5,17.9,13.2,11.6,6,1.4,11.2,24.4,7.2,4.5,7.3,14,10.2,9.6,5.1,3.1,8.5,14,6.4,5.2,4.9,10.6,7.5,5.5,4.1,3.3,10.5,15.9,8.3,6.3,4.6,13.9,9.1,6.9,3.7,6.2,7.2,12.5,5.2,4.6,4.9,8.9,6.2,4.6,4.4,2,4.9,9.9,3.5,2.5,3.1,8.7,4.5,4,2.6,1.7,5.8,10.2,4.6,2.7,3,10.4,5.2,4.7,3.6,3.2,4.3,9.7,2.8,2.4,3.1,7.7,4,3.6,2,1.2,166051000
10/1/1979,5.9,11.9,4.2,2.8,3.4,9.9,5.4,4.7,2.9,1.9,6.9,12.5,5.3,3.1,3.2,11.9,6.2,5.5,3.8,3.2,5.1,11.3,3.4,2.6,3.6,8.7,4.6,4,2.2,1.4,12.4,26.4,8.2,4.8,5.8,15.7,11.9,10.6,5.7,2.2,13.6,28.5,9.1,5,3.6,17.9,13.4,11.7,5.8,1.3,11.3,24.5,7.3,4.7,7.5,14.1,10.4,9.5,5.4,3.1,8.4,14,6.3,5.1,5.2,10.6,7.5,5.5,3.9,3.6,10.5,16,8.3,6.4,4.6,13.9,9.2,6.6,3.6,6.9,7.1,12.5,5.1,4.5,5.4,8.8,6,4.7,4.1,2.2,4.9,9.9,3.5,2.5,3.1,8.6,4.5,4,2.6,1.7,5.8,10.2,4.6,2.8,3,10.3,5.2,4.7,3.6,3.2,4.2,9.6,2.8,2.4,3.1,7.6,3.9,3.5,2,1.2,165813000
9/1/1979,5.8,11.8,4.2,2.8,3.4,9.9,5.3,4.7,2.8,1.9,6.9,12.4,5.3,3.1,3.2,11.8,6.1,5.5,3.9,3.2,5,11.3,3.3,2.6,3.6,8.7,4.6,4,2.2,1.4,12.4,26.3,8.2,4.9,5.6,15.6,11.9,10.6,5.4,2.5,13.6,28.3,9.2,5.1,3.6,17.9,13.4,11.6,5.6,1.7,11.3,24.4,7.2,4.7,7.2,13.9,10.4,9.5,5.2,3.2,8.4,13.9,6.4,4.8,5,10.5,7.4,5.5,3.9,3.8,10.4,15.7,8.3,6.1,4.6,13.6,9.2,6.6,3.7,7.3,7.1,12.5,5.1,4.1,5.1,8.8,5.9,4.8,4,2.4,4.9,9.8,3.5,2.5,3.1,8.6,4.5,4,2.7,1.8,5.8,10.1,4.6,2.8,3.1,10.2,5.1,4.7,3.7,3.2,4.2,9.6,2.8,2.4,3.2,7.7,3.9,3.6,2,1.2,165431000
8/1/1979,5.8,11.8,4.2,2.8,3.5,9.9,5.3,4.7,2.9,1.9,6.9,12.4,5.3,3.2,3.3,11.8,6.1,5.6,3.9,3.3,5,11.2,3.3,2.6,3.6,8.7,4.5,4.1,2.2,1.4,12.4,26.3,8.2,4.9,5.9,15.6,11.8,10.8,5.6,2.6,13.6,28.4,9.2,5,3.9,17.9,13.3,11.8,5.8,2,11.3,24.4,7.2,4.7,7.5,14,10.3,9.7,5.3,3.1,8.5,14.1,6.4,4.7,4.7,10.5,7.5,5.7,3.8,3.9,10.5,16,8.3,6,4.5,13.7,9.4,6.4,3.4,7.2,7.1,12.7,5.2,4.1,4.7,8.8,5.9,5.2,4.1,2.6,4.9,9.7,3.5,2.6,3.2,8.6,4.4,4,2.7,1.8,5.8,10.1,4.6,2.9,3.2,10.2,5.1,4.7,3.8,3.2,4.2,9.5,2.8,2.4,3.2,7.6,3.8,3.5,2,1.2,165198000
7/1/1979,5.8,11.8,4.2,2.8,3.5,9.9,5.3,4.7,2.9,1.9,7,12.4,5.4,3.2,3.3,11.9,6.1,5.6,3.9,3.2,5,11.2,3.3,2.6,3.7,8.6,4.5,4.1,2.2,1.4,12.4,26.4,8.2,4.8,5.7,15.6,11.8,11,5.6,2.6,13.6,28.3,9.2,5.1,3.6,17.9,13.2,11.9,5.5,2.1,11.3,24.5,7.2,4.6,7.3,13.9,10.3,10,5.7,3.1,8.5,14.2,6.4,4.9,5.4,10.5,7.5,5.9,3.8,3.8,10.6,16.1,8.4,6.9,4.8,13.9,9.5,6.6,3.3,6.7,7.1,12.8,5.1,3.8,5.6,8.7,5.7,5.5,4.3,2.7,4.9,9.7,3.5,2.6,3.2,8.6,4.4,4,2.7,1.8,5.8,10,4.6,2.9,3.1,10.2,5.1,4.7,3.8,3.2,4.2,9.4,2.8,2.4,3.3,7.5,3.8,3.5,2.1,1.3,164970000
6/1/1979,5.9,11.9,4.2,2.8,3.6,9.9,5.3,4.8,3,2,7.1,12.5,5.4,3.2,3.3,12,6.2,5.7,4,3.3,5,11.3,3.3,2.5,3.8,8.7,4.5,4.1,2.3,1.4,12.5,26.8,8.2,4.8,5.8,15.7,11.7,11.3,5.7,2.6,13.8,28.9,9.2,5.2,3.8,18.2,13.1,12.4,5.4,2.2,11.3,24.8,7.2,4.5,7.4,13.9,10.2,10,6,2.9,8.6,14.3,6.5,4.8,6.1,10.7,7.5,6.4,4,3.7,10.9,16.2,8.8,6.8,5.2,14.1,9.6,7.3,3.3,8.1,7.2,12.9,5.1,3.7,6.3,8.8,5.6,5.8,4.6,2,4.9,9.7,3.5,2.5,3.3,8.6,4.4,4.1,2.8,1.8,5.9,10.1,4.7,2.9,3.1,10.3,5.1,4.8,3.9,3.3,4.2,9.5,2.8,2.3,3.4,7.6,3.8,3.5,2.1,1.3,164721000
5/1/1979,5.9,11.9,4.2,2.8,3.7,9.9,5.3,4.9,2.9,1.9,7.1,12.6,5.5,3.3,3.4,12,6.2,5.8,4,3.4,5.1,11.3,3.3,2.5,3.8,8.7,4.5,4.1,2.2,1.4,12.6,27.1,8.2,4.8,5.7,15.8,11.8,11.3,5.7,2.6,13.9,29.2,9.3,5.4,3.9,18.4,13.1,12.4,5.4,2.6,11.4,25.2,7.2,4.3,7.1,13.9,10.4,10.1,5.9,2.6,8.7,14.2,6.6,4.7,6,10.7,7.4,6.5,4.2,3.8,10.9,16,8.9,6.5,5.2,14.1,9.6,7.3,3.7,8.5,7.2,12.9,5.2,3.8,6.3,8.8,5.5,5.9,4.6,2.1,4.9,9.8,3.5,2.6,3.4,8.6,4.5,4.1,2.7,1.8,5.9,10.1,4.7,2.9,3.2,10.2,5.2,4.9,3.8,3.3,4.2,9.4,2.8,2.3,3.4,7.6,3.8,3.6,2,1.3,164459000
4/1/1979,5.9,11.9,4.2,2.8,3.7,9.9,5.4,4.9,3,2,7.1,12.6,5.5,3.3,3.4,12,6.3,5.8,4,3.4,5.1,11.3,3.4,2.5,3.9,8.7,4.5,4.2,2.3,1.4,12.7,27.4,8.2,4.6,5.6,15.8,11.9,11.4,5.8,2.7,14,29.3,9.3,5.4,4.1,18.4,13.3,12.3,5.6,2.5,11.4,25.6,7.2,4,6.8,13.9,10.4,10.3,6.1,2.8,8.8,14.3,6.7,4.9,6.2,10.9,7.4,6.6,4.5,3.6,11,16.1,9.1,6.5,4.5,14.3,9.6,7.3,4.3,7.3,7.4,13.1,5.2,4.1,6.7,9,5.6,6.1,4.7,2.3,4.9,9.8,3.6,2.6,3.4,8.6,4.5,4.1,2.7,1.8,6,10.2,4.7,2.9,3.3,10.2,5.3,4.9,3.9,3.3,4.2,9.4,2.8,2.3,3.5,7.5,3.8,3.6,2,1.3,164162000
3/1/1979,6,12,4.3,2.8,3.8,9.9,5.4,4.9,3,2,7.2,12.7,5.5,3.2,3.5,11.9,6.3,5.9,4.1,3.3,5.1,11.4,3.4,2.6,3.9,8.7,4.5,4.2,2.3,1.4,12.7,27.8,8.2,4.6,5.6,15.8,11.9,11.5,6.1,2.7,14,29.3,9.2,5.5,4.4,18.3,13.3,12.4,5.7,2.7,11.6,26.3,7.2,3.9,6.5,14,10.5,10.5,6.4,2.7,8.9,14.4,6.8,4.8,6.9,10.9,7.5,6.5,4.7,3.9,11.2,16.4,9.2,6.4,4.2,14.3,9.9,7.4,5.1,7.6,7.4,12.9,5.3,4.1,7.7,9.1,5.5,5.9,4.4,2.5,5,9.8,3.6,2.6,3.4,8.5,4.5,4.2,2.8,1.9,6,10.2,4.7,2.9,3.4,10.1,5.3,5,3.9,3.3,4.2,9.4,2.8,2.4,3.5,7.5,3.8,3.6,2.1,1.3,164027000
2/1/1979,6,12.2,4.3,2.8,3.8,9.9,5.4,5,3,2,7.2,12.8,5.5,3.2,3.5,11.9,6.4,5.9,4.1,3.3,5.2,11.6,3.4,2.6,3.9,8.8,4.6,4.2,2.3,1.5,12.8,28.1,8.2,4.7,5.3,15.9,12,11.6,6,2.7,14.1,29.6,9.4,5.6,4.3,18.4,13.4,12.6,5.7,2.8,11.6,26.7,7.1,3.9,6.1,14,10.4,10.6,6.4,2.5,9,14.6,6.9,4.9,8.1,11.1,7.5,6.5,5.4,4.7,11.4,16.8,9.3,6.3,3.4,14.5,9.9,7.7,6,7.2,7.5,12.9,5.4,4.3,9.4,9.2,5.5,5.8,5,3.7,5,9.9,3.6,2.6,3.4,8.5,4.6,4.2,2.8,1.9,6,10.3,4.7,2.9,3.4,10,5.4,5,3.9,3.3,4.3,9.6,2.8,2.4,3.5,7.6,3.9,3.6,2.1,1.4,163726000
1/1/1979,6.1,12.3,4.3,2.9,3.7,10,5.5,5,3.1,2,7.2,12.9,5.5,3.3,3.3,11.9,6.4,5.9,4.2,3.4,5.2,11.7,3.4,2.6,3.9,8.8,4.6,4.3,2.4,1.5,12.8,28.3,8.1,4.6,5.1,15.9,11.9,11.6,6.3,2.7,14.1,29.7,9.3,5.4,4.3,18.2,13.5,12.6,5.9,2.9,11.6,26.9,7,4,5.8,14.1,10.3,10.4,6.7,2.5,9.2,14.8,7.1,5.2,8.6,11.4,7.5,6.6,6.2,5.2,11.5,17,9.3,6.9,3.4,14.6,9.8,7.8,6.8,7.4,7.8,13.3,5.7,4.4,10.2,9.6,5.5,5.8,5.8,4.3,5,10,3.6,2.6,3.4,8.5,4.6,4.2,2.8,1.9,6,10.4,4.7,2.9,3.2,10,5.4,4.9,4,3.3,4.3,9.7,2.9,2.5,3.5,7.6,3.9,3.7,2.1,1.4,163516000
12/1/1978,6.1,12.4,4.3,2.9,3.8,10,5.5,5,3.1,2,7.3,13.1,5.6,3.3,3.4,12,6.5,5.9,4.3,3.5,5.3,11.8,3.4,2.7,4.1,8.8,4.7,4.3,2.4,1.5,13,28.7,8.2,4.6,5.2,16,12,11.7,6.4,2.8,14.3,30.3,9.3,5.4,4.1,18.4,13.5,12.8,6,3,11.7,27.2,7.1,4.1,6,14.3,10.4,10.6,6.8,2.7,9.3,15,7.2,5.1,9.3,11.5,7.6,6.7,6.4,5,11.6,17.1,9.5,6.9,3.3,14.7,10,8,7,6.4,7.9,13.5,5.7,4.3,11.1,9.8,5.6,5.8,5.8,4.4,5.1,10.1,3.6,2.7,3.5,8.5,4.7,4.2,2.8,1.9,6.1,10.5,4.7,3,3.3,10.1,5.5,5,4,3.4,4.4,9.7,2.9,2.5,3.6,7.6,4,3.7,2.1,1.4,163272000
